OBJECTID,LAD22CD,LAD22NM,BNG_E,BNG_N,LONG,LAT,GlobalID,SHAPE_Length,SHAPE_Area
1,E06000001,Hartlepool,447160,531474,-1.27018,54.67614,{91D6B402-9E72-48F2-9E1F-76A00F575D94},50737.9098442795,96607268.5311679
2,E06000002,Middlesbrough,451141,516887,-1.21099,54.54467,{53D8BA20-F37C-4232-A792-A9F68FA1F23D},35500.2899879195,55230925.9235076
3,E06000003,Redcar and Cleveland,464361,519597,-1.00608,54.56752,{6FF8878D-8B1B-4099-94A8-505BEBDE2919},85092.5324924677,248289166.844616
4,E06000004,Stockton-on-Tees,444940,518183,-1.30664,54.556911,{ADA829F1-C20B-4741-AD97-1458FA9B1EEE},88846.5766044065,205216887.412805
5,E06000005,Darlington,428029,515648,-1.56835,54.535339,{276BAF32-5618-47FB-A697-A017F9FEB96A},91926.539762412,198811930.495218
6,E06000006,Halton,354246,382146,-2.68853,53.33424,{F2549E37-92D0-465E-9284-328D36F42C55},67035.6072432394,80374511.3342783
7,E06000007,Warrington,362744,388456,-2.5616701,53.391628,{0D38C1DB-BB16-4E6B-8E81-A286AD44BC92},72275.5255247822,178559431.457207
8,E06000008,Blackburn with Darwen,369490,422806,-2.4635999,53.700802,{77B4F00D-C26D-4DC1-83BD-C11C848F0108},55099.1507003377,139386373.737607
9,E06000009,Blackpool,332819,436635,-3.0219901,53.82164,{1038D4E2-C80D-40F7-97C3-E431F9600CAD},29842.0467813647,33560284.3392139
10,E06000010,"Kingston upon Hull, City of",511894,431650,-0.30382001,53.769199,{FC95030D-89C4-4D6C-8CF7-7D0BE7B29158},40935.1829504759,70875062.3698061
11,E06000011,East Riding of Yorkshire,488056,443597,-0.66194999,53.881119,{C716DC35-D98D-4EB3-B905-FEF0C76278B9},344634.30801606,2407839432.8132
12,E06000012,North East Lincolnshire,523465,404564,-0.13911,53.52327,{D0755448-E024-4B77-9A1D-19FB476417C1},78299.1136658372,190561609.061384
13,E06000013,North Lincolnshire,497800,410993,-0.52407002,53.58643,{1F179DC7-BEC2-4D89-9A5B-63F34F75EBA1},183044.892871652,849079707.770056
14,E06000014,York,460864,452589,-1.07375,53.96582,{6CC6B8C5-E1D3-46CB-B3C0-8724BC24DE0A},84242.7525994525,275329708.969658
15,E06000015,Derby,435609,335375,-1.47189,52.914639,{013C84B4-7A34-4497-8B31-8C2D975C8CAF},40201.8369858684,78270268.2160091
16,E06000016,Leicester,458946,304594,-1.1303999,52.635921,{6C954AB4-8C62-47CD-A2F4-094183CF42C4},40830.2301887663,73589165.1551729
17,E06000017,Rutland,492992,308655,-0.62629998,52.667648,{8C502E2A-234B-4C2D-8495-FCBFF7498354},96479.7968339204,391236167.880687
18,E06000018,Nottingham,456082,339969,-1.16667,52.954189,{8F3E9A3A-B02B-4D22-9507-A0D53F67A09D},49574.8901430337,75870408.955196
19,E06000019,"Herefordshire, County of",349434,242834,-2.73931,52.081539,{72225E4F-4685-4B82-BA10-66112E045D93},285423.207022993,2180535242.10475
20,E06000020,Telford and Wrekin,367035,313057,-2.4894099,52.714169,{3B23AA7F-C478-49BE-8B03-A31EE056BBE1},93575.5081693578,291803346.062886
21,E06000021,Stoke-on-Trent,389438,346652,-2.15888,53.017071,{BDAC0C6A-0A17-42E7-8962-448FD9465F28},51303.9763566544,92988898.0326068
22,E06000022,Bath and North East Somerset,366217,161999,-2.4865401,51.356041,{285AE967-41DF-4702-B910-37F55D9A7C85},107062.696328706,348611816.210552
23,E06000023,"Bristol, City of",359990,174846,-2.57742,51.471149,{56EAEA1C-A6E3-45A8-9C4D-1F729BF49806},77597.7715711395,111321249.288753
24,E06000024,North Somerset,347614,166718,-2.75438,51.39706,{1854213D-F2B5-4F2B-A1D9-978FC66A7996},114746.543242535,373571728.205943
25,E06000025,South Gloucestershire,367559,183198,-2.4692199,51.54673,{61621B0E-BD12-4A41-BF1F-C35293FF1AF7},114719.593974583,500483844.765177
26,E06000026,Plymouth,249945,58255,-4.1129699,50.404942,{7F35A66A-7ACB-454B-A5A2-A47F3FE9D9DB},56400.7779554122,81990937.2854935
27,E06000027,Torbay,289730,64613,-3.5552299,50.470921,{7A8F95DE-2679-456A-B9FE-232C7C6DD714},55444.3423163654,65488457.4957281
28,E06000030,Swindon,418551,186564,-1.73367,51.577629,{20AB4254-78BB-4D4C-81AE-5142457C65F2},83669.7474148242,227716487.290894
29,E06000031,Peterborough,517372,300777,-0.26874,52.59214,{F5DB7515-A227-4F2E-A1C3-8E1AAE80DCDD},97208.3826482827,341526539.430695
30,E06000032,Luton,508606,222559,-0.42319,51.891022,{81173D24-838F-477F-8F53-5E9DB2B786A7},30772.5559397546,44068117.7992678
31,E06000033,Southend-on-Sea,587777,186837,0.70692301,51.549171,{357B16F3-49BC-438C-9921-18A1EA31F389},33038.5577183714,44407807.2787693
32,E06000034,Thurrock,562123,181590,0.33486101,51.509979,{00983F2C-A27A-4952-9135-44132646F12A},73501.3032860924,161607747.366359
33,E06000035,Medway,578207,175198,0.56317401,51.44772,{F3CDADF8-D832-48D8-AEFB-A916ED756BC4},115776.742081311,190701086.129565
34,E06000036,Bracknell Forest,488169,168792,-0.73363,51.411301,{6BBD8E91-1D68-4491-918F-ADC87E8869C4},57917.0191370737,108233672.335584
35,E06000037,West Berkshire,450575,172095,-1.27364,51.445591,{47364D52-983A-412C-9F21-2B5B6301848B},143114.367335356,701219073.063533
36,E06000038,Reading,470226,173154,-0.99071002,51.453018,{2FC02C7F-AEF9-4D35-9D71-11A6D470F6CA},30503.6581771377,41325773.8645833
37,E06000039,Slough,498920,179246,-0.57617003,51.503502,{BA1D8073-EAE1-480B-B065-8852A61330D3},37004.410991067,32202299.0038633
38,E06000040,Windsor and Maidenhead,492079,176541,-0.67540997,51.480339,{A11797E6-2D43-4FE3-B83B-B5177E2B3355},102785.787238975,197866882.700288
39,E06000041,Wokingham,476624,169902,-0.89934999,51.422958,{B92523E2-A860-433A-9C95-44DF8A2862C2},75871.9283701684,179128214.896753
40,E06000042,Milton Keynes,486408,242308,-0.74070001,52.072411,{0D4821A7-8EA0-4489-A4CC-C251CF5EC396},87925.1957102169,309327071.285573
41,E06000043,Brighton and Hove,530279,106850,-0.15079001,50.8465,{465759B8-9E3F-4277-B5C6-439DE9B6EF6D},48484.0925242121,85541636.4804514
42,E06000044,Portsmouth,465619,101352,-1.07006,50.807999,{5E9AB634-99C6-4F2E-BABF-F8F45932DF73},54663.3952186733,38542607.6093166
43,E06000045,Southampton,442303,113700,-1.39952,50.9212,{A0541BFB-3F93-45F7-B90D-2B4CC6BA0342},37973.1530773138,51630345.7373127
44,E06000046,Isle of Wight,447183,85949,-1.33366,50.671291,{F946373B-5178-4057-889C-0CF0B8FF212B},114572.04562551,379785983.256247
45,E06000047,County Durham,410381,532242,-1.8405,54.685131,{7B970D59-D438-4B21-8770-EA912E794D32},264025.107042483,2231232702.4091
46,E06000049,Cheshire East,380510,363462,-2.29299,53.167931,{A8266A58-5B90-4AEC-B28A-AE2D1497D585},236391.60221721,1168794653.97689
47,E06000050,Cheshire West and Chester,353097,363145,-2.70298,53.163361,{32C99A63-DA21-42F4-91B4-72775A63E78F},226884.212047228,919483812.84369
48,E06000051,Shropshire,350227,302960,-2.73667,52.62212,{39415456-F8D6-4E1E-BDF2-E0B1890AB154},469625.315115825,3188263381.39308
49,E06000052,Cornwall,212497,64493,-4.64254,50.450218,{C10FFC72-27A7-47A0-8E10-3E6B4466B890},561774.196729257,3573835357.34224
50,E06000053,Isles of Scilly,91327,11447,-6.3021698,49.923321,{656D724E-3F4A-4684-B320-0E27EE2280CB},40388.2064704666,13574584.3039237
51,E06000054,Wiltshire,405209,158863,-1.92661,51.328831,{53ACA724-CEAF-40FD-9342-189EA3E6A474},348942.124904148,3258225563.67431
52,E06000055,Bedford,505721,256463,-0.45462999,52.196281,{4E5524B0-2CFD-4A71-849D-1C3D4D89041A},115792.615220289,474719272.552936
53,E06000056,Central Bedfordshire,504615,234492,-0.47753999,51.999031,{A40A4B7A-6942-4551-A404-B8F54616AC2B},200739.438519426,709157751.56045
54,E06000057,Northumberland,395322,600700,-2.0752299,55.300381,{5A578D9D-4643-442A-B0F1-7252F8A4B180},445869.980967768,5032155816.44699
55,E06000058,"Bournemouth, Christchurch and Poole",410815,94066,-1.84807,50.74609,{56ADC7DE-4635-46EC-AE94-4F1A6B0A727B},94581.0157941255,162214515.354613
56,E06000059,Dorset,370871,99796,-2.41467,50.79697,{AE6E0E8A-C001-4EB1-8E07-20EF2B404F5F},402010.032663945,2489188755.12703
57,E06000060,Buckinghamshire,482506,208561,-0.80568999,51.769661,{0A0B4A72-6369-4171-B49B-DF250D51641E},301444.184136699,1572311700.70706
58,E06000061,North Northamptonshire,493590,281718,-0.62503999,52.425461,{12FBB47D-DF2C-49CB-9E38-19CA5660954F},173357.214493491,993517902.086661
59,E06000062,West Northamptonshire,467187,263879,-1.01682,52.268978,{5994E46B-A1D5-4D1A-BF30-9E6EE654296A},214647.345860117,1374391045.6933
60,E07000008,Cambridge,545420,257901,0.126436,52.200169,{5C81395B-5EA3-41A8-8843-2407DC2AAE51},30617.9932498982,40206167.0287037
61,E07000009,East Cambridgeshire,555576,275765,0.283149,52.35788,{A80A40E6-416C-4517-88B9-7D9B141C1A53},166638.054583718,657743069.846154
62,E07000010,Fenland,536361,294959,0.0090159997,52.535439,{69EB47E3-4366-40B3-B3A8-62F7BED08001},136403.362605862,548320827.811337
63,E07000011,Huntingdonshire,521008,274269,-0.2247,52.353149,{CE194C5F-EA01-422C-B0E7-0180A18AF5C0},193568.311132942,911218072.95827
64,E07000012,South Cambridgeshire,543295,247586,0.091017,52.108051,{FBDFCC3E-33A7-4792-A5F2-483D4CF80E23},225222.436634442,898577989.58368
65,E07000026,Allerdale,317520,532997,-3.2809,54.685242,{6639CDB9-5FED-4853-B258-739A8872AF67},206781.149419302,1256052202.05716
66,E07000027,Barrow-in-Furness,321741,474165,-3.1998999,54.15731,{9248F368-1975-494A-A985-4C0D1B7C97E0},86725.6411929702,74093743.4482655
67,E07000028,Carlisle,348576,565154,-2.80498,54.978329,{8E5DB715-0FD9-4B5D-803A-1DE9B97915E8},180857.265134792,1039189007.99498
68,E07000029,Copeland,310871,508739,-3.3766401,54.466171,{99C55521-22F7-452D-8003-34AAC6B876D1},140827.357198213,741784084.937742
69,E07000030,Eden,359636,526396,-2.62678,54.631069,{9A89E3D0-8254-48D7-BD7F-DEB07471CCFD},236152.072184041,2159498948.082
70,E07000031,South Lakeland,349265,489555,-2.78108,54.29908,{6E32EB70-EDD0-467A-B4B7-A2B01C809F9F},242420.406290344,1557967071.82344
71,E07000032,Amber Valley,436166,348084,-1.46219,53.028839,{8C417107-29DD-4CE3-88E3-D3024FB3F28F},85444.531445109,267682039.762367
72,E07000033,Bolsover,448666,371548,-1.27228,53.23875,{7E01028B-BB10-469E-A6E8-AAA5A8D841FC},82095.5554952719,160954362.010898
73,E07000034,Chesterfield,440049,373359,-1.40115,53.255749,{C50579CA-A4F4-4599-91AB-265E521E8A41},41461.8498028334,65539249.552627
74,E07000035,Derbyshire Dales,419697,358493,-1.70711,53.12326,{486BB6FA-438F-4EE1-BDFE-2C5A4E205FB7},197736.811906444,795379915.31263
75,E07000036,Erewash,443721,338063,-1.3509001,52.938202,{D99B6844-8251-49C3-AE8B-0952FF3F9A1E},57580.622577382,108863746.303894
76,E07000037,High Peak,410474,387660,-1.84398,53.385689,{9EE652B8-0553-46F4-9B30-05635934D9F6},133612.853765193,539851662.517695
77,E07000038,North East Derbyshire,437369,362955,-1.44253,53.16243,{D4D57FFA-2957-4006-8ECE-E26B6D117660},129085.358021405,274741983.818013
78,E07000039,South Derbyshire,431443,325363,-1.5348001,52.824902,{32543313-B3E9-44F5-8758-2DE88481533D},128744.995578957,336648416.080643
79,E07000040,East Devon,313787,96051,-3.22364,50.75761,{E24480AC-829F-43E8-AE57-37D2B635CCAD},169113.580971059,816965903.936971
80,E07000041,Exeter,293239,92005,-3.51368,50.717819,{4CC3BEE1-3766-40FE-BC05-CFC4180DD5C4},30580.507907487,46524189.2298873
81,E07000042,Mid Devon,288064,108911,-3.5921199,50.86882,{91C661CA-17F7-443C-AF80-C6073C69254C},204268.652677482,906819152.071582
82,E07000043,North Devon,265110,132532,-3.9269099,51.07621,{10FD7DE4-529C-44C4-BF41-B86A8189B433},202435.517191595,1089332611.32034
83,E07000044,South Hams,270676,54036,-3.8199601,50.371948,{CC5CFD06-5305-4204-9364-1F064BC3F6CC},244985.707104992,890099148.748228
84,E07000045,Teignbridge,283144,80205,-3.65289,50.60981,{AA495CF3-3C5D-4CD7-863D-106E6B91FE30},133162.294009745,677091605.622068
85,E07000046,Torridge,244206,114334,-4.2172799,50.907391,{03B2C60E-19D7-4855-A7C5-A7D0887317AE},225505.290172873,984734235.645958
86,E07000047,West Devon,256376,86990,-4.0336099,50.66481,{8127F025-FACE-4D96-9B8D-39DF13A661E8},203924.543688515,1167188528.34972
87,E07000061,Eastbourne,559339,99575,0.25851601,50.773869,{C818F453-32E1-43FB-A8CE-65E7D6417834},29562.5063486801,44442084.9620626
88,E07000062,Hastings,581528,110694,0.57839501,50.867241,{6158E843-2317-4A14-A881-9C53E4361BEF},27845.7254196628,29507839.3522241
89,E07000063,Lewes,541474,105686,0.007671,50.833408,{3D3AF336-2582-4BCA-B47B-2763AB54EEAB},93913.4189444151,292693920.760815
90,E07000064,Rother,578721,119666,0.54293698,50.948711,{2923A7A1-EC13-4627-81AC-421E711BFEFF},134126.28731985,515950032.391843
91,E07000065,Wealden,555048,117180,0.205156,50.93322,{469BBABE-A017-4166-A784-A4ADE20C7FC3},169001.552074662,839308013.068477
92,E07000066,Basildon,571548,190848,0.47505501,51.590359,{FA0A5A4E-452F-4D2C-9F8F-4792FA5E15DE},49750.296546838,110668313.399604
93,E07000067,Braintree,577253,227335,0.57591099,51.91634,{43698A1D-9563-4640-A2B9-F344C03366D9},131727.844252915,612575008.401259
94,E07000068,Brentwood,558560,196070,0.29009101,51.641079,{2E87B728-961C-4A1A-BC6B-267403237E3E},62499.6746766788,153037243.983381
95,E07000069,Castle Point,579490,187920,0.58808398,51.561588,{D5923847-6A37-4313-9065-EE02B8700D84},36373.3525349644,44147776.9158727
96,E07000070,Chelmsford,572116,206972,0.49117699,51.735031,{76BEDDE4-0941-425F-88FA-4FC0676DE8DB},94187.1167627565,340537513.55629
97,E07000071,Colchester,596944,223693,0.85977697,51.877022,{D42EB7B8-6089-497B-97DF-97C3886AC93C},131170.435929482,328531019.633762
98,E07000072,Epping Forest,548919,203759,0.154147,51.712799,{B07D2564-8F48-43C0-BCA3-2A045807FDD7},101264.456921356,339300918.132958
99,E07000073,Harlow,545276,209589,0.103888,51.76614,{6D1EFA26-49C2-45BD-B8D1-EB00528FCBD1},22091.2206166716,29849413.0761565
100,E07000074,Maldon,591413,212072,0.77310598,51.774578,{4A38289F-B58A-43B5-8738-5AAE38AEF078},160733.467403196,358354435.981934
101,E07000075,Rochford,585979,191417,0.683442,51.5909,{C0FE2931-2F96-4ACD-843A-9157365105DD},106538.295586654,168434463.344587
102,E07000076,Tendring,614190,222141,1.108981,51.856739,{18031E56-947E-4E19-8421-4DB459E8BB08},143575.386770316,329202834.93948
103,E07000077,Uttlesford,557832,228865,0.294485,51.935921,{70E12C16-B9DA-44E4-8F31-EFD04690A7EF},138938.040571171,645320889.812212
104,E07000078,Cheltenham,394925,222232,-2.07515,51.898609,{3A6D39B3-F003-456C-A414-052A7D9FDB8F},31000.6848909493,46538844.812369
105,E07000079,Cotswold,402125,208209,-1.97059,51.772549,{55491F0F-5224-47A4-9FEC-7B7B4D876BDB},275897.200205905,1167759352.59165
106,E07000080,Forest of Dean,367175,212759,-2.47755,51.812489,{C1C42639-7E90-40E6-89F4-0DE6CD714D73},166729.081748639,542674810.657128
107,E07000081,Gloucester,384071,216449,-2.23263,51.846409,{058AC0A2-0CE4-4F29-8FA1-5D735966DD35},28016.6059928331,40596281.2724182
108,E07000082,Stroud,378807,202410,-2.3081801,51.720009,{89A1602C-AA9D-49C3-8228-A64023E95582},142776.150311486,472510855.009867
109,E07000083,Tewkesbury,386347,226279,-2.19998,51.934849,{49E16A28-F30F-4D11-9E74-C978BB794AC0},170210.558560995,413498686.999888
110,E07000084,Basingstoke and Deane,454508,151423,-1.22021,51.259369,{9F960E49-63F1-43FA-A91E-2737AD020C8E},122974.773844334,634615589.581919
111,E07000085,East Hampshire,474405,129237,-0.93970001,51.057652,{68BBDB08-44C6-4D42-8912-54652E99813B},125531.187825108,513770941.215871
112,E07000086,Eastleigh,447199,116807,-1.32947,50.948761,{34A37AD5-C56C-415E-8048-62A869B5C1B3},54533.3788114187,77688558.1833765
113,E07000087,Fareham,453774,106319,-1.23742,50.853882,{3A87C84D-735B-4251-BEB0-6EF62553E28C},49793.8620466025,73071593.8069201
114,E07000088,Gosport,458769,101088,-1.16731,50.806358,{743D9EA6-6895-422E-B683-E3357A03D1FE},28825.1990503112,25670936.792397
115,E07000089,Hart,477985,154240,-0.88321,51.281971,{3BA36FA8-3481-4881-AF10-FF759CF7F9F9},65754.7794881366,213323430.307491
116,E07000090,Havant,470178,108564,-1.00398,50.872311,{2D13A6E5-0602-4444-B694-385A2064D3D6},61332.199574085,56149346.9988979
117,E07000091,New Forest,428748,106521,-1.59293,50.857479,{012089DC-A594-4984-A0CF-E8475009FAF3},171867.792074295,754643018.067843
118,E07000092,Rushmoor,486022,153944,-0.76806998,51.278149,{B3097BEB-D30F-4236-BE64-716DA734D2EF},26427.419434277,39413424.6417494
119,E07000093,Test Valley,434930,137329,-1.50214,51.134171,{0837F3B1-C239-44EE-8030-30D06709F7BE},159950.769667871,626161979.299859
120,E07000094,Winchester,453115,125901,-1.24393,51.030022,{39A633BA-BA3E-4ECF-AEC4-19C3FFA6B61D},142819.098115272,660906127.455697
121,E07000095,Broxbourne,534742,204251,-0.050730001,51.720798,{891913A4-1202-48C2-B8CE-59FEFB1820F9},34985.1174825521,51741960.4562256
122,E07000096,Dacorum,500084,208745,-0.55097997,51.768452,{8F5314D6-6A3B-4799-A4B0-537B8731F92F},93294.9010512067,214917778.979972
123,E07000098,Hertsmere,519774,199352,-0.26899001,51.680168,{B9876387-6705-40ED-A7E6-EF1BBB175BFE},52254.8720699896,99199125.2809976
124,E07000099,North Hertfordshire,522191,230255,-0.22315,51.957371,{2B4936C6-F4BF-4551-B282-52D21FCB9B33},142743.606623634,372012215.268376
125,E07000102,Three Rivers,507313,196418,-0.45005,51.656319,{261747DD-F842-4F3C-BBAE-1DF570354D8B},64616.2564219806,88925907.7578963
126,E07000103,Watford,510441,198197,-0.40428999,51.6717,{11369D4F-4521-4B10-997D-9F6B26B598AF},21681.0689370759,22713922.5565036
127,E07000105,Ashford,597640,140644,0.82337397,51.130959,{4124A1C6-479A-4CE7-8613-10102A7D6E91},122616.908222331,582956339.772679
128,E07000106,Canterbury,616032,158096,1.096342,51.281021,{696F3ADA-7927-4443-BF10-527C9F4ED177},95753.7124344633,308412276.63647
129,E07000107,Dartford,556167,172917,0.245276,51.433731,{94C31EF6-56F5-4162-9B7C-E85F91BB0144},44121.1980499527,72779349.2042414
130,E07000108,Dover,628964,150942,1.2768871,51.211761,{DBE70093-71C3-4139-BE9F-31E778194B85},93266.3744074426,315191259.402167
131,E07000109,Gravesham,566969,169114,0.39874399,51.396488,{3EC6F6A5-7C67-42FE-9F7D-241BD44D1EF7},50005.3799048343,96057776.9174966
132,E07000110,Maidstone,580489,151670,0.58406103,51.235661,{9BC102AD-5BB7-488A-958F-3E5C26F816AC},101298.680377461,392203482.572577
133,E07000111,Sevenoaks,552776,155218,0.188936,51.275631,{9AB9CEC3-662C-4595-8946-3F9697FF694A},111493.743499304,370531322.791198
134,E07000112,Folkestone and Hythe,610318,134595,1.000795,51.072128,{7F5A0F7F-C364-4506-AA12-68325606149D},128022.342375488,359742399.560284
135,E07000113,Swale,593583,161818,0.77689302,51.32251,{4EB6C1D7-799A-4C29-BB38-E18C8989BD07},176774.125603449,369647334.758828
136,E07000114,Thanet,631839,166752,1.328226,51.35252,{1DE2920D-5FD0-4221-A2C6-FFC873513299},46106.89121095,104187100.636687
137,E07000115,Tonbridge and Malling,564014,153898,0.34930599,51.260639,{09E78773-3633-430C-8DAF-0107F599D1E8},91656.1050015899,243612937.182327
138,E07000116,Tunbridge Wells,573139,136599,0.471632,51.102539,{9C194884-5FCE-41B9-B61D-3B687A230692},117002.266002967,327429108.5882
139,E07000117,Burnley,384886,430882,-2.2307999,53.774059,{D65BB43F-8F96-48DB-9C54-2784A8B60E36},48840.2610450495,111744584.534855
140,E07000118,Chorley,359189,419724,-2.61921,53.672401,{045AB3F0-B2E1-4F8E-8496-2B91200A94B4},77347.8833835701,202983750.710589
141,E07000119,Fylde,339554,433811,-2.9191401,53.797089,{C4A7A807-E55D-448C-9DF8-C239AA0ACB8E},71097.5684061639,163602104.396406
142,E07000120,Hyndburn,374407,428971,-2.3896401,53.756481,{8AFA0525-6FDE-4016-A301-C1A1530238BF},36632.7068267533,73415839.3484011
143,E07000121,Lancaster,356896,464988,-2.6603,54.07901,{6955920E-4FE2-435D-B615-9E8173492FD7},182210.356251051,569231141.001972
144,E07000122,Pendle,387637,443368,-2.18957,53.88636,{13031039-03FD-420D-B7D5-E123A2A8914B},66104.8783597392,166912809.701308
145,E07000123,Preston,352825,436432,-2.7180901,53.822021,{4C4828A6-BAC1-4E2B-AC52-BFB2928C9A6D},61312.1296424002,142889476.662727
146,E07000124,Ribble Valley,372687,447676,-2.4173999,53.9245,{DFD1BE4B-C03A-4F7C-AB65-AFEDCD0256D4},127823.438886349,582688304.384141
147,E07000125,Rossendale,382827,420955,-2.2614901,53.68478,{3A85CA31-EE53-4641-A27C-0DCD854A8EF3},62470.7877648985,136992518.340241
148,E07000126,South Ribble,352017,425840,-2.7287099,53.726749,{5D4D78C1-6939-477C-B081-DB3B428C32D6},71341.7657031711,114229259.371515
149,E07000127,West Lancashire,342611,413270,-2.8689301,53.612831,{3559EA84-27D0-4D73-A334-616EF6BCC3E5},113411.195388733,346459060.888896
150,E07000128,Wyre,347295,445159,-2.8035901,53.89991,{9FFB0712-E0AA-46C4-B6C7-D7395524E136},115522.869353078,285137225.383797
151,E07000129,Blaby,454385,297994,-1.1988699,52.577061,{66B2A2F1-6D02-4A06-93CE-C552B36DE5E2},80278.7476985504,130075520.505957
152,E07000130,Charnwood,458365,316155,-1.13694,52.739899,{2A5A5AAA-DFB2-4B13-8AF4-834FB0154B67},93463.6857726213,275627407.956402
153,E07000131,Harborough,474549,293875,-0.90228999,52.537659,{B8ACD593-0BD2-4487-B6FA-C11562983C2E},142557.388323314,595940981.590128
154,E07000132,Hinckley and Bosworth,439538,301379,-1.41755,52.608768,{F7839708-867C-4ABA-B9E5-81F0CD30D865},93517.8416562169,300065242.895738
155,E07000133,Melton,477328,323472,-0.85439998,52.803291,{7D052A3C-A568-4165-AB89-D96D4412ECE5},116588.545522862,484034104.69716
156,E07000134,North West Leicestershire,439111,316252,-1.4220901,52.7425,{BC582503-357E-41D7-85F3-055411D3BBE9},95775.8992392215,278295791.04583
157,E07000135,Oadby and Wigston,461543,299379,-1.0930001,52.588749,{1383E7E5-435A-4D2D-B603-DC8FC7B93417},23050.2510544195,23221816.1054285
158,E07000136,Boston,526851,343953,-0.11218,52.97794,{8025AFD6-B803-469E-80BD-297ABB76E434},100883.571106818,365282661.188518
159,E07000137,East Lindsey,534861,376064,0.020516001,53.264462,{28E8847E-DB96-4AFC-99CB-4A4C3AC09EDC},229904.105055653,1774451309.0041
160,E07000138,Lincoln,496347,370096,-0.55848002,53.219212,{FE54ABF8-0BEE-4488-8728-07CEC7B3CBFE},28546.9242862253,34776950.2810334
161,E07000139,North Kesteven,502135,354788,-0.47670001,53.080582,{7EEDC613-EB60-48ED-9921-570CC61061F6},163501.578604876,921048722.356989
162,E07000140,South Holland,532910,322928,-0.03057,52.787579,{356AA7F8-53FA-4378-8B3F-FEBBAC927BFF},145693.667145428,754585539.225265
163,E07000141,South Kesteven,501406,328986,-0.49564999,52.84885,{AB3DC631-022E-42FB-B2E7-DCB313D3663D},184693.748462722,942016151.783141
164,E07000142,West Lindsey,499314,390326,-0.50774002,53.40044,{6A3226FF-9D5F-4EB4-B327-6CE607AF581F},221131.57098712,1158109284.88886
165,E07000143,Breckland,591015,303330,0.81871599,52.594212,{EE0EFB28-2285-4C16-86D5-D0E6121F79C3},206994.66008804,1301635048.58866
166,E07000144,Broadland,619864,315909,1.252317,52.69622,{766810A6-4D4D-4BB3-9A89-5CA6273DB11A},166620.937104935,552430244.792938
167,E07000145,Great Yarmouth,646761,315881,1.64951,52.684391,{CB780A45-3164-47E2-AFAA-CEE8762098E4},73942.9458353854,182196423.00149
168,E07000146,King's Lynn and West Norfolk,571219,315805,0.533243,52.71283,{43B76D47-71F3-492A-9D73-7142B794BD6F},287891.30470923,1432753273.84895
169,E07000147,North Norfolk,611076,330857,1.132099,52.833889,{494071AD-6A00-4FC8-A987-1D8F09730956},229192.166309024,958233983.404332
170,E07000148,Norwich,622355,309773,1.284979,52.640129,{FA2888BE-46C7-4E71-A05D-3781ACD2295C},35520.1863993806,39013151.4367518
171,E07000149,South Norfolk,628990,295823,1.373233,52.51218,{709F3DD4-0691-452A-B2A5-C05C8E6D6081},197322.645126464,908232278.959423
172,E07000163,Craven,389513,461989,-2.16168,54.053761,{44340726-C916-4486-B4EA-9451182FD4CB},173493.031120216,1183445028.68083
173,E07000164,Hambleton,443009,490546,-1.34049,54.30872,{0B900C83-1557-4AA9-8779-84363DCE96DC},256073.292941543,1309014777.24638
174,E07000165,Harrogate,427473,464652,-1.58161,54.07708,{7AF94B59-FDC8-4864-A3F7-D08014A30D8B},211576.358139345,1306604811.82486
175,E07000166,Richmondshire,401039,495786,-1.98552,54.357609,{890BEEF4-00EF-41B7-B491-24C7499B80C7},196158.860431074,1322210844.88815
176,E07000167,Ryedale,474645,478532,-0.85734999,54.197128,{5F30FC7A-A73E-4ACD-8DFD-D73C54C41E8C},253964.998169111,1581940750.20378
177,E07000168,Scarborough,487119,504929,-0.65851003,54.432339,{E02C264F-A673-4F11-ADCD-25618139D80E},188089.632808881,743142101.01002
178,E07000169,Selby,457551,426670,-1.1290801,53.733269,{74493323-0BE9-4891-BB3F-C8F75941C2B8},145972.383478094,606340342.182871
179,E07000170,Ashfield,450035,355843,-1.25422,53.097469,{994F9DCA-C220-4A9E-9EA6-3107D888247B},57593.0717804366,108522403.749187
180,E07000171,Bassetlaw,468073,384835,-0.97869998,53.356041,{0712FE19-E17D-4CBE-9FBF-C2F0E296FBF1},136468.872395384,639297045.67208
181,E07000172,Broxtowe,449829,341893,-1.2594399,52.972099,{94EEFC62-E71D-41C7-BA83-6BE524E98F0B},52747.4604870688,79450647.7408816
182,E07000173,Gedling,459184,347811,-1.1190701,53.024342,{6112DFD4-42AE-4BEE-9C46-C8297888369B},59267.8599647837,120120105.895253
183,E07000174,Mansfield,455047,363637,-1.17804,53.16703,{EED2FA18-1292-4B8E-B167-16BF1F2BC5CC},45444.6627976809,78367984.7778658
184,E07000175,Newark and Sherwood,470624,357451,-0.94643003,53.1096,{9B0DE258-6D75-4DFC-9756-97FC8AB59AA7},159291.732758244,651136006.206613
185,E07000176,Rushcliffe,466606,335453,-1.01097,52.912399,{1A5B010D-9854-49BE-8B4C-C2B90245653E},104457.668921033,410575266.204035
186,E07000177,Cherwell,449301,221201,-1.28506,51.887199,{56164085-25C8-43C9-8EBD-1D86B577DBDD},184793.634700854,590763670.251491
187,E07000178,Oxford,452277,206368,-1.24405,51.753571,{83CAD9A4-582C-4A4A-B482-A8E3466CC4FC},30242.8200285296,45104804.1783714
188,E07000179,South Oxfordshire,463890,191964,-1.07847,51.622879,{D2E88847-6036-43F2-99CF-C17435372B07},172245.156057909,676298218.311906
189,E07000180,Vale of White Horse,435693,195197,-1.48543,51.65443,{7D7A64B8-2C0F-48D9-960D-975B048A98D0},146016.475109116,582889684.770709
190,E07000181,West Oxfordshire,434343,215816,-1.50292,51.839901,{8F913967-EBB7-463A-9BA5-DE83949849CA},132447.034713829,713073679.608077
191,E07000187,Mendip,362238,144090,-2.54178,51.194759,{5637593A-5077-4B15-A8D1-54DA809882B3},164479.721956446,740774473.206613
192,E07000188,Sedgemoor,338429,143998,-2.8824601,51.19186,{93F59758-F0FE-457E-BB1D-5CBB57418A7E},161099.042878625,567947916.535911
193,E07000189,South Somerset,345633,120798,-2.7758801,50.98399,{BA34DFAA-D783-470E-9978-D4EEFEF7CB73},195473.875795904,962162223.761254
194,E07000192,Cannock Chase,401261,311553,-1.98277,52.70166,{1F1AE5B1-31F2-46E5-AFA9-AD0A5495D54A},41988.8442549197,79674051.0893224
195,E07000193,East Staffordshire,412601,326569,-1.81438,52.83651,{21EF80BF-D7FA-42DC-A361-E96982FB904F},138083.089229006,394049050.302524
196,E07000194,Lichfield,416283,310967,-1.7604899,52.696152,{6D4786B3-CA05-4D42-A7B4-3DC646D9D00D},104021.7997167,328434382.097888
197,E07000195,Newcastle-under-Lyme,378199,345174,-2.3263099,53.003448,{84CC4B6E-756B-4227-8366-5259F03802EE},87776.1226300062,210621411.874863
198,E07000196,South Staffordshire,389625,311037,-2.1549499,52.696918,{8C116E2C-CB77-4C53-9745-C40A27B1C7D6},152654.409541401,409479532.548112
199,E07000197,Stafford,389001,327836,-2.1647501,52.847919,{DA6FA572-B7E8-4577-806E-88B2085A4CC2},128779.095671229,598925928.572109
200,E07000198,Staffordshire Moorlands,400543,352443,-1.99334,53.069241,{B12F36B1-07CA-4C8D-A38C-330DEEFC1577},120005.143381141,576424488.11193
201,E07000199,Tamworth,421455,302550,-1.68451,52.620312,{E394AE47-DFF8-4457-9477-10648AACA06A},25384.2619400378,30613950.5943484
202,E07000200,Babergh,599987,244692,0.91614902,52.064499,{2930145C-F279-4CF3-AFE2-488455D661C4},142718.724651503,595926597.592734
203,E07000202,Ipswich,617161,244456,1.166145,52.05592,{895A0741-936D-4D84-B26D-CEF6702E90F2},30232.2865801174,40677965.3496166
204,E07000203,Mid Suffolk,611646,262338,1.096953,52.21859,{EED82BCA-F577-470F-A6E0-EB28A39D1A7B},159692.397928015,873326150.149211
205,E07000207,Elmbridge,511882,163658,-0.39441001,51.360981,{52BE6B94-4D1A-452D-BA7E-514AB75A2572},43265.2408594287,95445511.3989718
206,E07000208,Epsom and Ewell,521176,161475,-0.26172,51.339451,{558DE63C-C03A-41B7-92C8-D4FB99E4048F},26065.6990931327,34819401.8193763
207,E07000209,Guildford,500408,151481,-0.56256998,51.253658,{3F03A3E9-B1B1-488B-82A1-4C92FB0A171B},104284.418643208,271962367.118839
208,E07000210,Mole Valley,518377,148953,-0.30603001,51.227489,{D5F4F9A2-AE74-47D5-B011-B97F8E32A580},84131.3618867024,256063074.314537
209,E07000211,Reigate and Banstead,525786,152574,-0.19870999,51.258461,{02BA0718-57DB-4508-9D1A-6D2EB45212E4},61530.3919825942,129075174.915648
210,E07000212,Runnymede,501777,166979,-0.53855002,51.392731,{1831FA91-0895-4F5C-9CB5-8CC7772821B9},37971.652042701,79350129.2237104
211,E07000213,Spelthorne,507012,169622,-0.46254,51.41552,{6CE92100-C3C4-42AE-97AC-94194D54DA8B},34315.0782152337,51877643.3751658
212,E07000214,Surrey Heath,491362,160483,-0.68985999,51.336102,{95BA9A32-6ADE-4479-957D-6A1476CEF0E8},46464.6679289864,97022373.4408055
213,E07000215,Tandridge,536365,150325,-0.048050001,51.235809,{C5B02B5C-F43D-45FD-9E05-F63ACF6A14AF},69708.3669301685,247440298.172685
214,E07000216,Waverley,496363,140635,-0.62343001,51.15686,{4DCC9FC2-B9BD-4D18-83FC-3E087BC15188},103643.071903214,342995306.936611
215,E07000217,Woking,499087,157542,-0.57981998,51.308369,{38535658-76B4-466B-87B6-3A22D5F5198C},41474.9128572706,61706657.2486266
216,E07000218,North Warwickshire,425570,296399,-1.6242,52.564838,{32789CD8-D57D-494B-A98C-20C7D773F3D2},96478.8786311029,285090613.201282
217,E07000219,Nuneaton and Bedworth,435419,289352,-1.47965,52.500938,{6C7DDE0B-00DB-45BE-8053-5FD25596ED0A},40985.6679039422,77956834.1939073
218,E07000220,Rugby,446498,276244,-1.31828,52.382278,{7A356A71-EBD9-460C-A6D2-6E8FD6A14AC9},96983.0316142,349027687.605955
219,E07000221,Stratford-on-Avon,425019,251536,-1.63565,52.161541,{EEE9A0A9-41B7-47B2-A37B-12E8E5B98C6E},217880.248967014,979059833.283159
220,E07000222,Warwick,428484,267113,-1.58369,52.301418,{7E3E7E0F-3C5D-4AD8-A921-D7D222575782},91460.343592473,283003908.765152
221,E07000223,Adur,518076,106472,-0.32416999,50.845718,{132C3802-6934-4DC7-AF45-0226A922A36E},30966.7808973588,40937981.5736253
222,E07000224,Arun,495144,105723,-0.64999002,50.843208,{4D1E9B82-33A7-4CE0-B3B3-7F24A03AD976},96782.4958839363,224127243.041903
223,E07000225,Chichester,490285,116600,-0.71630001,50.941769,{A8422FB3-E40F-46E8-8171-315650DE2239},182940.576801384,788007626.397675
224,E07000226,Crawley,526390,137581,-0.19532999,51.123569,{F491B72C-EF27-43AE-84B1-1A3A347567C9},33575.9682517556,45831413.9095288
225,E07000227,Horsham,513674,123840,-0.38126001,51.00272,{4ECCA9D2-1BFF-4A4A-80F0-8A2177BAC71F},128161.261463293,530018507.857217
226,E07000228,Mid Sussex,533054,130623,-0.10272,51.059528,{0ABF0CCC-F55C-4561-8BE7-73F8FF34D0BC},108959.570518841,336801967.572953
227,E07000229,Worthing,512679,104948,-0.40127,50.833099,{EF1F69CF-A028-41DF-9DE9-444A9BA5A021},25749.2797978842,30624642.7356462
228,E07000234,Bromsgrove,399840,273736,-2.0037601,52.361691,{B1B9D22D-6C91-4A72-BD8F-96F753134519},90566.9000717131,218023988.496207
229,E07000235,Malvern Hills,377465,252197,-2.3308899,52.16758,{0362E12D-7E12-4794-B5A7-5685D1152B90},187651.848813362,579706572.191387
230,E07000236,Redditch,403705,265253,-1.9471,52.285412,{6F642ED0-B734-4E99-B583-19354FEB6F4E},32533.5085728282,55070558.6237049
231,E07000237,Worcester,385725,255196,-2.2102499,52.19482,{C0937430-0C78-4D01-BC57-D9E9E58B8E62},23906.6671729286,34532194.7393576
232,E07000238,Wychavon,398991,247839,-2.01614,52.12886,{C1B5B9F3-D25C-411C-850E-CEDF3F92BD2B},183892.585952766,659700140.73628
233,E07000239,Wyre Forest,384106,276388,-2.2349401,52.3853,{6A618179-7300-4049-87F8-25D650F47813},82043.198217602,196196406.52416
234,E07000240,St Albans,514580,209623,-0.3407,51.77356,{50AEF074-0092-407D-8BA8-2F5142147284},63002.6944980873,158865081.033852
235,E07000241,Welwyn Hatfield,525345,208467,-0.18517999,51.760872,{DC108B8C-4991-4681-BBD0-ACED482FF9A8},69326.0652501545,129449466.996649
236,E07000242,East Hertfordshire,537995,220370,0.0027389999,51.864849,{88ABA952-66C1-4473-9279-D8D0E3D46BB9},112057.254533985,477741644.662621
237,E07000243,Stevenage,524622,224531,-0.18987,51.905392,{A3C2F090-EA78-41A2-B800-EA5A03979F20},22050.0641720999,26823598.5602493
238,E07000244,East Suffolk,636043,266272,1.4561861,52.243992,{26C1D1B3-3BBB-4690-A2B0-6563F78F7BCF},247099.520843162,1278864658.32992
239,E07000245,West Suffolk,580944,271124,0.65276903,52.308418,{D15B9538-5A7C-4919-82F4-94CFED416EB7},220612.633129996,1034497003.3125
240,E07000246,Somerset West and Taunton,304961,130227,-3.35764,51.06348,{C40A173D-90FE-4312-9CF2-F5DC73D7C557},233159.422496141,1191485033.98271
241,E08000001,Bolton,368352,409873,-2.4795201,53.584492,{CD743CD9-8C4D-4B20-BBA1-DFABF55306C7},64700.0074697278,138708159.824498
242,E08000002,Bury,379658,410768,-2.3088,53.593102,{43DBD345-4803-459B-A8DF-8584D0FF0ED5},57024.0274383136,100752127.925992
243,E08000003,Manchester,384591,397063,-2.2335899,53.470089,{CBF05265-17CE-4CDD-BCDA-FCE06416E73C},69388.1213474653,111896483.895341
244,E08000004,Oldham,396603,406784,-2.0527401,53.557678,{D7807AF2-568A-4482-BCDB-508ADE6D3AB5},60961.3212193164,144007886.504484
245,E08000005,Rochdale,390315,412326,-2.14784,53.60741,{DB77B4BD-04B7-449B-82BE-82D343EFD922},70323.7554055104,156240283.738322
246,E08000006,Salford,374556,398128,-2.38485,53.479271,{F8EB05A0-5C1B-4C61-822E-C7644A1EEF99},56607.3495517002,97967423.4043954
247,E08000007,Stockport,391806,388264,-2.12467,53.391159,{CC82FCCA-9A7A-4BE3-9514-A624C8A4D620},56951.0021071987,125536175.953434
248,E08000008,Tameside,394987,397995,-2.0769999,53.478668,{AB17BE33-69C5-49A6-8A4C-207C8FE0E5BC},43841.7215072139,102159712.453142
249,E08000009,Trafford,375790,391162,-2.36572,53.41671,{C91E86AB-3660-419D-9CAD-46EBB1A0C91C},50772.1785340445,108001387.968119
250,E08000010,Wigan,362136,402125,-2.5724699,53.514439,{DD20946E-E420-49D7-8D89-D6C1DEB57274},71520.5538638132,188328973.256582
251,E08000011,Knowsley,344762,393778,-2.8329699,53.437881,{BFEE701F-09B8-4176-A33E-C0546FCD0CB1},57789.1015428372,86257984.144796
252,E08000012,Liverpool,339361,390553,-2.91364,53.408298,{55DE56FA-074B-431E-A53D-C223E2E3C028},54582.8494067106,112980832.469858
253,E08000013,St. Helens,353412,395992,-2.7031,53.458618,{76E3497A-A730-4138-AF97-18A6DB700D4B},64907.3276202198,135953986.422356
254,E08000014,Sefton,334282,398832,-2.99177,53.482101,{0D808306-37BE-4C36-BAC7-BC02BD622882},98967.6978279877,153865121.989352
255,E08000015,Wirral,329110,386965,-3.0670099,53.374779,{64B50482-4968-4650-BA36-055E08729052},75458.0918585687,155787476.549809
256,E08000016,Barnsley,429979,403327,-1.54925,53.525768,{FD5149CE-A45D-4F19-829E-27453534CAEF},106147.604198847,327231074.729589
257,E08000017,Doncaster,459167,403735,-1.10894,53.52697,{6730088C-816C-4B5E-84F2-004D31714D8B},116334.694715637,567276858.837446
258,E08000018,Rotherham,447542,388980,-1.28651,53.395531,{7FC67059-2AD9-4F20-9910-402043DE2298},88845.2784942362,289185610.615054
259,E08000019,Sheffield,430511,389736,-1.54254,53.40358,{2C14EC5A-E1E6-484A-996F-5B3D74608FD7},114173.25353027,366749138.955688
260,E08000021,Newcastle upon Tyne,422287,569661,-1.65297,55.021,{21256584-AA4C-4E75-870A-8900FAB24FEA},53420.2457391888,113022356.462383
261,E08000022,North Tyneside,431471,570602,-1.50923,55.028961,{1D79EC7C-56B3-434C-9169-86DD1494F0CA},58674.9413622598,83064513.7696851
262,E08000023,South Tyneside,435514,564057,-1.44679,54.969879,{C8387952-A92E-473E-B098-EC3EBB97D8B7},37886.6841965796,61949083.2565384
263,E08000024,Sunderland,436470,551524,-1.43344,54.857189,{2996E803-4B06-421A-9AA9-E86ABDF7FC9A},57180.9452742561,136154963.807471
264,E08000025,Birmingham,408150,287352,-1.88141,52.484039,{EFF4D43C-1B28-4277-95DF-F8933CCCA4C3},88775.9618426748,269027436.285242
265,E08000026,Coventry,432807,279689,-1.51908,52.41423,{D222EEF8-5879-4674-9DF0-5DD23BF92669},43480.9731800478,99798597.2782929
266,E08000027,Dudley,393191,288584,-2.1017101,52.495129,{8B978702-C2A4-4967-B55F-83B922FD88DF},60124.4344425726,97265448.421274
267,E08000028,Sandwell,399573,290764,-2.00771,52.514771,{8E3C41CD-9E8E-4CE3-8FD8-EA03D8787DE8},48305.4592804395,85221452.3997275
268,E08000029,Solihull,419434,281483,-1.71558,52.431,{C33CC63C-775C-4082-B381-B1D24E88BDC9},82694.8140121005,177542128.965189
269,E08000030,Walsall,402098,300804,-1.97044,52.60503,{C4882580-EB9D-467D-8766-260AE86FAE7A},49836.8728324194,104027261.810831
270,E08000031,Wolverhampton,391463,300016,-2.12746,52.597881,{3BDCE8D1-EF3E-4B6F-AA64-270C4C43A802},41126.770202078,69466029.8598264
271,E08000032,Bradford,408395,438626,-1.87389,53.843819,{1C646BD3-3B47-4EA9-8E18-47EA21D34B59},113225.685201071,368387119.49403
272,E08000033,Calderdale,402617,424896,-1.96182,53.720482,{0A85AB97-02E9-414F-8194-315E682DF1B9},94050.2464460112,367618488.008097
273,E08000034,Kirklees,414586,416223,-1.7808501,53.64233,{85960799-5727-491F-9089-A11F676AE9D1},106837.59374036,405306568.404076
274,E08000035,Leeds,432528,436384,-1.50736,53.822731,{5C3D52E8-54DE-4E50-B078-37F9DBE628CE},133752.877302456,550578445.965969
275,E08000036,Wakefield,438366,418235,-1.42092,53.659222,{11F2A1AA-3940-41C5-AD50-2DB5A6351F55},90462.2525069475,337270080.58467
276,E08000037,Gateshead,420158,559652,-1.68696,54.931149,{DB9D479B-57A1-46B1-A18F-FE8595141781},67924.5274219675,147489164.600499
277,E09000001,City of London,532381,181359,-0.093529999,51.515652,{AE6FADE9-1E09-4AF6-AF75-10F827C46206},6902.68409900948,2675582.10297149
278,E09000002,Barking and Dagenham,547757,185111,0.12947901,51.545551,{A945FF01-BE4C-4CA3-9FCC-35FF7349750E},31248.477504971,36356431.2466142
279,E09000003,Barnet,523472,191753,-0.21821,51.61108,{BF5A3129-8ED8-4C9C-AB21-4B4365AA0C04},41837.8132072241,86641766.0761593
280,E09000004,Bexley,549202,175434,0.146212,51.458221,{21EA5782-01F7-4723-9517-6137EC11AA2D},36625.5858281473,61714804.8953226
281,E09000005,Brent,519615,186468,-0.27568001,51.564411,{1887FCDE-E3D9-45C1-8300-D22549143CA9},33233.921351762,44168306.0241468
282,E09000006,Bromley,542036,165708,0.039246,51.372669,{9E7F1282-7A1A-473A-BA19-E2A5F95221E1},63027.2867133861,150184093.868723
283,E09000007,Camden,527492,184284,-0.16289,51.54306,{2DA0CBF5-4CB3-42DD-B010-030C2CF76738},22056.6269606939,21274328.3790436
284,E09000008,Croydon,533922,164745,-0.077610001,51.365978,{DEE8896B-D367-4F0B-ABEE-F9B7F5215517},46723.4912731969,85994798.0035392
285,E09000009,Ealing,517057,181960,-0.31406999,51.524429,{84B3E385-5AF0-44DA-BAF1-694E1ADF902C},39308.2702585722,54712369.9977832
286,E09000010,Enfield,532829,196197,-0.081469998,51.64888,{812840B0-C103-4EBE-AE01-7C81B5F66CC8},37692.8976368125,83022894.4619294
287,E09000011,Greenwich,542507,175879,0.050092999,51.46394,{10656971-4ED5-4C92-B7C9-D278CBE0436E},37947.829389987,47345773.615518
288,E09000012,Hackney,534560,185787,-0.060449999,51.55492,{43FF7612-52B7-4BD5-B2E5-262CFEE9D7C1},21348.6675061689,19832896.806571
289,E09000013,Hammersmith and Fulham,523867,177993,-0.21735001,51.487331,{2B14192D-6CB5-4382-8F20-AC92F8EB9E29},20309.6770355554,17336402.2931952
290,E09000014,Haringey,531262,189349,-0.10667,51.587711,{8AD51542-4466-45F1-B2EF-7D7F11AF41BA},25649.8358041055,28654586.8856887
291,E09000015,Harrow,515356,189736,-0.33603001,51.594669,{05F5033C-6506-44A2-B261-89EABDEC0316},31190.6195336716,51786628.0410788
292,E09000016,Havering,555032,187514,0.235368,51.565189,{682EEEF7-688D-410D-8C33-B2DEA7FD40A9},58260.9154217332,113336955.407754
293,E09000017,Hillingdon,508166,183120,-0.44182,51.536629,{B8DB459D-E9E6-4710-B3B7-3A942C46DD24},55989.0710362221,115522200.899503
294,E09000018,Hounslow,512742,174965,-0.37847,51.462429,{CB24FD81-59B0-4129-9CA9-4246BCCAA13A},46709.9825942823,56812520.0048928
295,E09000019,Islington,531158,184647,-0.10992,51.545479,{6F0F3D08-5716-4112-8D3F-514D6832E347},17530.873905634,15151971.1017319
296,E09000020,Kensington and Chelsea,525757,179053,-0.18976,51.496441,{564A6EE2-EF11-4A78-B34E-F82628E284F9},17854.2679849299,11395764.0464403
297,E09000021,Kingston upon Thames,519508,167389,-0.28367001,51.39296,{14814913-E44A-4906-AFEF-12F99079208B},33047.9155350811,38008804.8679342
298,E09000022,Lambeth,531117,175629,-0.11386,51.464451,{2FF9B33E-8AF0-4F82-9365-0541BB418AAF},28901.294043691,27175334.1424177
299,E09000023,Lewisham,537889,173344,-0.01733,51.44231,{307D2EE2-DE8D-44CF-B782-1640FA703B03},30916.7695537588,34352484.2408753
300,E09000024,Merton,526069,169507,-0.18866999,51.410568,{5BB7BAFA-1F6A-4DDD-AFE2-5AE95E122102},27901.825788049,37359913.6960092
301,E09000025,Newham,540714,183344,0.027275,51.531471,{7D5CFC8F-167B-4219-BCAD-5BDFBBAD585D},25879.7290856942,36938391.336377
302,E09000026,Redbridge,543512,189477,0.070084997,51.58588,{CF5482EB-F6E4-4C9A-A7DC-35396B80E74E},36048.3043464888,57732805.786986
303,E09000027,Richmond upon Thames,519005,172650,-0.28913999,51.44035,{62E86C5A-E87A-4965-A78C-BABD619B9DF6},45211.1373297331,57363994.8736621
304,E09000028,Southwark,533945,175863,-0.073090002,51.465889,{87D97EFC-3F4E-4BBC-B2CB-887E7E90B8AF},28143.1870899476,29748660.3596536
305,E09000029,Sutton,527356,163640,-0.17227,51.357559,{A7764EEF-0538-471E-A774-36A114623F1B},32956.0710309906,44475239.262289
306,E09000030,Tower Hamlets,536340,181452,-0.03647,51.515541,{BB01E92E-96DB-4351-82C5-03CCDF188F8D},22595.0928067308,19288119.9566051
307,E09000031,Waltham Forest,537327,190277,-0.01881,51.594608,{2A5DD563-6962-4AA4-980F-A54CD7C98D64},28340.8692524227,39258811.4720046
308,E09000032,Wandsworth,525151,174138,-0.20023,51.4524,{3C36A4B1-1D5C-40C4-B0FB-5CBEF4020BCE},33007.0706188886,35090262.0678247
309,E09000033,Westminster,528268,180870,-0.15295,51.512199,{E84CCB89-651E-4BDD-83A6-ADE405F25F0A},22650.1710994432,22893192.0751021
310,N09000001,Antrim and Newtownabbey,130813,541285,-6.1775999,54.693859,{B3AD4931-1580-4B94-A11A-C745FE4E54CC},145230.911089001,725799509.438978
311,N09000002,"Armagh City, Banbridge and Craigavon",112110,508158,-6.4345498,54.3867,{11ACB71D-C197-41EC-9B5F-94D4B21D1B23},200894.188676107,1436133596.9484
312,N09000003,Belfast,146465,529747,-5.9253502,54.59853,{AAC86BDC-B3B7-479D-B474-D24F4DC1FD47},55368.3406467658,137793211.378024
313,N09000004,Causeway Coast and Glens,106168,581420,-6.5995998,55.039619,{B70E4494-E124-459F-8C56-FE10F33AFE92},285673.887081582,1985246185.58911
314,N09000005,Derry City and Strabane,51779,559566,-7.42064,54.80904,{1356F729-25F8-46B3-8169-0453A2AEB91F},232619.968058322,1246253551.1757
315,N09000006,Fermanagh and Omagh,41233,513013,-7.5271001,54.385208,{347DC22A-D586-4024-89DB-EF9DD2BC9D99},353030.33614691,3008098448.95189
316,N09000007,Lisburn and Castlereagh,138712,518920,-6.03545,54.49752,{D09FD054-103E-4DB1-9D09-C178C873B76A},133180.971163027,511678825.677055
317,N09000008,Mid and East Antrim,133943,560151,-6.14645,54.86462,{EF2B3369-F9D4-4218-A61F-0CF9469AA180},198440.24053613,1064497679.16619
318,N09000009,Mid Ulster,83920,528564,-6.8888998,54.552731,{EC04D8FE-F954-4D81-ACFF-842532B0EC65},267948.60966111,1960344282.72562
319,N09000010,"Newry, Mourne and Down",133006,480432,-6.0889101,54.149529,{A77ED4E9-C97E-4C38-A582-C063BAEA5DE3},292700.749270653,1685889310.54675
320,N09000011,Ards and North Down,164321,524944,-5.64568,54.564091,{088BA0FA-9DD6-4E95-B229-9D136D32B5DE},132773.819053522,567244452.502421
321,S12000005,Clackmannanshire,291178,696402,-3.75316,56.147839,{B91FDA87-2D5B-4CCB-863D-5F75AFC8C5B0},74434.9163535594,161789211.529727
322,S12000006,Dumfries and Galloway,270645,579856,-4.0286298,55.09621,{937C7615-22A2-482E-ADC6-AC5B7987C759},689147.98896988,6441600695.08104
323,S12000008,East Ayrshire,255398,624935,-4.2905698,55.496738,{7D0D7893-F7DB-4A7A-B508-E086C7B8090C},276604.119072376,1273186287.96202
324,S12000010,East Lothian,354854,672351,-2.72435,55.94207,{D06DDDF4-5551-40FF-9FA4-E13EE513D3DE},149383.4342567,678377343.974779
325,S12000011,East Renfrewshire,251930,653115,-4.36058,55.74868,{B7F3CEC9-8D48-40F7-996F-AE84481E6D24},75233.9583350048,175675714.769758
326,S12000013,Na h-Eileanan Siar,126473,932862,-6.6572199,58.199379,{79D4BA75-D90F-4183-9E96-56E4D534F82E},1667592.92105215,3001046951.76926
327,S12000014,Falkirk,285585,680170,-3.83619,56.000771,{355AEAA4-DDA3-4470-BB90-85E12DAC4E45},117862.976958436,296654130.543516
328,S12000017,Highland,241018,858292,-4.6610298,57.586571,{10AE38E3-511A-435D-9EC4-A8B303AEEC9E},3136502.90147951,26132169636.3919
329,S12000018,Inverclyde,227922,670894,-4.75387,55.900299,{AD95B428-4101-4A83-AE4D-81C7C3FD5CF6},60961.5555776842,162791713.783607
330,S12000019,Midlothian,330088,659217,-3.1173799,55.82111,{FDE58266-AC86-4B9C-803A-57C36D89767A},110234.222578692,354813382.740256
331,S12000020,Moray,328015,843590,-3.2020199,57.476799,{F24E5E20-F99A-4C39-BFD7-E3D48A68916D},356235.802890402,2243292153.99908
332,S12000021,North Ayrshire,228996,651640,-4.7245998,55.72789,{FDBC77CB-143F-4B10-9119-6DF399A39ADF},256015.982686718,879951137.427318
333,S12000023,Orkney Islands,348293,1006584,-2.90025,58.94334,{03C9204D-56B2-4E74-AD90-848B703368BA},772115.919552047,996240660.407234
334,S12000026,Scottish Borders,345889,626137,-2.85869,55.525951,{F2AD3C8D-121B-48E2-A7A6-5C90666E8FEF},430326.421336355,4743974771.00379
335,S12000027,Shetland Islands,434516,1180307,-1.37344,60.504951,{8862CCD9-FAD5-4DB4-909D-0F0E4E37A3BE},1195015.00722392,1434926277.31545
336,S12000028,South Ayrshire,226545,596271,-4.7289901,55.23008,{8621291C-4B2F-47CF-A281-24CB0818E843},252242.020307066,1224190176.93256
337,S12000029,South Lanarkshire,284634,636071,-3.83272,55.60453,{9CC6EA83-3EB8-4DD0-BFE4-C6557515BDBA},247587.171999761,1771548254.93543
338,S12000030,Stirling,255980,708769,-4.3259501,56.249531,{C3221B25-9F15-4ED5-A851-DC271BBB5DDC},286927.461426113,2259083270.51453
339,S12000033,Aberdeen City,387763,808479,-2.20398,57.166969,{15398530-71A3-4A9A-9549-2AEF00A56431},88344.2399067634,186393298.76911
340,S12000034,Aberdeenshire,352284,816277,-2.7920799,57.234692,{9617AD29-7757-4577-8134-1C35F1389506},561958.3823218,6319466432.12144
341,S12000035,Argyll and Bute,200740,715443,-5.2211399,56.28944,{A18BD729-21C6-4441-995F-D108AD0151C2},2199834.44094371,6952322918.48837
342,S12000036,City of Edinburgh,320193,669417,-3.27826,55.911201,{4F396A06-35C1-4DFA-8F95-0C84456CC48F},88857.1885844503,263279917.719973
343,S12000038,Renfrewshire,239305,664698,-4.5683398,55.848621,{13C5B7F9-4988-4B11-A153-5E3C32FF8D4E},89241.0445535934,269213327.291178
344,S12000039,West Dunbartonshire,242904,681586,-4.52074,56.0014,{2CB6C743-D5C0-46ED-9F0C-CA489FA820AF},72677.969966369,179410461.565632
345,S12000040,West Lothian,299483,668514,-3.6090901,55.8992,{A30E40F8-B167-4FF2-9159-4ADF8238B417},113061.862542616,427111971.934201
346,S12000041,Angus,345506,759636,-2.8921001,56.725182,{3DB32BE1-7E8D-47E0-A231-2408F585E2F3},244262.010443208,2194013928.6867
347,S12000042,Dundee City,340291,732145,-2.9709499,56.4776,{6CA34332-99B6-458B-887A-3FD3DF434534},39639.0892154432,57825447.659945
348,S12000045,East Dunbartonshire,261240,676154,-4.2241702,55.95829,{C199685B-D9DD-45F4-A7B6-F18DDF38661F},83226.1959972311,174167614.364362
349,S12000047,Fife,339187,704721,-2.9825101,56.231121,{760950DB-8189-40DE-BEF8-2A74F7EBAB5E},248948.59837018,1322412673.54171
350,S12000048,Perth and Kinross,284302,744185,-3.88484,56.575279,{977156EB-6D75-43CD-93F2-2574640306BE},483320.913111549,5385250727.7465
351,S12000049,Glasgow City,261534,667033,-4.2147899,55.876492,{18922BB3-B5BD-4B72-8B18-ABBD52705EF8},87927.1595406479,178529511.201936
352,S12000050,North Lanarkshire,277984,665608,-3.9514,55.868141,{14BA33EF-E9F1-4E69-931B-1700BDF5E9DA},138699.229311335,469802176.53913
353,W06000001,Isle of Anglesey,245217,378331,-4.3229799,53.279308,{7CDE8C73-0D8F-4D34-B7EE-12573964D4D2},208430.939961231,708335626.50455
354,W06000002,Gwynedd,280555,334966,-3.7771499,52.89883,{BE828E21-7278-4CC0-8579-BC2BF5E1D591},429759.256025879,2549541008.56422
355,W06000003,Conwy,283293,362563,-3.74646,53.147388,{182F39FF-D18E-4A1F-A4B8-227BF0BB38AA},196027.19833302,1136877378.62475
356,W06000004,Denbighshire,309843,355416,-3.34761,53.088329,{D79A6E38-5AF6-4533-803A-2491F792C658},188202.095367693,834288014.837598
357,W06000005,Flintshire,321134,369280,-3.1824801,53.21471,{C00358AC-8EB1-49AC-BE19-A5CB0578C0C4},137015.37328261,435981046.039192
358,W06000006,Wrexham,333523,345387,-2.9920299,53.001671,{86191EEB-6A20-4B12-AABB-C6F34ECED078},155283.293441067,506884079.63625
359,W06000008,Ceredigion,267127,268437,-3.94993,52.297951,{CF565153-914F-4772-9E00-BDB27E6AF06F},260666.821241105,1782536747.47915
360,W06000009,Pembrokeshire,199821,221392,-4.9081802,51.855129,{DC915BAA-F9F1-4D09-B512-93319D53A3AC},372677.724694655,1626516372.06067
361,W06000010,Carmarthenshire,247954,224133,-4.2111001,51.894951,{A03E948A-D72C-498A-A78A-5ABEB4F134A3},321941.625011311,2369477694.21259
362,W06000011,Swansea,264022,197308,-3.9672301,51.658058,{4E6B9FB0-8794-4FBB-8F96-D06256A5C291},154835.940029078,377844641.215298
363,W06000012,Neath Port Talbot,279261,195412,-3.7463801,51.644501,{91DAA28A-DED4-43FA-8456-E0DA2B06B419},121351.917740366,446695990.189708
364,W06000013,Bridgend,288231,185870,-3.61375,51.5606,{2643D29B-B9D5-44E5-B452-04946BE49C74},76696.2194871131,249582321.109847
365,W06000014,Vale of Glamorgan,302947,173080,-3.39801,51.44836,{F40195BA-CAB5-4936-B10C-2321645320B5},90397.2110633384,330462444.585051
366,W06000015,Cardiff,315272,178887,-3.22209,51.502541,{A4C8C4EF-1FA4-4BD0-B793-1BA0579007AD},60184.4478584602,142327423.503532
367,W06000016,Rhondda Cynon Taf,302237,192395,-3.41359,51.621849,{D18F0DE7-2221-403F-9F62-8FFCC9574841},112336.533505479,422322765.345929
368,W06000018,Caerphilly,317245,195259,-3.19753,51.650009,{30C80983-E1F8-4691-82F2-33551679E483},98224.8478429013,277815223.663709
369,W06000019,Blaenau Gwent,318236,206771,-3.18592,51.753639,{8D5C85CE-DFF8-48D3-83F2-4349EA121B7F},58166.9529683021,109273372.238997
370,W06000020,Torfaen,327459,200480,-3.0510099,51.69836,{B4C2E199-BB10-4FE8-96E8-64A58BD54404},68469.967277748,125716747.27971
371,W06000021,Monmouthshire,337812,209231,-2.9028001,51.778271,{162A25E7-091E-4AC1-BEAB-7F998B209C28},183168.243520537,855043434.288456
372,W06000022,Newport,337897,187432,-2.8976901,51.58231,{9AC4F428-6462-4743-B3E6-B08A0D88C16A},87835.3621556958,191842534.427834
373,W06000023,Powys,302329,273255,-3.4353099,52.34864,{E0CE4873-CFA4-49D4-9F6A-8D8938AE91FA},504309.713750636,5199756043.80874
374,W06000024,Merthyr Tydfil,305916,206424,-3.3642499,51.748581,{304B7EB4-573E-4A11-AD63-E7000E5601F6},59195.1344651932,113429637.641795
