Income,Credit_History,Outstanding_Balance,Employment,Repay_Loan
57450.71,0.41,30683.79,Employed,1
47926.04,0.07,26041.21,Employed,1
59715.33,0.35,43036.39,Employed,0
72845.45,0.11,5205.56,Unemployed,1
46487.7,0.81,32592.33,Employed,1
46487.95,0.95,31464.41,Employed,1
73688.19,0.07,10266.21,Employed,1
61511.52,0.96,30071.33,Employed,1
42957.88,0.52,23361.45,Self-Employed,1
58138.4,0.3,17725.24,Employed,1
43048.73,0.08,11760.65,Employed,1
43014.05,0.5,12808.91,Self-Employed,1
53629.43,0.79,40498.12,Employed,1
21300.8,0.71,20006.83,Employed,0
24126.23,0.05,27821.3,Unemployed,0
41565.69,0.07,12091.01,Employed,1
34807.53,0.4,12201.47,Employed,1
54713.71,0.3,30819.85,Employed,1
36379.64,0.23,6504.24,Employed,1
28815.44,0.28,15847.86,Employed,1
71984.73,0.8,20340.27,Self-Employed,1
46613.36,0.93,21113.73,Employed,1
51012.92,0.41,18209.07,Self-Employed,1
28628.78,0.91,23958.2,Unemployed,0
41834.26,0.32,26928.56,Employed,1
51663.84,0.48,27346.38,Employed,1
32735.1,0.23,10141.96,Employed,1
55635.47,0.64,17158.45,Unemployed,1
40990.42,0.98,31947.63,Self-Employed,1
45624.59,0.6,28946.47,Employed,0
40974.4,0.36,6271.41,Employed,1
77784.17,0.65,23514.8,Employed,1
49797.54,0.12,217.75,Unemployed,1
34134.34,0.89,20469.35,Employed,1
62338.17,0.5,38977.67,Employed,1
31687.35,0.45,10521.07,Self-Employed,1
53132.95,0.59,11656.77,Employed,1
20604.95,0.62,27640.3,Employed,1
30077.21,0.07,4571.98,Employed,1
52952.92,0.68,13672.45,Employed,1
61077,0.24,25964.41,Employed,1
52570.52,0.71,13657.14,Unemployed,1
48265.28,0.82,17640.3,Employed,1
45483.44,0.8,27441.86,Employed,1
27822.17,0.55,24215.46,Employed,1
39202.34,0.52,22668.18,Employed,1
43090.42,0.14,16608.78,Employed,1
65856.83,0.78,23700.61,Self-Employed,1
55154.27,0.27,18762.67,Self-Employed,1
23554.4,0.5,24578.06,Employed,0
54861.26,0.28,15030.68,Employed,1
44223.77,0.13,18174.31,Employed,1
39846.17,0.63,10100.42,Unemployed,1
59175.14,0.05,19649.92,Employed,1
65464.99,0.75,11889.99,Self-Employed,1
63969.2,0.32,8859.54,Employed,1
37411.74,0,22586.61,Unemployed,0
45361.81,0.51,22127.4,Self-Employed,1
54968.95,0.05,27828.74,Self-Employed,1
64633.18,0.28,15688.74,Employed,1
42812.39,0.71,24080.53,Employed,1
47215.12,0.06,25507.98,Employed,1
33404.98,0.84,24447.74,Self-Employed,1
32056.9,0,11743.46,Employed,1
62187.89,0.25,21493.63,Unemployed,1
70343.6,0.74,23641.4,Self-Employed,1
48919.85,0.32,20071.78,Employed,1
65052.99,0.1,0,Self-Employed,1
55424.54,0.36,21604.9,Employed,1
40323.2,0.27,42125.31,Employed,0
55420.93,0.84,16399.61,Employed,1
73070.55,0.31,12719.23,Employed,1
49462.61,0.79,23733.49,Self-Employed,1
73469.65,0.89,23123.78,Employed,1
20000,0.43,31927.35,Employed,0
62328.54,0.91,7421.32,Employed,1
51305.71,0.38,27313.8,Self-Employed,0
45514.89,0.96,25904.22,Employed,1
51376.41,0.09,18578.53,Self-Employed,1
20186.47,0.69,23386.87,Employed,1
46704.92,0.49,30294.57,Employed,1
55356.69,0.39,28723.15,Employed,1
72168.41,0.63,8569.81,Employed,1
42225.95,0.7,28201.58,Self-Employed,0
37872.6,0,19353.11,Employed,1
42473.64,0.17,20728.74,Self-Employed,1
63731.03,0.71,20731.97,Employed,1
54931.27,0.67,18497.57,Employed,1
42053.6,0.97,31917.07,Unemployed,0
57699.01,0.76,19162.82,Self-Employed,1
51456.16,0.95,8804.54,Employed,1
64529.67,0.7,16064.7,Employed,1
39469.2,0.3,21786.95,Employed,1
45085.07,0.11,32292.15,Employed,0
44118.38,0.78,26030.95,Self-Employed,1
28047.28,0.64,11494.65,Self-Employed,1
54441.8,0.05,44851.9,Employed,0
53915.83,0.36,22647.75,Unemployed,0
50076.7,0.96,32753.91,Employed,1
46481.19,0.5,18482.86,Employed,1
28769.44,0.43,25333.59,Employed,0
43690.32,0.46,28394.69,Employed,0
44859.28,0.21,32181.95,Employed,1
37965.84,0.37,30573.68,Employed,0
47580.71,0.37,28721.97,Employed,0
56060.76,0.05,16849.13,Employed,1
78292.79,0.77,14282.54,Self-Employed,1
52618.67,0.42,23326.08,Employed,1
53863.26,0.82,29331.28,Employed,1
48883.31,0.85,17772.79,Self-Employed,1
21218.43,0.21,30651.72,Unemployed,0
49602.29,0.66,34526.17,Unemployed,0
50903.45,0.47,10836.79,Employed,1
86948.63,0.88,11630.79,Employed,1
47114.59,0.22,18596.25,Employed,1
54523.21,0.68,23076.13,Employed,1
49479.32,0.61,14754.33,Unemployed,1
32469.83,0.3,33522.03,Employed,0
67142.34,0.14,24240.67,Employed,1
61279,0.65,20394.47,Employed,1
61865.48,0.74,5640.9,Employed,1
36359.19,0.32,6841.84,Self-Employed,1
71041.91,0.64,22810.09,Employed,1
28972.23,0.4,0,Employed,1
58802.86,0.71,30126.37,Employed,1
82856.83,0.2,18418.46,Employed,1
35141.96,0.89,52430.93,Employed,0
41505.53,0.29,43079.16,Employed,0
51494.77,0.37,18185.51,Employed,1
42447.87,0.06,18936.63,Self-Employed,0
26740.05,0.11,29955.82,Unemployed,0
51028.44,0.52,37031.73,Unemployed,0
34065.44,0.27,3619.71,Unemployed,1
57103.89,0.84,2136.25,Employed,1
36208.64,0.01,13779.65,Employed,1
73249.02,0.38,25827.38,Employed,1
38251.2,0.34,24968.74,Self-Employed,0
45169.08,0.02,30697.71,Unemployed,0
62202.76,0.12,8003.02,Self-Employed,1
31537.04,0.41,0,Employed,1
53411.9,0.49,28580.14,Unemployed,1
69607.14,0.4,11718.04,Employed,1
25887.75,0.53,0,Employed,1
52769.51,0.6,21450.64,Employed,1
53898.24,0.01,27931.76,Employed,0
61727.34,0.46,18779.43,Employed,1
31445.74,0.96,15421.52,Employed,1
30193.15,0.52,18406.38,Employed,1
57829.12,0.68,16294.17,Employed,1
54454.77,0.31,6519.53,Self-Employed,1
53757.39,0.77,12853.19,Employed,1
55196.72,0.77,25212.8,Employed,1
39799.63,0.52,23216.79,Self-Employed,1
53483.81,0.98,21680.6,Unemployed,1
54396.09,0.13,10048.52,Employed,1
39284.73,0.02,18184.97,Employed,1
77986.62,0.77,0,Employed,1
57107.49,0.81,21784.77,Employed,1
32130.45,0.12,34288.58,Employed,0
59848.3,0.27,5258.68,Self-Employed,1
35379.77,0.02,14140.72,Employed,1
61806.27,0.29,23291.07,Self-Employed,1
67378.93,0.77,32528.43,Self-Employed,1
37689.77,0.52,15517.75,Unemployed,1
64450.64,0.35,13077.5,Employed,1
56191.71,0.37,310.77,Unemployed,1
62330.9,0,21034.38,Employed,1
78451.89,0.3,40420.76,Employed,1
46319.18,0.65,22773.58,Employed,1
38693.96,0.97,19777.21,Employed,1
36657.28,0.85,23220.82,Self-Employed,1
37762.85,0.02,19889.08,Employed,1
48843.47,0.9,11869.86,Employed,1
55117.28,0.78,28232.8,Employed,1
54150.36,0.78,22257.62,Employed,1
62407.75,0.46,20176.13,Employed,1
50195.03,0.4,10246.34,Self-Employed,1
71803.01,0.3,33035.08,Employed,1
46030.15,0.07,26647.03,Employed,1
90802.54,0.23,14470.79,Employed,1
59385.01,0.25,30018.25,Employed,1
37142.64,0.48,15024.29,Employed,1
33936.61,0.75,12179.97,Employed,1
57237.09,0.47,12402.97,Unemployed,1
46648.06,0.06,2289.31,Employed,1
60710.01,0.96,24715.42,Employed,1
57098.56,0.94,1688.55,Employed,1
48907.57,0.79,7715.56,Self-Employed,1
37298.09,0.99,0,Employed,1
27277.29,0.54,19139.3,Employed,1
43302.28,0.96,18496.8,Self-Employed,1
62845.98,0.08,16733.04,Employed,1
53211.41,0.37,9574.22,Employed,1
31313.92,0.23,8277.66,Employed,1
52597.71,0.2,24643.7,Employed,1
55779.76,0.14,14494.48,Employed,1
36742.14,0.62,23163.58,Employed,1
52305.88,0.78,11147.51,Employed,1
50873.13,0.58,21810.63,Employed,1
32855.45,0.15,33032.78,Employed,0
55366.81,0.81,25861.66,Unemployed,1
58411.77,0.64,15875.86,Self-Employed,1
66245.77,0.39,22571.99,Self-Employed,1
65807.03,0.67,17593.35,Employed,1
29334.96,0.26,20078.8,Employed,1
35932.62,0.35,16743.89,Employed,1
57725.53,0.92,18356.65,Employed,1
57706.79,0.29,22120.93,Unemployed,0
57725.72,0.47,10066.41,Employed,1
107790.97,0.89,9841.21,Employed,1
58563.36,0.71,6114.57,Employed,1
67033.48,0.06,3997.29,Employed,1
64310.03,0.15,7827.17,Employed,1
59770.87,0.01,21594.63,Employed,1
45270.96,0.63,11072.12,Employed,1
61384.54,0.45,25136.14,Self-Employed,1
38407.62,0.13,20347.14,Employed,1
46447.72,0.96,314.96,Unemployed,1
42719.55,0.53,26549.76,Self-Employed,1
51228.11,0.24,28107.99,Employed,1
84719.88,0.5,10061.37,Self-Employed,1
21991.02,0.68,24201.92,Employed,1
60293.9,0.08,11435.02,Unemployed,1
25809.26,0.27,20976.7,Employed,1
42921.02,0.81,7355.02,Employed,1
66334.26,0.46,2068.94,Employed,1
50964.2,0.55,16171.83,Employed,1
33833.83,0.43,18762.71,Unemployed,0
39270.44,0.04,16023.2,Employed,1
60193.97,0.17,8159.69,Employed,1
39044.5,0.45,16001.01,Employed,1
53246.88,0.21,22692.95,Unemployed,0
50683.58,0.05,19551.07,Employed,1
40225.99,0.84,21825.01,Employed,1
82159.16,0.98,13298.85,Employed,1
59508.79,0.79,31717.18,Self-Employed,1
20000,0.85,8238.27,Employed,1
52796.81,0.24,24875.6,Employed,0
40073.2,0.96,31818.91,Employed,1
62786.5,0.2,24809.08,Self-Employed,1
38112.19,0.95,17974.76,Employed,1
48278.95,0.99,14717.03,Employed,1
57574.81,0.71,30360.88,Employed,1
62986.33,0.98,5770.25,Self-Employed,1
31995.55,0.57,10298.76,Unemployed,1
44982.48,0.26,16024.42,Employed,1
42875.82,0.44,32376.54,Employed,1
40200.06,0.59,23797.68,Employed,1
76481.81,0.07,10319.54,Employed,1
56074.73,0.62,16896.92,Employed,1
31086.74,0.98,13856.77,Employed,1
63767.93,0.19,12902.11,Employed,1
81832.34,0.79,29788.9,Unemployed,1
65486.98,0.91,6282.57,Employed,1
27209.45,0.94,36087.81,Employed,1
42736.49,0.96,28282.3,Employed,1
69003.67,0.52,30908.62,Employed,1
39384.96,0.98,15370.6,Employed,0
56657.29,0.76,18500.59,Employed,1
61619.51,0.16,5668.48,Employed,1
36096.04,0.48,14753.38,Self-Employed,1
49107.12,0.72,24936.55,Unemployed,0
20000,0.25,32960.63,Employed,0
34634.19,0.64,8928.43,Employed,1
46211.48,0.67,16344.94,Employed,1
31283.25,0.16,18487.01,Employed,1
74486.17,0.57,6042.11,Employed,1
28547.88,0.77,25913.49,Self-Employed,0
43399.33,0.5,12760.1,Unemployed,1
51961.11,0.01,18046.1,Unemployed,1
71619.1,0.01,15480.51,Employed,1
28462.07,0.36,12106.61,Self-Employed,1
67447.46,0.93,19929.55,Self-Employed,1
50153.5,0.23,17843.9,Employed,1
35277.37,0.63,16281.42,Employed,1
56931.55,0.22,12715.38,Self-Employed,1
52985.9,0.32,23195.25,Employed,1
40996.75,0.85,36536.17,Employed,1
51047.03,0.73,21398.87,Employed,1
44220.3,0.1,29961.18,Employed,1
51702.76,0.43,6097.78,Employed,1
59931.96,0.03,21577.61,Unemployed,1
73790.25,0.48,9026.32,Employed,1
31432.77,0.66,5230.75,Employed,1
81995.5,0.12,12606.29,Employed,1
20718.68,0.29,31918.99,Employed,0
47723.22,0.4,29500.16,Employed,1
58824.76,0.92,22430.05,Employed,1
54214.88,0.99,4672.99,Employed,1
40659.51,0.04,18037.19,Employed,1
46878.17,0.76,23017,Employed,1
42604.99,0.37,21755.36,Employed,1
41159.53,0.39,1562.06,Employed,1
62744.03,0.75,11096.82,Employed,1
55355.23,0.92,19359.22,Unemployed,1
39606.36,0.95,25362.91,Employed,1
63494,0.58,0,Employed,1
54609.49,0.36,18378.76,Employed,1
62192.93,0.79,21430.49,Employed,1
59444.43,0.25,28496.12,Unemployed,0
37565.07,0.56,26928.58,Employed,1
41597.28,0.36,25825.71,Employed,1
61209.4,0.66,12000.59,Employed,1
59155.55,0.24,919.98,Employed,1
49686.48,0.19,16069.47,Self-Employed,1
51759.91,0.92,30016.32,Employed,1
69164.97,0.1,33934.55,Employed,1
41126.43,0.51,27105.49,Employed,1
58206.46,0.22,24293.41,Employed,1
46967.11,0.04,23796.4,Self-Employed,1
46734.78,0.04,14438.81,Employed,1
66481.65,0.18,18699.4,Employed,1
62381.25,0.87,36690.7,Employed,1
62202.64,0.28,10574.42,Employed,1
69582.18,0.95,36147.79,Employed,1
50315.06,0.58,16779.72,Employed,1
60229.29,0.44,33254.32,Employed,1
45346,0.58,5931.85,Employed,1
54862.5,0.52,25859.04,Employed,1
48047.85,0.76,12632.3,Unemployed,1
51454.94,0.28,5847.33,Employed,1
58927.36,0.35,22185.34,Employed,1
37726.69,0.89,30094.72,Employed,1
81385.81,0.95,11550.59,Employed,1
34909.74,0.89,5009.84,Employed,1
31787.17,0.42,19081.55,Self-Employed,1
67371.66,0.78,19125.65,Employed,1
61874.94,0.48,25483.2,Employed,1
59361.8,0.5,29495.95,Employed,1
59425.18,0.2,19405.85,Employed,1
49816.3,0.59,38555.03,Employed,0
36541.18,0.19,22242.35,Self-Employed,1
51137.07,0.33,16535.73,Employed,1
39842.57,0.86,3884.33,Employed,1
64626.8,0.21,17373.4,Employed,1
47794.14,0.07,16636.13,Employed,1
37617.54,0.07,29603.05,Employed,1
45179.21,0.94,24624.84,Employed,1
56193.97,0.51,8206.31,Employed,1
41544.13,0.41,21722.54,Employed,1
37666.69,0.81,26715.31,Employed,1
53655.31,0.84,35280.31,Employed,1
53674.5,0.33,28875.04,Employed,1
42395.85,0.69,27608.47,Employed,1
42934.43,0.77,20600.86,Employed,1
53480.75,0.65,23883.12,Employed,1
28278.73,0.15,32495.05,Employed,0
28888.04,0.88,6672.23,Self-Employed,1
39223.34,0.54,16505.61,Employed,1
46798.29,0.28,12274.31,Employed,1
54663.61,0.43,23791.53,Employed,1
72130.34,0.04,32302.22,Employed,1
62864.89,0.13,14030.26,Employed,1
47600.92,0.77,0,Employed,1
49714.76,0,15877.79,Employed,1
34962.06,0.42,29134.74,Employed,0
49722.3,0.52,25376.3,Employed,1
45670.12,0.05,24281.86,Self-Employed,1
54840.78,0.97,17200.07,Employed,1
37591.54,0.23,7209.69,Employed,1
57790.2,0.3,25152.94,Employed,1
72991.08,0.3,11657.18,Employed,1
48368.6,0.23,41840.97,Employed,0
56025.68,0,25705.07,Employed,1
60352.16,0.73,14193.52,Employed,1
43981.69,0.97,13886.15,Employed,1
53361.39,0.22,19070.56,Self-Employed,1
50188.89,0.66,17604.98,Unemployed,1
51465.14,0.74,31168.34,Employed,1
38404.85,0.85,21864.16,Employed,1
50367.65,0.42,12683.68,Employed,1
57469.97,0.3,38904.41,Employed,0
71767.15,0.33,20493.08,Employed,1
64389.06,0.71,27688.4,Employed,1
82297.74,0.82,13917.73,Unemployed,1
38489.79,0.18,23631.16,Employed,1
63084.81,0.37,23111.1,Employed,1
52750.13,0.9,1103.51,Employed,1
82847.04,0.81,40152.75,Self-Employed,1
37875.53,0.98,32906.44,Employed,0
37404.17,0.75,16028.05,Employed,1
41009.11,0.39,8977.3,Employed,1
20000,0.59,23475.62,Self-Employed,0
42113.67,0.66,20866.98,Employed,1
38613.01,0.08,23556.69,Self-Employed,1
52255.91,0.54,21915.77,Employed,1
55126.34,0.71,25062.41,Employed,1
78142.56,0.17,34473.06,Employed,1
64256.36,0.78,25681.03,Employed,1
41346.45,0.58,9503.45,Employed,1
36523.78,0.95,33625.63,Self-Employed,1
57378.79,0.04,36406.15,Employed,0
30196.5,0.27,51520.57,Employed,0
77471.88,0.6,8765.06,Employed,1
67691.6,0.3,22428.82,Employed,1
42962.37,0.71,0,Employed,1
24302.98,0.76,25531.49,Employed,0
70308.09,0.1,14518,Employed,1
48281.9,0.51,39234.46,Employed,0
68567.24,0.51,12253.85,Unemployed,1
26083.59,0.37,3108.17,Employed,1
41009.37,0.93,15287.36,Self-Employed,1
50078.66,0.83,245.12,Employed,1
50704.71,0.7,27510.99,Employed,1
43249.02,0.71,0,Employed,1
59342.75,0.46,20284.58,Employed,1
33985.69,0.92,0,Self-Employed,1
47864.31,0.69,16797.02,Employed,1
51804.43,0.73,36433.78,Employed,1
57716.58,0.86,23606.48,Self-Employed,1
60674.22,0.27,11365.06,Employed,1
33130.37,0.81,19687.97,Employed,1
26988.29,0.2,20180.17,Employed,1
69165.15,0.35,24726.3,Self-Employed,1
54984.71,0.34,6331.42,Employed,1
38772.7,0.98,25925.67,Employed,1
73267.28,0.86,0,Employed,1
51735.12,0.7,13701.15,Unemployed,1
67689.46,0.73,15117.26,Employed,1
51012.78,0.56,26333.27,Employed,1
80911.22,0.95,20226.31,Employed,1
76330.11,0.5,5944.37,Unemployed,1
46265.54,0.38,10150.07,Self-Employed,1
64573.56,0.16,21986.8,Unemployed,1
59680.64,0.79,19209.33,Employed,1
70529.47,0.73,14208.76,Employed,1
35526.15,0.38,15191.66,Employed,1
60290.77,0.03,26961.68,Self-Employed,1
65876.37,0.84,14823.07,Employed,1
23618.91,0.01,19119.09,Employed,1
32251.12,0.7,41699.37,Self-Employed,0
20000,0.97,5763.17,Employed,1
45958.9,0.44,1481.57,Employed,1
60763.13,0.23,27835.9,Employed,1
72535.36,0.7,13213.57,Employed,1
51111.42,0.82,16817.62,Self-Employed,1
74429.23,0.55,12188.44,Employed,1
29298.48,0.97,17402,Employed,1
24449.26,0.05,35985.38,Employed,0
49166.78,0.5,28021.28,Employed,1
55760.98,0.72,28622.24,Employed,0
49509.58,0.86,5837.73,Employed,1
20000,0.18,8488.46,Employed,1
48663.2,0.8,0,Employed,1
30432.96,0.55,11906.19,Employed,1
60045.09,0.4,29567.03,Employed,1
55498.97,0.13,25169.47,Self-Employed,1
35901.8,0.87,17784.87,Self-Employed,1
42292,0.16,19777,Self-Employed,1
34111.8,0.31,13111.14,Employed,1
49059.81,0.29,22047.59,Employed,1
64327.13,0.87,27658.78,Employed,1
35214.11,0.67,3841.13,Employed,1
57560.7,0.8,22996.48,Employed,1
42046.14,0.25,29324.35,Employed,1
38106.91,0.62,15849,Unemployed,1
48394.54,0.57,27007.01,Employed,1
34471.37,0.83,48146.54,Employed,0
41695.26,0.91,18956.57,Self-Employed,1
32031.83,0.01,23933.07,Employed,0
79470.88,0.67,12619.43,Self-Employed,1
50528.95,0.05,21812.51,Self-Employed,0
39504.12,0.55,24602.72,Unemployed,0
53209.7,0.29,21948.42,Employed,0
48315.08,0.31,9803.05,Employed,1
46685.46,0.35,22063.62,Employed,1
59212.5,0.62,34621.96,Employed,1
61362.62,0.33,24486.36,Employed,1
42042.48,0.73,29619.87,Employed,1
41362.73,0.4,17629.88,Employed,1
45874.22,0.07,27499,Employed,0
20000,0.78,22792.68,Self-Employed,0
27272.13,0.29,10490.89,Self-Employed,1
70503.11,0.43,23185.21,Employed,1
74674.52,0.69,10083.03,Employed,1
46264.46,0.33,13671.2,Self-Employed,1
58648.35,0.06,21893.28,Employed,1
54668.75,0.37,22972.44,Self-Employed,1
96183.21,0.94,8107.68,Unemployed,1
66793.62,0.64,30539.86,Employed,1
48081.24,0.67,25720.06,Self-Employed,1
35666.89,0.63,12952.72,Employed,1
25903.31,0.2,4624.15,Employed,1
53051.95,0.42,18550.95,Employed,1
38654.74,0.75,15540.56,Employed,1
28666.19,0.1,21131.4,Self-Employed,0
40301.41,0.28,16368.83,Employed,1
33776.78,0.28,0,Employed,1
75307.12,0.43,16116.53,Employed,1
63224.6,0.98,16943.81,Self-Employed,1
49880.41,0.07,26336.61,Unemployed,0
72199.16,0.52,13018,Self-Employed,1
51160.52,0.18,36786.75,Employed,0
37080.74,0.97,883.59,Employed,1
72846.86,0.11,33111.67,Employed,1
58083.65,0.4,17756.81,Employed,1
34441.31,0.74,28595.85,Employed,0
47144.92,0.7,20798.01,Employed,1
36865.73,0.42,31395.56,Employed,0
29258,0.35,16126.38,Self-Employed,1
63892.66,0.4,9013.8,Employed,1
78641.25,0.26,34205.04,Employed,1
29021.49,0.21,18865.19,Employed,1
58444.54,0.48,22215.58,Self-Employed,1
40240.36,0.27,32347.52,Self-Employed,0
42693.12,0.29,9680.45,Self-Employed,1
41114.09,0.66,25954.91,Employed,1
37040.14,0.97,14101.05,Unemployed,1
50727.82,0.6,18678.31,Employed,1
37535.75,0.08,20722.79,Employed,1
54056.85,0.08,4997.78,Unemployed,1
49246.43,0.95,12211.63,Employed,1
46415.78,0.3,33510.73,Employed,0
36386.55,0.09,28861.91,Employed,1
41348.43,0.6,19373.6,Employed,1
61330.87,0.62,22431.23,Unemployed,1
57513.76,0.65,17057.57,Employed,1
35336.67,0.27,33565.83,Employed,0
51489.98,0.02,17996.47,Employed,1
61270.81,0.97,22318.42,Employed,1
24958.92,0.25,31460.3,Employed,0
58150.4,0.68,12226.29,Employed,1
40060.64,0.71,35587.89,Employed,0
58558.98,0.61,4695.39,Employed,1
38551.11,0.31,36296.42,Unemployed,0
22926.77,0.27,16273.24,Employed,1
25586.86,0.6,17573.01,Employed,0
50721.27,0.87,1099.9,Employed,1
53895.84,0.95,15452.05,Employed,1
36435.25,0.11,9601.93,Self-Employed,0
59578.89,0.15,13923.54,Unemployed,1
25077.2,0.94,18626.89,Employed,1
49008.8,0.74,29577.92,Self-Employed,1
31834.76,0.88,22076.03,Employed,1
40222.46,0.2,23076.77,Employed,1
50710.98,0.59,9044.81,Employed,1
37093.8,0.7,11192.46,Employed,1
44231.67,0.68,37987.25,Employed,0
65094.39,0.41,12647.99,Self-Employed,1
41346.62,0.02,36562.08,Employed,0
62535.38,0.58,17569.39,Unemployed,1
33054.4,0.25,20022.88,Self-Employed,1
57947.06,0.45,30703.65,Employed,1
71623.53,0.96,32718.92,Employed,1
20000,0.4,18891.87,Employed,1
38046.57,0.84,16117.57,Unemployed,1
58656.08,0.19,19440.8,Employed,1
46954.32,0.67,23379.58,Employed,1
55567.19,0.98,28913.04,Employed,1
40940.22,0.1,20042.3,Employed,1
51298.85,0.01,26188.86,Employed,1
47664.84,0.43,36383.6,Employed,0
67516.73,0.09,23813.1,Employed,1
53816.31,0.75,23116.53,Employed,1
55064.04,0.91,4810.89,Employed,1
43821.85,0.43,0,Employed,1
42685.91,0.26,23883.76,Employed,1
43511.63,0.43,19051.76,Employed,1
55916.78,0.72,14852.17,Employed,1
43685.23,0.01,22435.3,Employed,1
54346.62,0.59,19395.96,Employed,1
81131.01,0.61,31277.8,Employed,1
63066.87,0.64,20861.11,Employed,1
45109.65,0.24,12530.77,Employed,1
68018.21,0.71,29901.66,Employed,1
43878.87,0.09,17828.69,Self-Employed,1
20000,0.2,25265.37,Self-Employed,0
34878.71,0.88,15225.89,Self-Employed,1
21938.12,0.74,13501.73,Self-Employed,0
44727.3,0.01,20841.68,Employed,1
50276.28,0.25,20128.29,Employed,1
75146.56,0.21,24798.27,Employed,1
54903.91,0.27,17313.54,Employed,1
46713.49,0.25,1636.4,Employed,1
62441.08,0.06,15672.26,Self-Employed,1
20000,0.46,27938.18,Employed,0
53534.22,0.73,17026.24,Employed,1
61562.98,0.61,17536.17,Employed,1
27821.21,0.67,29863.77,Employed,0
67156.31,0.08,12880.27,Employed,1
55077.45,0.95,4571.97,Self-Employed,1
43770.68,0.84,18393.69,Employed,1
59491.73,0.81,15158.26,Self-Employed,1
84060.39,0.82,10337.54,Employed,1
52727.99,0.93,18246.22,Self-Employed,1
53723.31,0.54,24915.06,Employed,1
43109.59,0.2,19907.11,Employed,1
37252.33,0.62,23069.81,Employed,1
62455.04,0.74,38134.08,Self-Employed,0
37158.74,0.74,16571.21,Unemployed,1
51073.49,0.52,22783.49,Employed,1
42835.14,0.07,14907.87,Employed,1
57184.7,0.37,11536.4,Unemployed,1
55004.93,0.92,14150.92,Employed,1
65563.1,0.58,15212.41,Employed,1
42349.75,0.54,23594.76,Employed,1
45951.88,0.27,43490.76,Employed,0
35318.54,0.37,12839.57,Self-Employed,1
43335.6,0.9,15833.75,Self-Employed,1
55659.51,0.67,19368.77,Employed,1
61354.83,0.79,23957.99,Employed,1
36167.52,0.45,22635.51,Self-Employed,0
63044.09,0.63,32840.96,Employed,0
70334.57,0.25,0,Self-Employed,1
56201.52,0.71,0,Employed,1
78151.94,0.43,15041.22,Employed,1
38393.16,0.44,30973,Unemployed,0
31330.18,0.65,4343.52,Employed,1
23319.2,0.94,0,Employed,1
72440.66,0.06,25711.79,Employed,1
59815.48,0.82,22436.57,Employed,1
49166.23,0.29,9097.92,Employed,1
54199.53,0.44,10144.6,Unemployed,1
33117.66,0.02,10302.56,Self-Employed,1
86686.28,0.3,21105.35,Employed,1
51938.32,0.5,13736.85,Employed,1
51640.92,0.06,24940.64,Employed,1
60886.5,0.49,0,Employed,1
57215.14,0.93,11431.48,Employed,1
53358.26,0.11,8739.46,Self-Employed,1
38142.88,0.76,17436.59,Employed,1
57072.03,0.41,14619.52,Self-Employed,1
78230.37,0.66,27978.44,Employed,1
70181.3,0.26,1406.63,Employed,1
73897.8,0.16,20454.91,Employed,1
42331.76,0.16,25583.36,Employed,1
35155.93,0.07,38566.47,Employed,0
48113.2,0.19,15182.34,Unemployed,1
50835.87,0.66,23244.59,Employed,1
66412.87,0.88,1961.37,Unemployed,1
24613.03,0.81,0,Employed,1
72943.25,0.69,28447.74,Unemployed,1
47629.88,0.11,19944.4,Employed,1
43596.78,0.29,31785.13,Unemployed,0
34818.43,0.31,6265.97,Employed,1
25177.15,0.25,25199.02,Self-Employed,0
62347.56,0.52,38688.18,Unemployed,0
51099.77,0.54,24197.06,Employed,0
30650.59,0.36,22765.82,Employed,0
30573.82,0.35,20085.56,Employed,1
44963.23,0.83,4291.19,Unemployed,1
75035.32,0.79,33555.73,Employed,1
46106.13,0.31,13891.42,Employed,1
27452.86,0.91,25044.83,Employed,1
46313.85,0.95,4369.66,Employed,1
45909.15,0.33,8205.4,Self-Employed,1
20000,0.35,34350.87,Employed,0
49185.58,0.51,16526.98,Employed,1
46535.98,0.94,34532.75,Unemployed,1
60443.1,0.88,19217.69,Employed,1
77734.34,0.1,1581.02,Employed,1
66898.48,0.39,28920.68,Employed,1
45966.67,0.55,14101.08,Employed,1
33402.11,0.5,26986.89,Employed,1
88600.4,0.19,20252.11,Self-Employed,1
50888.28,0.86,4568.82,Employed,1
50208.94,0.68,21642.95,Employed,1
49638.12,0.84,41962.23,Employed,0
52971.27,0.86,24929.86,Employed,1
47834.59,0.75,19424.82,Self-Employed,1
41395.07,0.44,30753.43,Employed,1
41797.12,0.61,22106.68,Employed,0
49508.7,0.16,22095.34,Employed,1
41848.63,0.67,9083.75,Employed,1
39307.31,0.18,22338.48,Employed,1
51596.45,0.69,30354.43,Employed,1
46175.34,0.23,11639.38,Employed,1
72559.89,0.12,34244.96,Self-Employed,1
20000,0.17,19082.94,Employed,0
66372.6,0,11122.3,Self-Employed,1
68691.28,0.72,29976.32,Self-Employed,1
20000,0.73,17132.06,Employed,1
44859.69,0.51,27595.15,Employed,0
44428.39,0.16,17082.41,Employed,1
28887.32,0.08,19401.74,Employed,0
38332.75,0.02,24935.6,Self-Employed,1
33341.36,0.17,22908.97,Employed,0
76284.06,0.89,44.68,Employed,1
64035.18,0.24,8787.56,Employed,1
69073.33,0.35,29294.1,Employed,1
60825.08,0.11,18678.63,Employed,0
33064.22,0.22,14762.69,Self-Employed,1
42132.2,0.52,6414.26,Employed,1
57340.62,0.61,9202.64,Self-Employed,1
31668.08,0.25,0,Employed,1
60694.98,0.06,18987.19,Employed,1
46395.12,0.39,14015.62,Employed,1
44377.69,0.23,10334.12,Employed,1
60664.4,0.22,19318.77,Employed,1
56663.95,0.96,23639.71,Self-Employed,0
44585.51,0.62,40931.98,Self-Employed,0
67389.95,0.56,4881.17,Employed,1
33784.05,0.42,31593.81,Employed,0
59239.03,0.43,29731.02,Employed,1
58896.52,0.54,12209.07,Self-Employed,1
45356.8,0.7,22032.36,Employed,1
54892,0.7,15423.67,Unemployed,1
31233.3,0.17,21856.89,Employed,0
63860.41,0.5,35091.31,Employed,1
47226.47,0.41,26056.06,Unemployed,0
42159.15,0.87,25086.08,Employed,1
65735.14,0.63,15696.91,Employed,1
39434.84,0.53,5159.43,Employed,1
28873.08,0.12,17915.32,Employed,1
26650.56,0.61,32066.08,Employed,0
59090.15,0.12,4728.32,Employed,1
30793.56,0.34,9449.11,Self-Employed,1
76321.91,0.14,21262.68,Employed,1
20000,0.69,10153.45,Unemployed,0
75446.85,0.21,12074.77,Employed,1
53165.26,0.39,15764.01,Employed,1
48549.3,0.9,6343.83,Employed,1
41826.21,0.2,10258.78,Employed,1
55987.04,0.51,27034.28,Employed,1
49435.48,0.42,6926.3,Unemployed,1
66549.53,0.02,4021.28,Employed,1
51713.41,0.79,13699.75,Employed,1
52254.53,0.07,27319.56,Employed,0
44545.82,0.47,18030.78,Self-Employed,1
49145.82,0.56,15354.19,Self-Employed,1
54617.03,0.63,20443.59,Employed,0
24347.47,0.69,2542.93,Employed,1
29777.22,0.25,24947.06,Employed,0
61148.96,0.01,23834.35,Employed,1
52562.98,0.72,15906.92,Employed,1
47240.25,0.54,30059.25,Employed,1
50276.51,0.84,8725.04,Employed,1
55213.73,0.82,31279.09,Employed,1
41903.6,0.84,21544.94,Employed,1
38325.43,0.49,16634.47,Unemployed,1
52937.68,0.33,19801.26,Unemployed,1
35324.41,0.79,18927.35,Employed,1
56123.79,0.45,32202.83,Employed,1
24461.25,0.18,9233.21,Employed,1
65437.33,0.85,12374.81,Employed,1
57088.96,0.88,30363.03,Self-Employed,1
53840.45,0.47,14044.65,Employed,1
64740.36,0.08,29005.33,Self-Employed,1
74982.12,0.39,36994.36,Unemployed,1
65215.55,0.8,15982.05,Employed,1
22386.89,0.9,26813.62,Employed,0
30806.35,0.2,8463.08,Employed,1
40627.72,0.07,27547.33,Employed,0
50391.37,0.88,21994.24,Employed,1
57764.89,0.39,24730.38,Employed,1
39113.84,0.54,13544.28,Self-Employed,0
52801.5,0.97,3389.17,Employed,1
38669.26,0.07,25032.52,Employed,1
40827.23,0.65,0,Employed,1
28900.08,0.07,16826.5,Employed,1
36151.5,0.38,29411.82,Employed,1
29724.73,0.8,21918.98,Self-Employed,1
35361.9,0.43,39483.43,Employed,0
65804.63,1,30251.09,Employed,0
35759.02,0.56,13461.02,Employed,1
89485.73,0.32,20273.13,Employed,1
57399.77,0.22,19526.29,Self-Employed,1
52772.54,0.35,4178.23,Employed,1
37124.63,0.37,10596.01,Self-Employed,1
60504.65,0.07,14392.39,Employed,1
41365.43,0.37,0,Employed,1
51830.15,0.46,20474.93,Employed,1
88401.27,0.72,17509.28,Employed,1
48559.1,0.66,3271.06,Employed,1
67239.1,0.71,24042.13,Self-Employed,1
39452.35,0.01,27158.73,Employed,0
49475.17,0.22,22270.34,Employed,1
76562.01,0.66,16759.32,Employed,1
40595.49,0.48,25914.42,Employed,1
77186.73,0.01,26802.2,Employed,1
60616.28,0.8,23074.04,Employed,1
41563,0.77,11753.88,Employed,1
59486.12,0.55,22766.01,Employed,1
64588.32,0.07,31954.81,Employed,1
59327.15,0.77,14033.71,Employed,1
26446.63,0.58,40979.39,Employed,0
39092.94,0.78,14743.69,Employed,1
46287.22,0.75,20324.07,Unemployed,1
48883.5,0.8,13275.14,Employed,1
59310.08,0.52,22232.71,Employed,1
52665.52,0.14,2577.78,Employed,1
29969.83,0.67,14539.58,Employed,1
55702.97,0.62,9078.79,Self-Employed,1
59158.79,0.74,21353.38,Employed,1
58396.86,0.17,29944.47,Unemployed,0
66211.71,0.19,26460.06,Self-Employed,1
62508.83,0.89,0,Employed,1
56887.7,0.75,40420.7,Employed,1
48947.51,0.91,22952.8,Employed,1
25085.59,0.76,12235.01,Employed,1
56444.27,0.6,21571.28,Employed,1
53115.32,0.65,21761.9,Employed,1
54073.68,0.89,13331.51,Employed,1
30848.77,0.58,21979.17,Employed,1
33784.15,0.63,13925.28,Employed,1
65797.29,0.16,15956.38,Self-Employed,1
49406.67,0.47,13137.21,Employed,1
60222.51,0.72,5673.29,Self-Employed,1
50424.78,0.27,21458.36,Employed,1
50446.34,0.2,25852.99,Employed,1
64074.26,0.31,25148.84,Employed,1
42259.33,0.24,28199.25,Employed,1
51441.81,0.21,23243.4,Employed,1
43065.87,0.42,14672.75,Employed,1
43482.56,0.91,28396.64,Self-Employed,1
45362.42,0.51,6424.82,Employed,1
53332.01,0.19,10993.29,Employed,1
42818.77,0.08,10358,Self-Employed,1
68836.34,0.7,30800.56,Self-Employed,1
36580.89,0.38,29427.89,Employed,1
47196.93,0.82,24873.05,Employed,1
43404.03,0.66,30719.3,Self-Employed,1
71704.67,0.8,11207.17,Employed,1
52948.32,0.27,23485.95,Employed,1
65477.67,0.69,18748.26,Employed,1
27716.59,0.26,28468.82,Self-Employed,0
54005.75,0.94,18847.76,Employed,1
63344.46,0.64,16150.57,Unemployed,1
51234.26,0.32,25409.09,Employed,1
65982.21,0.27,28761.69,Self-Employed,1
42240.67,0.19,13316.55,Employed,1
71140.21,0.69,19389.24,Employed,1
84483.47,0.22,9415.59,Self-Employed,1
44557.42,0.6,0,Employed,1
43317.46,0.26,22004.6,Employed,1
71800.77,0.66,26089.05,Employed,1
73693.58,0.81,22620.67,Employed,1
42157.1,0.78,504.38,Employed,1
43697.2,0.76,16491.51,Employed,1
45773.23,0.19,0,Employed,1
29833.24,0.09,33697.01,Employed,0
36220.22,0.7,9139.45,Employed,1
34937.89,0.37,32554.04,Employed,0
38483.04,0.43,29458.7,Self-Employed,1
49479.73,0.03,10994.1,Employed,1
53513.22,0.26,8672.15,Employed,1
73257.51,0.03,23503.7,Unemployed,1
35024.69,0.88,11556.76,Employed,1
64764.84,0.24,21024.85,Self-Employed,1
46790.17,0.56,15171.72,Self-Employed,0
49258.04,0.04,2188.42,Self-Employed,1
60122.29,0.67,0,Employed,1
33159.17,0.32,22266.84,Self-Employed,0
55736.15,0.9,14384.42,Self-Employed,1
52496.78,0.89,14469.1,Employed,1
57386.77,0.33,26958.64,Employed,1
54337.53,0.9,31734.42,Employed,1
86829.5,1,17274.55,Employed,1
40433.9,0.83,16594.01,Employed,1
42035.05,0.84,25001.43,Employed,1
40652.89,0.25,6430.64,Employed,1
41667.84,0.58,22231.53,Employed,1
40439.19,0.07,25518.86,Employed,0
67835.25,0.09,26802.3,Employed,1
71307.56,1,632.47,Unemployed,1
41438.81,0.33,12386.45,Employed,1
37514.67,0.75,11217.37,Employed,1
57071.23,0.81,20998.87,Employed,1
41716.65,0.86,24807.45,Employed,1
59493.98,1,34967.1,Self-Employed,1
53043.85,0.24,15050.35,Unemployed,1
27263.84,0.04,15024.28,Employed,1
73212.58,0.41,31496.72,Unemployed,1
76938.17,0.13,22965.77,Employed,1
40808.17,0.02,32676.52,Employed,0
44184.48,0.36,22887.28,Employed,1
54287.98,0.78,8428.83,Self-Employed,1
55016.85,0.57,6668.72,Employed,1
59878.16,0.31,4484.88,Employed,1
80153.07,0.65,26620.52,Self-Employed,1
47345.79,0.23,31885.97,Employed,0
38025.54,0.01,38493.62,Employed,0
29310.21,0.76,28431.05,Self-Employed,0
39036.05,0.62,31628.39,Employed,1
49503.1,0.76,14199.84,Employed,1
76918.37,0.04,8435.84,Employed,1
42235.83,0.84,28500.79,Employed,1
53356.82,0.62,24176.81,Employed,1
49753.66,0.56,21074.44,Employed,1
67825.9,0.62,23873.71,Employed,1
87903.99,0.86,23231.85,Employed,1
42036.97,0.59,32838.17,Self-Employed,0
42658.41,0.58,32949.86,Unemployed,0
65662.41,0.99,25442.2,Employed,1
60228.37,0.76,28458.03,Employed,1
77700.61,0.44,25140.63,Unemployed,1
58758.92,0.71,15388.3,Employed,1
44610.62,0.39,27565.65,Employed,1
58859.82,0.23,6055.05,Unemployed,1
66630.55,0.6,30538.92,Self-Employed,1
62307.23,0.93,8054.77,Self-Employed,1
57609.11,0.93,22858.03,Self-Employed,1
66000.12,0.34,11548.46,Employed,1
67539.43,0.53,25533.89,Employed,1
70732.38,0.21,19660.75,Employed,1
59730.65,1,4052.44,Employed,1
47493.23,0.98,24207,Employed,1
52200.71,0.65,14220.79,Self-Employed,1
68097.63,0.8,28811.47,Self-Employed,1
37745.96,0.72,20013.26,Employed,1
55530.1,0.59,23954.21,Self-Employed,1
44099.92,0.05,10424.31,Self-Employed,1
50431.17,0.45,14106.68,Employed,1
69176.78,0.67,15413.61,Employed,1
52866.49,0.68,28567.02,Employed,1
50696.55,0.37,36773.77,Employed,1
29602.16,0.94,11948.28,Employed,1
61193.8,0.17,30768.48,Employed,0
59682.26,0.5,0,Employed,1
82448.82,0.69,8058.11,Employed,1
45383.33,0.7,10412.22,Unemployed,1
53287.25,0.65,6474.91,Employed,1
53740.76,0.28,4164.12,Self-Employed,1
73661.8,0.16,24129.99,Employed,1
48570.57,0.64,17859.32,Employed,1
54185.32,0.6,23794.05,Unemployed,1
59118.45,0.18,26904.73,Employed,1
52799.14,0.71,22656.17,Employed,1
43303.5,0.46,26577.63,Self-Employed,1
52911.35,0.67,19304.68,Employed,1
66104.48,0.84,8130.07,Employed,1
34602.27,0.17,30578.14,Employed,1
51994.55,0.02,14108.88,Self-Employed,1
39498.19,0.78,10644.04,Employed,1
67925.7,0.61,18220.82,Employed,1
27152.2,0.7,10871.89,Employed,1
41616.17,0.84,15825.7,Employed,1
55658.18,0.8,23440.54,Self-Employed,1
73482.86,0.96,23483.42,Employed,1
49013.75,0.54,11021.7,Employed,1
41672.01,0.49,15122.95,Employed,1
78217.36,0.4,30743.33,Self-Employed,1
28279.79,0.15,24964,Employed,0
20000,0.57,40750.65,Self-Employed,0
56600.22,0.28,31801.28,Self-Employed,0
42469.19,0.92,31442.93,Employed,1
34681.51,0.58,6121.31,Employed,1
60625.35,0.59,27638.6,Employed,1
53657.01,0.35,19468.93,Self-Employed,1
41538.82,0.05,14490.18,Employed,1
30795.43,0.03,21680.15,Employed,1
63086.86,0.42,29452.12,Self-Employed,1
59753.02,0.08,25008.32,Employed,1
48512.36,0.61,11215.26,Employed,1
77699.55,0.88,27424.59,Employed,1
33948.73,0.88,13624.12,Employed,1
27117.12,0.66,22166.83,Self-Employed,1
39621.38,0.21,16966.5,Employed,1
49316.21,0.86,17811.34,Employed,1
53650.09,0.89,27662.43,Self-Employed,1
46381.46,0.2,9598.06,Employed,1
55280.83,0.74,39451.95,Unemployed,0
31226.91,0.29,1789.14,Unemployed,1
71656.47,0.8,14023.32,Employed,1
48767.73,1,23702.12,Employed,1
66759.44,0.03,25843.14,Self-Employed,1
55140.88,0.9,18995.24,Employed,1
56851.3,0.62,19426.09,Employed,1
58546.51,0.97,24105.5,Self-Employed,1
56715.63,0.47,17689.31,Employed,1
59640.84,0.85,33931.81,Self-Employed,1
69937.29,0.06,28393.49,Employed,0
52947.82,0.34,28728.24,Employed,1
60635.06,0.07,10338.43,Employed,1
48653.96,0.98,19206.12,Unemployed,1
71601.76,0.82,16995.34,Employed,1
39854.12,0.85,9943.99,Self-Employed,1
77014.11,0.94,23601.64,Employed,1
49397.63,0.09,14623.54,Employed,1
28538.37,0.39,26554.04,Employed,1
51921.57,0.07,9298.08,Employed,1
39784.23,0.21,37190.41,Employed,0
62609.65,0.23,11036.67,Employed,1
40210.64,0.47,22193.02,Employed,1
43307.25,0.27,27918.59,Unemployed,0
21656.89,0.1,14293.6,Employed,1
43215.41,0.17,28524.69,Unemployed,0
20000,0.15,7708.16,Employed,1
26241.46,0.97,34521.18,Employed,1
61406.22,0.76,20141.49,Employed,1
61787,0.97,14035.89,Employed,1
56381.86,0.44,17008.18,Employed,1
35495.36,0.28,28089.19,Employed,1
49284.33,0.8,14155.45,Employed,1
49945.96,0.33,12506.42,Self-Employed,1
32624.53,0.3,17784.63,Employed,1
72550.97,0.23,8230.38,Self-Employed,1
63160.43,0.13,38205.44,Employed,1
46685.54,0.26,14336.05,Employed,1
50403.29,0.36,28316.17,Employed,1
53125.74,0.67,22094.7,Employed,1
20000,0.06,10154.66,Employed,0
46292.34,0.21,19940.45,Employed,1
39770.24,0.81,27840.03,Employed,1
34975.7,0.15,18117.39,Employed,1
45783.5,0.34,31931.13,Employed,1
76965.3,0.86,30215.15,Employed,1
59612.64,0.15,29189.15,Employed,1
41432.32,0.08,15403.43,Unemployed,0
58588.74,0.48,9201.58,Self-Employed,1
70990.33,0.3,13864.12,Employed,1
63869.51,0.56,21962.41,Self-Employed,1
50894.46,0.8,25457.87,Self-Employed,1
40295.95,0.14,0,Employed,1
60473.35,0.58,19918.87,Employed,1
55902.28,0.51,21580.89,Unemployed,1
63427.9,0.14,17224.56,Employed,1
59527.58,0.62,32912.74,Unemployed,1
65743.29,0.27,24217.8,Employed,1
41971.47,0.49,33101.92,Employed,0
69760.91,0.08,17840.39,Employed,1
52963.99,0.46,29374.77,Employed,1
81128.91,0.31,36350.66,Self-Employed,0
39662.18,0.82,33116.93,Unemployed,0
76039.46,0.06,9078.58,Employed,1
52968.66,0.42,17463.24,Employed,1
40228.73,0.46,16548.35,Self-Employed,1
42741.71,0.73,24892.55,Employed,1
45194.79,0.57,26863.54,Employed,1
56362.49,0.67,11611.07,Employed,1
57842.53,0.78,20678.39,Self-Employed,1
41394.5,0.86,0,Self-Employed,1
49634.68,0.31,34419.45,Employed,1
82134.06,0.54,14876.26,Employed,1
75913.15,0.84,20558.64,Unemployed,1
56544.86,0.99,16903.5,Employed,1
50570.05,0.89,31460.28,Employed,1
51800.47,0.37,0,Employed,1
59202.77,0.2,19833.9,Self-Employed,1
34658.11,0.49,18941.81,Employed,1
46139.35,0.74,15463.64,Employed,1
24971.24,0.49,37262.27,Employed,0
55988.35,0.48,11126.71,Employed,1
59707.94,0.84,27717.96,Employed,1
42752.2,0.36,23562.53,Employed,0
73609.8,0.86,32615.19,Employed,1
31613.52,0.41,13328.11,Employed,1
28034.38,0.33,12670.31,Employed,1
53366.78,0.45,30960.7,Employed,1
65706.47,0.76,24253.21,Unemployed,1
75258.92,0.13,4550.63,Self-Employed,1
43116.74,0.2,14606.95,Employed,1
66180.21,0.95,23863.83,Self-Employed,1
49422.37,0.18,28377.64,Employed,1
47410.59,0.57,13207.69,Unemployed,1
63254.9,0.58,0,Employed,1
59784.84,0.49,25232.23,Employed,1
26354.12,0.64,7796.79,Employed,1
72148.11,0.23,0,Employed,1
70701.37,0.55,0,Unemployed,1
40616.56,0.37,28139.81,Employed,1
55937.05,0.66,21286.17,Employed,1
57410.45,0.14,17743.44,Employed,1
53910.11,0.57,33890.24,Self-Employed,1
41745.42,0.19,26373.25,Employed,0
39925.65,0.28,36163,Employed,0
49616.69,0.22,6072.65,Unemployed,1
67590.94,0.18,19654.49,Employed,1
58154,0.83,3832.87,Employed,1
44440.79,0.29,17706.18,Unemployed,1
61575.48,0.93,17513.84,Employed,1
20000,0.97,26266.14,Employed,1
67231.49,0.57,20455.64,Employed,1
23904.29,0.14,26234.07,Self-Employed,0
44563.39,0.37,27034.4,Employed,1
33204.95,0.8,41549.29,Unemployed,0
30579.78,0.37,16847.03,Self-Employed,0
67412.4,0.09,10589.77,Employed,1
42984.48,0.56,22460.84,Self-Employed,1
55197.56,0.85,11977.2,Employed,1
49296.19,0.8,34819.61,Employed,0
57155.61,0.18,17167.82,Self-Employed,1
51152.33,0.67,14344.24,Unemployed,1
30755.12,0.22,15286.84,Employed,1
64944,0.22,27184.17,Employed,1
42593.65,0.87,18422.53,Employed,1
26651.27,0.25,13583.33,Employed,0
43578.27,0.26,36653.52,Employed,0
72511.4,0,11438.3,Employed,1
62753.33,0.87,20355.66,Employed,1
44770.22,0.79,26523.06,Employed,1
44761.13,0.63,3686.65,Employed,1
45175.47,0.75,24802.61,Self-Employed,1
81151.22,0.15,9448.92,Self-Employed,1
55729.03,0.46,28227.83,Employed,1
56450.62,0.35,10373.49,Employed,1
65454.25,0.09,26927.69,Employed,1
53581.84,0.49,31058.33,Employed,1
46114.37,0.92,28614.37,Employed,1
47054.75,0.04,22513.17,Self-Employed,1
48925.98,0.29,17686.99,Employed,1
49441.67,0.21,14235.8,Employed,1
60914.44,0.24,34710.35,Employed,1
50779.19,0.91,13005.05,Employed,1
60989.6,0.47,9629.34,Employed,1
48789.25,0.47,26653.69,Unemployed,0
51179.53,0.76,12038.63,Employed,1
20026.99,0.15,10499.37,Employed,1
63744.92,0.49,5563.96,Employed,1
55197.33,0.43,15170.9,Unemployed,1
64970.15,0.6,19172.85,Employed,1
20000,1,22430.92,Employed,1
81325.62,0.77,29513.06,Self-Employed,1
47906.16,0.4,25268.98,Employed,1
66622.74,0.83,18091.28,Employed,1
34401.41,0.17,18018.04,Employed,0
59191.61,0.03,25101.57,Employed,1
34198.77,0.2,32725.7,Employed,1
40643.47,0.34,21263.14,Employed,1
78710.47,0.51,15308.69,Employed,1
47139.76,0.62,10071.34,Employed,1
53261.49,0.91,5547.95,Employed,1
63051.02,0.51,26662.7,Employed,1
57435.23,0.5,25779.79,Employed,1
52256.28,0.05,25773.64,Unemployed,0
55474.42,0.03,18713.41,Employed,1
86051.23,0.55,34069.35,Employed,1
49135.72,0.44,15158.82,Employed,1
53016.49,0.84,29552.69,Employed,1
65759.82,0.16,19612.57,Employed,1
66582.89,0.02,13916.49,Employed,1
67805.45,0.45,25925.3,Employed,1
59580.95,0.24,24096.36,Employed,0
32854.93,0.05,23569.73,Self-Employed,0
74501.47,0.72,20812.78,Employed,1
32804.82,0.11,19621.07,Employed,1
54539.53,0.61,43883.72,Employed,1
38685.86,0.28,31842.57,Employed,1
49037.92,0.17,27228.27,Employed,1
54931.44,0.38,21117.99,Employed,1
54820.36,0.8,30071.57,Employed,1
56328.81,0.39,25179.95,Self-Employed,1
74205.67,0.75,20262.05,Self-Employed,1
56803.01,0.13,16964.36,Employed,1
46337.65,0.77,19190.83,Employed,1
64461.31,0.24,0,Self-Employed,1
67842.06,0.68,22106.01,Employed,1
31585.88,0.57,15115.24,Employed,1
58961,0.93,35926.7,Employed,1
60517.59,0.39,20193.44,Employed,1
45536.55,0.07,8110.37,Employed,1
70635.6,0.02,19501.2,Employed,1
47749.17,0.83,9538.79,Employed,1
51883.65,0.52,24734.07,Employed,1
47403.92,0.78,22909.47,Self-Employed,1
50233.69,0.23,29578.4,Employed,1
33555.87,0.35,12091.18,Employed,1
28399.24,0.03,20340.08,Employed,1
73917.58,0.96,6349.78,Self-Employed,1
37295.58,0.67,27014.95,Self-Employed,1
35129.11,0.93,25188.71,Employed,1
20000,0.27,24958.05,Employed,0
40415.57,0.61,20016.19,Self-Employed,1
30153.65,0.68,24147.73,Employed,1
74630.23,0.32,36043.39,Employed,1
65147.26,0.85,17149.06,Employed,1
39677.74,0.95,21386.45,Employed,1
83786.54,0.88,9138.74,Employed,1
64726.48,0.74,11317.39,Employed,1
45127.53,0.28,20978.13,Employed,1
20000,0.28,31039.34,Unemployed,0
84364.14,0.96,17437.19,Self-Employed,1
29156.41,0.01,17640.83,Unemployed,0
25319.02,0.72,15931.15,Unemployed,1
65338.56,0.71,14652.43,Employed,1
86596.29,0.62,22949.71,Employed,1
70764.09,0.99,5027.42,Employed,1
58458.64,0.31,32809.4,Self-Employed,1
58921.32,0.34,13345.78,Employed,1
62801.23,0.08,27219.03,Unemployed,1
61383.93,0.44,7300.01,Employed,1
54217.87,0.26,26688.4,Self-Employed,1
51563.02,0.34,26719.45,Employed,1
49061.1,0.83,23842.02,Employed,1
38690.53,0.94,10055.71,Self-Employed,1
45789.87,0.19,22495.48,Employed,0
24605.65,0.37,8169.44,Self-Employed,1
48524.91,0.93,17472.37,Employed,1
35171.13,0.06,30294.13,Employed,0
33446.16,0.09,27967.02,Employed,0
52698.41,0.16,20151.83,Employed,1
70880.03,0.6,10251.93,Employed,1
63774.75,0.15,26455.88,Employed,1
26442.49,0.97,20193.81,Employed,1
35155.58,0.45,0,Employed,1
64111.57,0.5,27826.3,Employed,1
35262.69,0.25,19757.67,Employed,0
46630.5,0.47,32024.51,Self-Employed,1
58250.78,0.66,9047.29,Employed,1
35474.83,0.75,0,Employed,1
51580.63,0.75,22790.84,Employed,1
29989.62,0.58,22915.64,Employed,1
40979.49,0.9,3093.28,Employed,1
54796.73,0.82,10215,Unemployed,1
26105.09,0.76,47552.18,Self-Employed,0
56607.12,0.06,16943.89,Employed,1
49705.43,0.01,27309.59,Employed,1
58287.35,0.21,13493.4,Self-Employed,1
53358.71,0.66,0,Employed,1
70462.11,0.41,18297.42,Employed,1
51878.37,0.4,17343.95,Employed,1
43558.92,0.88,16001.22,Employed,1
51834.46,0.9,18853.59,Unemployed,1
58149.47,0.91,22642.68,Employed,1
50732.9,0.31,18498.83,Employed,1
50608.88,0.69,7359.94,Employed,1
39470.12,0.27,24861.85,Self-Employed,1
40056.49,0.19,506.28,Self-Employed,1
28960.92,0.18,0,Employed,1
76243.65,0.34,27391.8,Employed,1
31342.05,0.43,25070.2,Employed,1
39606.42,0.83,19426.05,Self-Employed,1
39223.89,0.12,6045.51,Self-Employed,1
63423.87,0.73,12920.89,Employed,1
45575.75,0.53,17372.53,Self-Employed,1
68716.13,0.29,4041.06,Employed,1
39897.64,0.49,12609.71,Employed,1
54184.91,0.3,26523.3,Employed,1
37469.79,0.6,34273.05,Employed,1
82177.24,0.43,15805.65,Employed,1
32186.02,0.16,27564.88,Employed,1
54647.31,0.12,859.4,Employed,1
59506.65,0.55,26594.51,Employed,0
56206.99,0.9,11960.52,Employed,1
47220.69,0.34,23073.46,Employed,0
48052.69,0.73,17522.48,Employed,1
50657.17,0.66,33204.14,Employed,1
47794.97,0.93,11255.64,Employed,1
64458.19,0.82,26276.06,Self-Employed,1
83157.85,0.57,17204.93,Self-Employed,1
41637.62,0.66,18416.95,Self-Employed,1
29452.96,0.9,18161.46,Employed,1
48675.77,0.4,11543.27,Employed,1
88695.64,0.33,19859.01,Employed,1
37944.88,0.01,19373.52,Employed,0
74586.75,0.83,22412.4,Employed,1
75165.51,0.8,20845.05,Employed,1
41696.18,0.1,27979.95,Self-Employed,0
58534.75,0.58,29235.09,Employed,1
74425.95,0.46,9493.77,Unemployed,1
44313.08,0.12,28687.73,Self-Employed,0
46946.29,0.98,8136.64,Employed,1
41274.79,0.21,25878.56,Self-Employed,0
34778.65,0.07,26197.39,Employed,0
40260.84,0.59,886.83,Self-Employed,1
31640.9,0.74,20929.79,Employed,1
50511.25,0.03,15315.04,Self-Employed,1
38450.4,0.66,12412.35,Employed,1
53506.79,0.53,33508.52,Unemployed,0
26661.57,0.1,13463.21,Employed,1
54963.2,0.17,11936.23,Employed,1
62502.93,0.57,20756.95,Self-Employed,1
20093.97,0.3,26855.9,Self-Employed,0
55610.85,0.94,18583.51,Employed,1
68415.03,0.82,31663.71,Employed,1
31855.38,0.98,25309.76,Employed,1
75088.59,0.26,0,Unemployed,1
56285.29,0.97,14705.33,Self-Employed,1
39424.82,0.43,14381.58,Self-Employed,1
49163.46,0.35,24793.61,Employed,0
58374.9,0.05,0,Employed,1
51140.08,0.05,45490.1,Employed,0
58081.34,0.69,25310.26,Self-Employed,1
36189.9,0.46,21488.77,Employed,1
52540.41,0.23,31815.68,Self-Employed,1
28794.28,0.61,43436.54,Employed,0
48331.61,0.25,28707.47,Employed,1
36441.39,0.58,29488.13,Employed,1
38967.05,0.36,21306.9,Employed,1
68541.4,0.82,18584.74,Employed,1
66369.65,0.82,15242.05,Employed,1
59137.07,0.48,11738.88,Employed,1
33615.31,0.35,13129.86,Self-Employed,1
45253.87,0.36,6494.44,Employed,1
68196.47,0.81,19241.29,Employed,1
52125.75,0.33,3153.32,Employed,1
84789.94,0.21,21909.17,Employed,1
55899.77,0.08,19636.69,Self-Employed,1
52880.74,0.47,21469.35,Employed,1
45363.25,0.48,14778.68,Self-Employed,1
52003.11,0.84,50768.6,Employed,0
47712.95,0.22,33601.16,Employed,1
60621.63,0.38,7554.57,Employed,1
64350.53,0.81,22328.68,Employed,1
38210.16,0.82,13919.94,Employed,1
30031.51,0.38,9855.2,Self-Employed,1
22456.92,0.46,6599.28,Employed,0
57619.87,0.3,24322.17,Employed,1
33449.5,0.93,13186.2,Employed,1
20000,0.12,29678.26,Employed,0
55828.68,0.93,29937.82,Employed,1
87394.99,0.68,33739.14,Employed,1
49908.94,0.53,11476.13,Employed,1
62577.36,0.03,24753.66,Employed,1
51227.44,0.48,26324.54,Employed,1
48516.66,0.41,15258.22,Self-Employed,1
63786.15,0.16,12282.28,Employed,1
45645.88,0.66,36095.21,Employed,1
54010.88,0.97,22274.96,Unemployed,1
54825.47,0.56,26359.68,Employed,0
39978.64,0.71,11779.24,Employed,1
64880.64,0.07,7807.16,Employed,1
47375.6,0.42,14305.5,Employed,1
38663.82,0.12,18759.79,Employed,1
58047.65,0.61,9357.8,Unemployed,1
36522.98,0.94,19901.55,Self-Employed,1
50422.72,0.66,3114.95,Self-Employed,1
49863.22,0.08,8799.53,Self-Employed,1
66288.43,0.35,26709.11,Employed,1
57120.47,0.55,26037.91,Employed,1
49624.6,0.4,16081.23,Self-Employed,1
62266.49,0.83,9822.36,Unemployed,1
70853.11,0.81,9725.96,Employed,1
58367.15,0.61,16267.32,Unemployed,1
50155.29,0.37,26445.18,Employed,1
30322.46,0.26,29282.46,Employed,0
34023.3,0.11,15034.68,Employed,0
45421.63,0.35,8465.08,Employed,1
40857.32,0.41,22678.44,Employed,1
47195.43,0.68,11764.65,Employed,1
50849.75,0.66,14817.47,Employed,1
57945.39,0.07,33252.76,Employed,1
48942.52,0.4,28271.15,Employed,1
57297.52,0.18,21579.74,Unemployed,0
50967.12,0.16,7280.81,Employed,1
20368,0.83,22113.97,Employed,1
35909.97,0.04,30626.57,Employed,1
47838.69,0.42,16243.66,Employed,1
31854.58,0.17,33511.14,Self-Employed,0
58998.93,0.88,32927.45,Employed,1
72961.26,0.56,36637.33,Self-Employed,1
68281.43,0.23,23052.43,Employed,1
46798.36,0.5,25873.92,Employed,1
72360.89,0.73,34141.87,Employed,1
52230.01,0.96,24473.94,Employed,1
44943.71,0.22,14987.66,Employed,1
40798.96,0.89,15514.57,Employed,1
45462.95,0.93,22385.55,Employed,1
44177.35,0.92,7094.39,Employed,1
52556.24,0.64,18567.41,Unemployed,1
52408.61,0.63,30965.47,Employed,1
50045.69,0.4,0,Employed,1
56554.07,0.75,35344.82,Employed,1
67859.69,0.53,31223.74,Employed,1
64243.31,0.68,15402.35,Employed,1
27726.53,0.43,25433.91,Self-Employed,0
20000,0.73,20031.48,Unemployed,1
64014.8,0.82,32299.9,Employed,1
29496.82,0.15,29826.83,Employed,0
46628.52,0.83,5999.29,Employed,1
32448.3,0.54,25872.62,Employed,1
22970.29,0.84,17943.72,Employed,1
58121.94,0.43,20828.33,Employed,1
61387.33,0.38,12718.28,Employed,1
41352.34,0.92,37481.37,Employed,0
20000,0.25,30400.62,Employed,1
41806.33,0.84,12602.29,Employed,1
55877.06,0.48,6653.89,Employed,1
27816.33,0.51,16143.27,Employed,1
52750.4,0.31,24345.03,Self-Employed,1
49770.35,0.57,22402.06,Employed,1
58689.37,0.33,32531.33,Self-Employed,0
51793.71,0.04,27899.2,Employed,0
35403.97,0.27,29695.69,Employed,1
67948.57,0.01,23268.55,Employed,1
47622.06,0.98,6107.01,Employed,1
49590.43,0.97,18043.01,Unemployed,1
36000.98,0.4,30600.9,Employed,0
43350.77,0.73,19484.77,Employed,1
36727.96,0.35,25030.9,Employed,1
47405.81,0.67,16812.52,Unemployed,1
75675.63,0.81,9701.88,Employed,1
29421.48,0.95,18766.56,Unemployed,1
25796.58,0.4,23090.47,Unemployed,0
72067.55,0.78,13443.12,Employed,1
46860.14,0.27,17642.89,Self-Employed,1
39963.91,0.99,10605.37,Unemployed,1
65598.57,0.03,31192.45,Employed,1
40915.77,0.6,17055.44,Employed,1
77390.15,0.66,34527.56,Employed,1
60168.89,0.69,35287.48,Employed,1
42681.33,0.12,19189.54,Employed,1
82359.62,0.94,9915.51,Employed,1
40914.28,0.18,0,Employed,1
61131.43,0.62,5279.63,Employed,1
54489.39,0.22,6261.65,Employed,1
69526.12,0.31,33784.7,Self-Employed,1
73422.67,0.55,21158.25,Self-Employed,1
50480.06,0.42,23896.05,Employed,1
38698.73,0.16,0,Employed,1
56899.58,0.17,8020.34,Employed,1
39834.27,0.42,28870.8,Unemployed,0
80200.81,0.76,22867.74,Employed,1
52048.03,0.9,18527.95,Employed,1
44520.18,0.08,25648.42,Unemployed,0
52770.2,0.39,36357.98,Unemployed,0
29793.11,0.1,17789.58,Self-Employed,1
35425.79,0.02,20693.7,Self-Employed,1
68006.21,0.66,21925.97,Employed,1
40146.59,0.6,43921.1,Employed,1
34296.34,0.16,0,Employed,1
58049.79,0.23,26832.23,Employed,1
67785.56,0.02,18851.98,Self-Employed,1
60784.3,0.83,25667.72,Employed,1
64940.72,0.97,13426.27,Employed,1
38648.07,0.14,19510.35,Unemployed,0
28672.84,0.23,27114.11,Employed,0
72520,0.87,51129.1,Unemployed,0
45159.8,0.93,28080.36,Unemployed,1
46237.5,0.42,11519.34,Employed,1
69922.91,0.05,15762.4,Employed,1
58343.45,0.04,15465.86,Employed,1
56838.32,0.57,2043.57,Employed,1
82475.04,0.39,16699.1,Employed,1
40347.23,0.03,27328.29,Employed,1
63917.6,0.58,7257.68,Unemployed,1
50855.2,0.01,30484.83,Employed,0
54028.88,0.79,24877.75,Self-Employed,1
72927.03,0.31,12657.67,Employed,1
57617.54,0.04,18584.7,Employed,1
58074.44,0.59,35983.22,Unemployed,1
66087.61,0.4,27335.48,Employed,1
44525.71,0.97,20087.84,Employed,1
37411.85,0.54,17623.17,Employed,1
34327.86,0.28,20766.09,Self-Employed,1
20504.65,0.71,14882.36,Employed,1
80843.11,0.27,0,Employed,1
33451.87,0.9,40421.78,Employed,0
46681.2,0.37,21553.25,Unemployed,0
45847.8,0.55,23981.47,Unemployed,1
54611.1,0.05,19420.92,Employed,1
62236.06,0.43,12648.83,Self-Employed,1
62907.1,0.83,18140.76,Employed,1
41253.84,0.81,4006.05,Employed,1
47493.17,0.22,42770.86,Employed,0
54238.7,0.23,7654.88,Employed,1
46269.63,0.82,9680.34,Employed,1
74110.18,0.93,15597.41,Employed,1
57364.62,0.1,32880.76,Employed,1
61023.17,0.45,20145.09,Self-Employed,1
59943.22,0.34,7638.64,Employed,1
67602.11,0.87,32543.38,Employed,1
52715.32,0.08,27310.01,Unemployed,1
30547.52,0.21,25384.35,Employed,1
55995.32,0.75,27157.34,Employed,1
40229.65,0.05,43943.62,Self-Employed,0
42070.75,0.49,41850.95,Employed,0
58795.46,0.44,13132.85,Employed,1
68574.25,0.33,36238.85,Employed,1
50319.07,0.39,23831.68,Self-Employed,1
54632.5,0.53,24990.96,Employed,1
75533.22,0.16,3077.29,Self-Employed,1
53611.3,0.57,18296.14,Employed,1
89025.25,0.81,11871.76,Employed,1
58482.64,0.76,28280.59,Self-Employed,1
23588.56,0.15,30710.81,Employed,0
61300.12,0.15,0,Employed,1
55717.38,0.27,19779.65,Employed,1
69346.29,0.36,31218.62,Self-Employed,0
60097.72,0.41,18133.21,Employed,1
47923.16,0.68,27290.64,Employed,1
31635.53,0.06,23511.65,Employed,0
46864.65,0.03,23416.6,Unemployed,0
37242.19,0.39,17286.85,Employed,1
41292.15,0.7,7834.19,Employed,1
58828.68,0.19,8784.7,Employed,1
75048.57,0.64,27093.53,Employed,1
55920.07,0.26,20194.58,Employed,1
32061.75,0.89,18614.88,Employed,1
56669.04,0.9,15761.1,Employed,1
67949.47,0.3,16948.11,Self-Employed,1
40853.26,0.23,30469.12,Self-Employed,1
47989.74,0.41,16647.56,Employed,1
50220.32,0.24,6589.35,Self-Employed,1
38226.53,0.67,27436.52,Employed,1
59724.21,0.83,17951.23,Self-Employed,1
48185.78,0.67,20313.96,Employed,1
56292.99,0.82,36075.78,Employed,1
36687.62,0.4,19794.39,Unemployed,1
43438.13,0.16,22891.84,Self-Employed,1
60835.72,0.74,8210.77,Employed,1
44407.5,0.36,17803.31,Employed,1
75904.46,0.67,26095.26,Employed,1
44005.46,0.27,4446.26,Employed,1
53370.27,0.08,22008.45,Employed,1
63988.86,0.99,21007.91,Employed,1
28724.51,0.16,20412.87,Self-Employed,1
23587.87,0.99,30371.59,Employed,0
27115.16,0.98,23344.39,Employed,0
68938.76,0.79,34780.72,Employed,1
41722.13,0.66,10064.1,Employed,1
88372.99,0.58,21359.25,Employed,1
41536.29,0.87,20844.67,Employed,1
52768.27,0.29,9307.46,Self-Employed,1
73131.65,0.47,29562.95,Self-Employed,1
80091.39,0.62,43246.73,Employed,1
80922.55,0.41,19829.94,Employed,1
68125.49,0.43,25050.21,Employed,1
65360.94,0.33,20845.18,Self-Employed,1
58887.9,0.56,12864.15,Self-Employed,1
61675.42,0.85,1792.4,Employed,1
41732.21,0.2,12942.27,Employed,1
37727.02,0.93,6080.42,Self-Employed,1
49949.38,0.69,37041.02,Employed,1
47447.23,0.82,18848.9,Employed,1
43201.58,0.56,16540.81,Unemployed,1
60445.81,0.78,28891.54,Self-Employed,1
64329.58,0.02,8782.49,Employed,1
51326.1,0.82,12331.36,Employed,1
72162.95,0.04,20680.72,Employed,1
32874.66,0.89,30287.69,Employed,1
47095.11,0.99,25016.85,Employed,1
39247.67,0.29,22483.25,Employed,1
22001.95,0.21,20781.18,Self-Employed,0
48759.79,0.77,24002.36,Self-Employed,1
48173.79,0.25,22016.53,Employed,0
72701.75,0.87,9700.28,Employed,1
59462.18,0.1,20460.79,Employed,1
34637.2,0.13,9263.11,Employed,1
77811.39,0.98,20810.83,Employed,1
68315.51,0.67,15193.52,Employed,1
58731.47,0.85,45393.82,Self-Employed,1
46602.74,0.32,19601.06,Employed,1
35608.41,0.68,5957.6,Unemployed,1
44416.9,0.59,18658.2,Unemployed,1
66331.23,0.6,25193.59,Employed,1
78268.79,0.68,36733.64,Employed,1
73148.65,0.58,14105.48,Unemployed,1
42667.26,0.43,4175.72,Unemployed,1
33205.74,0.28,28168.37,Employed,1
52113.29,0.77,6194.01,Employed,1
23473.41,0.23,15638.45,Employed,1
54847.52,0.69,17423.8,Unemployed,1
47785.96,0.23,19303.67,Employed,1
43009.45,0.63,26891.64,Employed,1
26079.45,0.75,13163.66,Self-Employed,1
57704,0.22,17262.71,Employed,1
42009.49,0.06,19857.3,Employed,1
32451.25,0.13,21495.98,Employed,0
20000,0.61,20978.27,Self-Employed,1
49587.28,0.85,24360.06,Employed,1
76583.77,0.04,28438.4,Employed,1
74918.89,0.73,23926.34,Employed,1
43143.56,0.34,24535.86,Employed,1
40966.82,0.48,4177.77,Employed,1
57031.61,0.93,20502.28,Employed,1
35024.22,0.33,24795.08,Employed,1
54526.88,0.47,27289.41,Self-Employed,0
61491.2,0.01,13076.49,Self-Employed,1
68404,0.08,13409.61,Employed,1
48497.69,0.26,14258.99,Employed,1
46944.89,0.03,25364.14,Employed,1
36830.26,0.63,30338.81,Self-Employed,0
37596.79,0.43,15925.4,Employed,1
46602.82,0.55,29079.62,Employed,1
55510.48,0.17,21234.8,Employed,0
63703.77,0.3,18757.14,Employed,1
37952.32,0.66,17886.16,Employed,1
72390.33,0.97,27466.11,Employed,1
45933.15,0.05,23255.78,Employed,0
49679.49,0.89,42758.25,Self-Employed,1
38791.82,0.58,11477.75,Employed,1
20000,0.56,25181.02,Employed,1
63260.68,0.5,14707.99,Employed,1
61052.66,0.07,11307.13,Employed,1
45780.09,0.09,19891.33,Employed,1
51004.86,0.6,21373.52,Employed,1
57739.09,0.34,49181.74,Employed,1
26561.81,0.92,18158.54,Employed,1
42064.21,0.41,8698.21,Employed,1
61913.97,0.14,22730.11,Employed,1
31185.66,0.71,0,Self-Employed,1
54403.37,0.29,19080.43,Employed,1
29651.27,0.53,20160.25,Employed,1
56996.45,0.7,27946,Employed,1
49465.38,0.9,29736.22,Employed,1
25773.02,0.79,14964.3,Employed,1
67471.09,0.68,18493.86,Employed,1
38981.13,0.68,12338.79,Self-Employed,1
37846.21,0.95,8719.37,Employed,1
53008.54,0.3,23098.95,Employed,1
67229.56,0,7264.14,Self-Employed,1
34762.67,0.27,15853.73,Unemployed,0
50925.2,0.22,10048.26,Employed,1
56432.25,0.66,25496.83,Employed,1
60396.58,0.63,38014.3,Employed,1
52646.62,0.59,6984.12,Employed,1
44494.58,0.02,1469.82,Employed,1
37586.15,0.73,18751.13,Employed,1
51292.16,0.32,20156.98,Self-Employed,1
33917.91,0.67,22186.59,Employed,1
20000,0.56,15536.79,Employed,1
56548.4,0.34,17993.61,Employed,1
63559.02,0.13,23675.1,Self-Employed,0
20000,0.09,30404.31,Employed,0
34854.04,0.83,449.51,Employed,1
59287.31,0.92,16310.61,Employed,1
80862.43,0.65,22138.09,Employed,1
50311.91,0.1,10820.24,Employed,1
39079.96,0.4,37311.7,Employed,0
47256.55,0.73,13645.9,Employed,1
70623.15,0.78,19587.07,Employed,1
40310.54,0.12,25560.22,Employed,0
38012.12,0,14087.15,Employed,1
42758.85,0.71,1534.27,Employed,1
35700.07,0.36,15713.45,Employed,1
51840.05,0.25,30294.41,Employed,0
74370.18,0.01,16631.05,Employed,1
54846.19,0.54,11535.66,Unemployed,1
46214.7,0.85,29256.72,Employed,1
45622.83,0.96,16692.25,Employed,1
26552.14,0.57,14898.39,Employed,1
63246.65,0.51,21494.56,Unemployed,1
48832.44,0.09,27707.5,Self-Employed,1
47292.8,0.55,43817.14,Employed,0
97896.61,0.38,28272.36,Employed,1
54481.29,0.61,31598.4,Employed,1
38723.13,0.39,14940.34,Employed,1
43604.64,0.24,9741.32,Self-Employed,1
67226.69,0.09,20623.31,Employed,1
51699.06,0.31,21071.7,Employed,1
28425.83,0.1,9214.87,Self-Employed,1
63788.43,0.18,18247.05,Self-Employed,1
39977.84,0.99,23993.18,Employed,1
78099.47,0.44,23603.93,Employed,1
66200.72,0.53,25042.88,Employed,1
43290.17,0.87,22909.65,Self-Employed,0
69215.25,1,14929.91,Self-Employed,1
51017.83,0.58,14860.99,Employed,1
62791.61,0.81,8010.49,Employed,1
57270.99,0.33,37847.75,Self-Employed,0
37304.65,0.31,20134.5,Employed,1
40346.75,0.4,17751.47,Employed,1
65449.41,0.67,10712.08,Self-Employed,1
44978.37,0.68,49356.58,Employed,0
43945.27,0.32,9266.72,Employed,1
35673.16,0.13,15711.52,Self-Employed,1
56353.99,0.63,24158.37,Self-Employed,1
80937.87,0.13,26002.13,Employed,1
33987.01,0.58,29579.32,Employed,1
50363.29,0.69,38076.09,Employed,1
71183.31,0.7,25061.58,Employed,1
48805.38,0.75,9439.69,Employed,1
56785.58,0.87,17430.55,Self-Employed,1
34064.1,0.5,23078.32,Employed,1
56424.61,0.73,40682.26,Employed,1
47192.84,0.62,6021.95,Employed,1
64785.95,0.19,32025.77,Unemployed,0
67810.79,0.03,21799.14,Employed,1
88843.45,0.28,28378.31,Employed,1
58694.5,0.44,18980.05,Employed,1
54886.94,0.62,11575.67,Employed,1
52915.76,0.85,27508.73,Employed,1
44702.51,0.2,26544.31,Employed,0
55077.26,0.13,29720.57,Employed,1
45568.98,0.96,19866.95,Employed,1
52526.91,0.11,14001.78,Employed,1
69763.96,0.48,4412.13,Employed,1
34901.86,0.59,28193.73,Employed,0
67098.18,0.54,24238.89,Employed,1
69756.73,0.09,10342.17,Employed,1
48228.97,0.06,14614.26,Employed,1
20000,0.11,15332.41,Employed,1
40882.67,0.59,5170.16,Employed,1
69454.92,0.54,11823.18,Employed,1
49656.98,0.23,8661.7,Employed,1
35010.47,0.64,15875.21,Unemployed,1
42428.38,0.82,12613.03,Self-Employed,1
62609.3,0.04,3729.95,Employed,1
58201,0.5,40225.9,Employed,0
46416.02,0.69,32525.41,Employed,1
44497.63,0.25,12209.81,Employed,1
44123.63,0.31,22724.21,Employed,1
36163.85,0.61,24174.65,Employed,1
74230.64,0.9,31910.86,Employed,1
45165.19,0.81,11813.95,Self-Employed,1
68257.38,0.58,30921.07,Employed,1
72819.74,0.73,14520.95,Self-Employed,1
64974.66,0.36,6641.38,Self-Employed,1
43525.7,0.64,27241.37,Employed,1
56055.95,0.47,32907.58,Employed,1
49637.07,0.19,45879.09,Employed,0
36444.47,0.7,8002.75,Employed,1
54865.39,0.56,26989.2,Employed,1
32314.4,0.36,15901.99,Employed,1
67815.19,0.91,27833.59,Employed,1
43030.74,0.02,5295.1,Unemployed,1
53017.39,0.32,7372.3,Employed,1
54249.32,0.06,12241.25,Unemployed,1
46116.43,0.77,20789.64,Employed,1
58800.41,0.7,13589.19,Self-Employed,1
42876.45,0.33,26590.54,Employed,1
63069.46,0.68,30268.95,Employed,1
29810.3,0.4,25995.78,Self-Employed,0
51895.69,0.76,36187.88,Employed,0
79083.93,0.45,24158.27,Employed,1
34995.03,0.41,7831.03,Employed,1
39833.83,0.93,33633.77,Employed,1
57708.62,0.25,13948.44,Employed,1
52693.73,0.12,29104.18,Self-Employed,1
55259.45,0.58,35737.34,Employed,1
57337.81,0.97,24566.88,Employed,1
59520.82,0.38,5038.41,Self-Employed,1
66645.5,0.06,10817.88,Employed,1
56147.28,0.34,33227.44,Employed,0
46381.14,0.51,18308.77,Self-Employed,1
60088.61,0.16,20795.74,Employed,1
78498.23,0.66,27588.24,Employed,1
48010.49,1,26963.23,Employed,1
35382.06,0.45,22788,Employed,1
66606.21,0.35,17913.32,Employed,1
48194.28,0.4,16873.32,Employed,1
20000,0.12,28578.99,Self-Employed,0
62711.33,0.88,25535.7,Employed,1
41970.08,0.41,17427,Employed,1
48642,0.39,30821.12,Unemployed,1
54979.7,0.66,18709.66,Employed,1
52857.5,0.44,11483.38,Self-Employed,1
60641.78,0.65,12410.29,Employed,1
43467.7,0.06,10212.59,Self-Employed,1
57696.59,0.81,17275.9,Employed,1
46106.8,0.94,32337.24,Employed,1
61082.16,0.65,11949.05,Employed,1
59230.51,0.95,21884.76,Employed,1
35968.42,0.15,13433.11,Self-Employed,1
66289.73,0.48,17396.91,Employed,1
41960.55,0.6,4899.59,Employed,1
62120.87,0.58,17794.62,Self-Employed,1
55509.31,0.4,18062.95,Employed,1
77572.76,0.34,25402.88,Employed,1
46648.01,0.13,22232.81,Employed,1
44760.25,0.39,8016.08,Employed,1
49708.71,0.16,30841.98,Employed,1
45452.3,0.73,22103.03,Unemployed,1
61999.13,0.21,21983.94,Employed,1
25755.34,0.06,19908.18,Employed,0
34194.76,0.55,14822.43,Self-Employed,1
33982.96,0.6,22178.02,Employed,1
64254.61,0.87,24755.88,Employed,1
75659.2,0.58,2531.04,Employed,1
48433.26,0.35,14612.39,Employed,1
47467.67,0.8,17450.53,Employed,1
51050.78,0.54,22561.71,Employed,1
67428.17,0.08,31933.11,Employed,1
36089.7,0.57,12282.59,Self-Employed,1
53575.53,0.91,15020.38,Employed,1
64627.96,0.4,14874.66,Unemployed,1
57516.41,0.3,11984.72,Employed,1
52843.72,0.14,16528.14,Employed,1
65015.69,0.15,27708.02,Employed,1
20000,0.43,9461.65,Unemployed,0
60168.13,0.6,24278.14,Employed,1
40188.86,0.08,2980.98,Employed,1
22540.51,0.94,14386.62,Self-Employed,1
57668.04,0.76,16705.11,Employed,1
70604.88,0.59,36748.6,Self-Employed,1
47938.27,0.83,17251.98,Employed,1
64293.12,0.08,0,Self-Employed,1
74184.17,0.48,11.11,Unemployed,1
69723.72,0.63,20340.3,Employed,1
74599.47,0.83,26137.71,Employed,1
61131.91,0.78,23754.56,Employed,1
51131.5,0.28,21675.7,Unemployed,1
25970.51,0.94,31622.6,Employed,1
46309.06,0.12,14604.09,Employed,1
37351.3,0.88,28949.11,Employed,1
82564.14,0.97,3679.85,Employed,1
47361.71,0.18,10950.52,Employed,1
51848.07,0.72,1929.59,Employed,1
58272.28,0.04,17251.55,Employed,1
50654.04,0.41,19537.39,Employed,1
75425.77,0.52,21141.01,Employed,1
40660.26,0.58,20618.83,Employed,0
52919.11,0.94,10724.47,Self-Employed,1
38862.94,0.67,18097.59,Self-Employed,1
30199.66,0.48,5025.53,Employed,1
40823.46,0.81,33632.29,Employed,1
49444.45,0.95,16963.74,Employed,1
43560.47,0.02,15111.14,Employed,1
39613.69,0.98,35889.4,Employed,0
28905.24,0.09,7577.53,Employed,1
48753.42,0.81,8744.13,Employed,1
27429.19,0.28,9037.8,Unemployed,1
61400.84,0.13,19321.29,Employed,1
51236.6,0.44,24316.32,Employed,1
28136.73,0.64,27396.75,Employed,1
45361.86,0.38,45719.95,Unemployed,0
38717.65,0.05,0,Employed,1
54787.62,0.6,26087.36,Employed,1
70106.76,0.9,14428.69,Employed,1
21872.41,0.38,14135.85,Employed,1
51725.39,0.22,13802.28,Employed,1
47598.01,0.44,10912.3,Employed,1
60070.1,0.05,36845.25,Employed,0
53197.95,0.82,28422.97,Employed,1
38720.46,0.83,20231.96,Employed,1
45214.19,0.59,33510.16,Self-Employed,1
38059.61,0.35,4874.71,Employed,1
66140.11,0.8,6692.95,Self-Employed,1
50319.67,0.55,0,Employed,1
78517.86,0.83,13005.85,Employed,1
49090.09,0.63,21616.99,Employed,1
39373.9,0.78,21028.59,Employed,1
27294.28,0.6,21493.42,Self-Employed,1
22952.9,0.41,5889.43,Unemployed,0
26237.96,0.96,28031.55,Employed,1
54006.9,0.54,22396.28,Employed,1
57630.88,0.61,27330.54,Employed,1
26282.14,0.22,1072.38,Employed,1
63425.57,0.63,23114.91,Employed,1
42754.08,0.57,8122.35,Employed,1
52201.9,0.18,16026.77,Unemployed,1
74183.31,0.06,25343.65,Employed,1
63452.59,0.6,20910.94,Unemployed,1
45972.04,0.76,11484.6,Self-Employed,1
36632.12,0.52,20062.73,Self-Employed,1
20000,0.23,4684.65,Employed,1
39212.7,0.67,31502.67,Employed,1
46833.05,0.08,17947.16,Employed,1
35192.31,0.44,31185.5,Employed,0
48031.15,0.16,14734.68,Employed,1
51152.78,0.18,14764.24,Unemployed,1
46627.16,0.2,12358.13,Self-Employed,1
40249.96,0.39,28761.74,Self-Employed,1
52529.82,0.05,12905.69,Self-Employed,1
56629.11,0.4,26445.95,Employed,1
33644.01,0.51,16175.48,Employed,1
71163.99,0.48,240.37,Employed,1
48521.18,0.38,14296.86,Employed,1
50282.74,0.84,8208.92,Self-Employed,1
60623.22,0.15,20339.03,Employed,1
53498.24,0.51,8095.92,Employed,1
64297.05,0.06,29259.75,Employed,1
54306.86,0.07,19089.24,Employed,1
40813.44,0.57,18224.04,Employed,1
55422.55,0.57,26558.92,Self-Employed,1
32844.11,0.88,29639.07,Employed,0
51628.4,0.56,19799.01,Employed,1
49501.55,0.96,12288,Employed,1
46878.25,0.05,2260.3,Employed,1
48071.94,0.1,13139.5,Employed,1
21772.26,0.04,13827.88,Unemployed,1
41769.13,0.19,21070.57,Employed,0
51392.67,0.54,16548.53,Employed,1
52397.85,0.65,26879.33,Employed,1
34584.87,0.05,13870.17,Employed,1
68985.62,0.95,19429.59,Employed,1
37007.38,0.84,31839.87,Employed,1
64541.86,0.3,23418.25,Employed,1
56407.92,0.08,19399.62,Self-Employed,1
40306.59,0.17,13980.56,Employed,1
76629.66,0.13,13667.69,Employed,1
32095.45,0.12,11493.87,Employed,1
63787.31,0.52,14589.93,Employed,1
65008.73,0.25,27556.66,Self-Employed,1
39940.7,0.36,17781.12,Unemployed,1
70886.98,0.99,6502.27,Employed,1
46249.3,0.68,37681.69,Self-Employed,1
54330.4,0.95,23199.65,Self-Employed,1
53904.83,0.14,5930.57,Unemployed,1
47985.37,0.38,15581.51,Employed,1
62162.12,0.55,21108.86,Employed,0
61902.33,0.08,37045.92,Employed,1
23772.02,0,8918.88,Self-Employed,0
69565.1,0.67,29760.41,Employed,1
25062.62,0.64,33994.86,Employed,0
65488.19,0.41,13713.46,Employed,1
66900.58,0.49,17224.86,Employed,1
33635.5,0.42,9636.91,Employed,1
43837.79,0.02,17965.39,Self-Employed,1
33414.43,0.34,19634.1,Employed,1
46776.18,0.18,26596.5,Self-Employed,0
45379.49,0.1,30901.83,Employed,0
61694.91,0.96,12519.04,Employed,1
69654.63,0.6,326.75,Employed,1
70935.26,0.73,19787.55,Employed,1
41567.48,0.32,22935.38,Employed,0
46861.67,0.39,22494.18,Employed,1
24748.43,0.24,16733.27,Employed,1
37911.95,0.1,21247.52,Self-Employed,1
64472.77,0.18,35154.45,Employed,1
74233.74,0.8,23817.34,Employed,1
31484.77,0.68,16266.32,Employed,1
41113.04,0.55,14998.02,Employed,1
49603.91,0.48,18301.48,Employed,1
54202.42,0.92,36367.4,Employed,1
37855.95,0.07,18166.99,Employed,1
56360.92,0.28,19802.06,Employed,1
42892.41,0.35,15176.86,Employed,1
49783.22,0.78,30989.83,Self-Employed,1
58194.26,0.99,39598.37,Employed,1
50096.33,0.24,24506.13,Employed,1
43454.21,0.87,20827.73,Self-Employed,1
48355.85,0.83,20367.83,Employed,1
48674.56,0.22,0,Employed,1
44449.83,0.4,27451.51,Employed,1
46118.06,0.41,21341.66,Employed,1
73979.71,0.98,24283.42,Employed,1
58413.79,0.18,12885.38,Employed,1
45567.8,0.8,16155.43,Unemployed,1
60454.32,0.33,15889.75,Self-Employed,1
44992.71,0.73,30216.23,Employed,1
67596.87,0.42,16212.4,Employed,1
55544.63,0.58,40826.6,Employed,0
48390.47,0.83,24308.62,Employed,1
56715.75,0.8,7243.17,Employed,1
26436.86,0.87,18714.54,Employed,1
33098.49,0.06,13483.25,Employed,1
32091.12,0.69,0,Employed,1
52144.15,0.14,35994.71,Unemployed,0
75987.72,0.42,27031.43,Employed,1
83469.5,0.55,25332.07,Unemployed,1
59570.77,0.4,21654.04,Unemployed,1
57512.67,0.52,6179.82,Employed,1
22984.13,1,15163.83,Self-Employed,1
41859.89,0.14,28417.81,Employed,0
38183.24,0.68,9487.8,Employed,1
40687.29,0.4,0,Employed,1
47477.84,0.13,17728.94,Employed,1
42918.64,0.16,18582.42,Employed,1
20310.5,0.95,21355.63,Employed,1
61218.65,0.88,27285.19,Employed,1
33908.85,0.91,26376.06,Employed,1
53588.7,0.99,22587.7,Employed,1
81111.24,0.21,31955.31,Employed,1
36209.23,0.36,4810.3,Employed,1
20000,0.67,25045.82,Employed,1
45709.94,0.48,26265.38,Employed,0
66514.39,0.42,7604.38,Employed,1
79375.21,0.36,4971.29,Self-Employed,1
31556.76,0.59,12540.58,Employed,1
57450.49,0.58,13384.59,Employed,1
43020.34,0.16,27534.19,Employed,0
48410.77,0.47,13854.61,Self-Employed,1
89665.15,0.55,11436.51,Employed,1
27455.45,0.57,13883.66,Employed,1
53806.09,0.21,31186.32,Employed,1
57015.4,0.74,20130.43,Employed,1
66286.79,0.03,18207.49,Employed,1
51469.75,0.35,18899.95,Employed,1
54620.76,0.78,32920.6,Unemployed,0
44125.27,0.56,12508.28,Employed,1
54036.9,0.26,33155.08,Employed,1
44852.12,0.69,22104.96,Self-Employed,1
59323.58,0.57,18395.81,Employed,1
44455.84,0.8,45009,Self-Employed,0
55656.51,0.74,9443.61,Employed,1
49561.06,0.61,16463.14,Self-Employed,1
66890.75,0.49,7675.69,Employed,1
49229.09,0.13,29524.62,Self-Employed,0
23404.51,0.26,36891.89,Self-Employed,0
68928.82,0.42,36699.23,Employed,1
36414.02,0.6,32239.49,Employed,1
40193.5,0.51,18023.8,Employed,1
41065.08,0.29,16347.59,Unemployed,0
70616.57,0.01,3288.3,Employed,1
20000,0.5,40358.74,Employed,0
97066.23,0.29,24689.78,Employed,1
65840.85,0.73,15080.43,Employed,1
53348.58,0.02,33280.57,Employed,0
49176.59,0.58,10272.35,Unemployed,1
54283.31,0.94,24066.22,Employed,1
57816.84,0.17,18273.71,Self-Employed,1
59678.23,0.47,26386.77,Employed,1
58334.07,0.09,19364.26,Employed,1
51343.71,0.63,5490.72,Employed,1
47039.92,0.55,20755.76,Employed,0
47730.9,0.41,30488.64,Unemployed,0
47076.38,0.52,19707.84,Self-Employed,1
67006.55,0.9,27751.15,Employed,1
58903.35,0.2,9544.71,Employed,1
20000,0.02,19737.39,Employed,1
59838.51,0.86,13754.9,Unemployed,1
52921.04,0.58,27469.81,Self-Employed,1
49719.37,0.89,20314.92,Self-Employed,1
44172.22,0.6,26900.74,Employed,1
66861.69,0.81,30877.1,Employed,1
64212.9,0.43,26916.19,Employed,1
38406.83,0.75,22731.18,Employed,1
56105.78,0.91,10017.88,Employed,1
35425.15,0.57,19972.14,Employed,1
29305.73,0.18,14669.1,Employed,1
40599.24,0.27,16559.36,Self-Employed,1
62935.9,0.2,16254.66,Self-Employed,1
64296.88,0.25,10200.74,Employed,1
57696.28,0.31,426.61,Employed,1
60876.44,0.56,13318.57,Employed,1
57742.67,0.59,21933.79,Self-Employed,1
40377.78,0.43,6518.23,Self-Employed,1
56478.84,0.62,20156.82,Self-Employed,1
62006.14,0.08,39002.68,Self-Employed,0
61314.37,0.09,30230.57,Employed,0
67833.7,0.17,36435.42,Employed,0
60624.56,0.52,23911.28,Employed,1
55271.72,0.21,31675.1,Employed,1
66052.25,0.28,12760.35,Self-Employed,1
49602.18,0.4,13556.6,Employed,1
36771.88,0.81,0,Employed,1
47554,0.01,31861.45,Employed,1
38826.46,0.65,35403.24,Unemployed,0
