Date,MKS.L,SBRY.L,TSCO.L
1/2/2020,213.0773163,183.0695038,219.2638702
1/3/2020,211.3008575,180.7820892,218.6638184
1/6/2020,210.3139496,178.7313538,217.720932
1/7/2020,215.544632,182.2018585,218.1495056
1/8/2020,215.7420197,179.2046051,215.1494446
1/9/2020,191.8583984,176.9172363,217.1208801
1/10/2020,188.7989502,173.5255585,213.7779236
1/13/2020,187.0224762,173.9199677,213.0922546
1/14/2020,182.5812988,173.9199677,214.3780212
1/15/2020,178.4855804,169.5818329,212.2350616
1/16/2020,181.6930847,170.0550842,210.0063629
1/17/2020,184.6045074,170.6860657,213.0922546
1/20/2020,185.3447113,170.3705902,211.0350647
1/21/2020,183.8643188,167.5310516,209.6635437
1/22/2020,185.0486298,164.0605469,207.3491516
1/23/2020,184.8018951,163.1140289,208.2920837
1/24/2020,182.137207,165.4014435,213.3493652
1/27/2020,178.4855804,160.9055634,210.2635498
1/28/2020,181.8904572,162.0886688,210.8635254
1/29/2020,177.1038666,159.6435242,210.9492798
1/30/2020,178.2881775,160.3534088,212.4922333
1/31/2020,173.6989746,159.6435242,211.6350098
2/3/2020,175.228714,158.5392761,213.3493652
2/4/2020,178.633606,159.4857788,214.549408
2/5/2020,178.2881775,160.5111694,212.8351135
2/6/2020,182.9267426,160.1956482,218.0637817
2/7/2020,181.0515747,159.3280334,218.4066467
2/10/2020,179.916626,158.5392761,220.1209564
2/11/2020,175.672821,159.5646667,217.549469
2/12/2020,178.1894836,162.4830322,219.9495697
2/13/2020,177.1532135,161.6154022,216.0923309
2/14/2020,181.4463501,162.4830322,219.2638702
2/17/2020,181.3970032,164.3760681,220.6352692
2/18/2020,178.5348969,163.1140289,219.8638
2/19/2020,178.9297028,162.7985535,219.9495697
2/20/2020,183.8149719,164.8493347,218.4923553
2/21/2020,180.9528961,166.1901855,219.1780853
2/24/2020,176.7091064,163.1929321,213.6921997
2/25/2020,173.7483215,159.3280334,208.2920837
2/26/2020,169.7019196,160.5111694,206.9206085
2/27/2020,156.9705811,153.0574646,198.0059814
2/28/2020,156.3290863,154.3983154,195.8631134
3/2/2020,155.2928009,161.1421661,195.605957
3/3/2020,161.6584778,162.719696,201.5204468
3/4/2020,159.7339783,167.7676849,206.4063263
3/5/2020,155.4901886,167.3733063,206.4919739
3/6/2020,152.1346436,166.505722,206.2348328
3/9/2020,134.7647552,162.3253021,206.1491547
3/10/2020,133.1363068,156.6856995,207.5205231
3/11/2020,127.2640991,151.0461273,198.9489441
3/12/2020,107.0321198,137.9922791,181.0340576
3/13/2020,96.16607666,141.2656097,188.6629181
3/16/2020,95.65287018,141.9754944,185.5770874
3/17/2020,91.11301422,151.440506,193.6344604
3/18/2020,112.7563019,170.6072083,195.9487915
3/19/2020,114.4834137,165.7958069,193.8059235
3/20/2020,106.3906326,162.3253021,187.2056732
3/23/2020,90.50110626,157.2772522,181.8912201
3/24/2020,98.37678528,160.1167908,185.8342438
3/25/2020,109.1540146,159.0914307,189.8628998
3/26/2020,107.0321198,162.2464294,200.7490234
3/27/2020,97.88332367,165.6380463,199.3775024
3/30/2020,97.66619873,165.7958069,199.8060608
3/31/2020,97.9425354,165.9535522,196.1202393
4/1/2020,98.69260406,168.0832062,191.4915619
4/2/2020,97.96228027,161.5365601,187.548584
4/3/2020,92.77104187,168.319809,191.9201355
4/6/2020,98.79129028,162.5619354,189.9486694
4/7/2020,109.795517,162.4830322,192.1772614
4/8/2020,106.8347473,156.0547333,191.0629425
4/9/2020,109.1046753,157.9082642,198.8631744
4/14/2020,105.3543472,157.6716461,201.5204468
4/15/2020,97.86358643,158.6970215,199.3775024
4/16/2020,92.17888641,156.5674133,202.1204071
4/17/2020,96.81743622,158.7759247,204.0919342
4/20/2020,96.54110718,154.2011261,201.6918793
4/21/2020,89.8497467,158.93367,200.1490021
4/22/2020,86.8494873,161.6154022,205.8062744
4/23/2020,90.14582062,156.8434601,201.1775665
4/24/2020,89.63261414,159.0914307,202.3775635
4/27/2020,93.12634277,158.6181641,201.6918793
4/28/2020,96.18580627,158.3026428,202.4632874
4/29/2020,97.62671661,163.5872803,206.1491547
4/30/2020,90.89588165,156.2519073,201.5204468
5/1/2020,91.78411102,153.4912567,202.549057
5/4/2020,89.47470856,152.032074,200.4061432
5/5/2020,85.96125793,150.3757019,200.7490234
5/6/2020,87.91536713,149.3503265,201.0061493
5/7/2020,93.87640381,151.9926147,203.4062042
5/11/2020,86.4152298,150.4940033,204.0919342
5/12/2020,91.74464417,153.8067627,211.4635925
5/13/2020,85.17172241,151.4799652,212.7493591
5/14/2020,87.52059937,147.0629272,204.6919403
5/15/2020,83.92819214,147.693924,205.7205353
5/18/2020,86.25732422,148.1277466,207.3491516
5/19/2020,84.67825317,144.8150024,203.5776367
5/20/2020,93.7974472,144.4600372,200.9203796
5/21/2020,96.95561218,145.1699524,200.2150879
5/22/2020,93.32372284,144.4600372,200.3914948
5/26/2020,98.98867798,143.9473419,197.746582
5/27/2020,97.76489258,146.7868652,201.3612213
5/28/2020,99.38344574,151.5982666,206.3864288
5/29/2020,96.48188782,153.0180206,201.2730255
6/1/2020,98.57416534,152.7813568,204.4468842
6/2/2020,97.52802277,153.0180206,201.978363
6/3/2020,105.502388,156.8040466,202.5073395
6/4/2020,104.6141586,157.6322327,203.7415924
6/5/2020,110.0915985,155.8575134,200.7440338
6/8/2020,117.5922318,159.0125427,201.6257172
6/9/2020,118.9245911,155.226532,196.9531403
6/10/2020,110.683754,157.9082642,200.1270142
6/11/2020,101.6533813,155.8969574,200.7440338
6/12/2020,104.367424,153.8067627,199.4216461
6/15/2020,106.5880051,151.8348846,195.8070526
6/16/2020,108.1177521,154.4772186,199.0690155
6/17/2020,110.2889786,156.1730347,200.1270142
6/18/2020,110.5850601,156.5674133,199.5979919
6/19/2020,106.4399719,157.9871521,200.4795685
6/22/2020,108.6605453,162.9562988,205.5047913
6/23/2020,107.5749359,161.3787994,203.3889008
6/24/2020,101.8507538,161.9309235,200.3914948
6/25/2020,100.8638382,162.1675568,199.5979919
6/26/2020,99.33410645,163.7450714,203.3889008
6/29/2020,99.92625427,164.8493347,204.6232147
6/30/2020,97.70567322,164.6126709,201.0967255
7/1/2020,98.35704803,160.2745209,196.8649902
7/2/2020,100.8144913,158.0660248,195.5425415
7/3/2020,96.87666321,155.5814667,195.2780457
7/6/2020,97.11352539,154.358902,192.9858704
7/7/2020,93.00790405,152.9785919,192.3687286
7/8/2020,93.75798035,150.6517487,189.5475616
7/9/2020,93.639534,147.8122406,186.5500336
7/10/2020,94.74489594,152.8208466,189.3712006
7/13/2020,96.22528839,154.4772186,189.5475616
7/14/2020,96.7977066,156.2519073,187.8724976
7/15/2020,97.74515533,153.9645233,189.0185852
7/16/2020,96.69901276,154.2011261,190.3410339
7/17/2020,97.54776764,153.2151947,189.1949005
7/20/2020,97.33065033,150.4545593,188.7541046
7/21/2020,96.73847961,149.3897705,191.134491
7/22/2020,95.2186203,149.4686279,189.1067352
7/23/2020,95.81078339,149.8630066,190.4291382
7/24/2020,94.11326599,150.6911774,194.5727692
7/27/2020,95.23835754,149.429184,193.955658
7/28/2020,98.88998413,147.2995758,192.1924286
7/29/2020,99.67953491,150.020752,195.3662415
7/30/2020,95.39627075,149.2320099,192.1924286
7/31/2020,93.73823547,147.6150665,191.3989563
8/3/2020,95.71208191,147.6544952,193.250351
8/4/2020,96.93587494,150.4940033,196.0715027
8/5/2020,101.2586136,150.8489685,195.4543457
8/6/2020,99.92625427,149.074234,196.2478027
8/7/2020,102.2455368,149.429184,197.2176208
8/10/2020,108.8579407,149.8630066,198.7163391
8/11/2020,115.2236099,149.981308,198.0991974
8/12/2020,116.4572678,153.4912567,203.5653076
8/13/2020,113.4471436,150.9278259,201.8020172
8/14/2020,111.3745956,149.7446899,201.0085602
8/17/2020,112.1147919,149.8630066,201.8020172
8/18/2020,106.637352,148.9953766,201.2730255
8/19/2020,107.525589,147.7728271,200.7440338
8/20/2020,107.5749359,148.6009979,198.363678
8/21/2020,108.3644791,148.4826965,200.5677338
8/24/2020,109.4500885,148.2855072,200.1270142
8/25/2020,110.3383331,146.0770264,197.746582
8/26/2020,112.5095596,147.0629272,196.8649902
8/27/2020,111.3252563,146.4319305,195.6307526
8/28/2020,109.6474762,144.9727325,192.8095093
9/1/2020,104.9595795,141.3050232,189.1949005
9/2/2020,106.1438904,142.4092865,191.3107605
9/3/2020,106.4399719,144.0656738,189.7238464
9/4/2020,107.525589,144.1839905,190.2528229
9/7/2020,109.0553207,146.1952972,191.5752716
9/8/2020,107.0321198,148.0488586,194.3082886
9/9/2020,106.3412857,151.2827606,197.1294403
9/10/2020,104.0713425,148.206604,193.955658
9/11/2020,100.5184174,146.4713745,194.6609039
9/14/2020,103.3311539,145.5643158,191.6634521
9/15/2020,107.8216629,147.8122406,193.7793274
9/16/2020,110.6343994,145.9192505,190.2528229
9/17/2020,110.5357132,150.7700806,189.7238464
9/18/2020,109.3020554,153.8067627,193.602951
9/21/2020,103.1337585,155.187088,198.8045654
9/22/2020,100.6664505,157.9082642,199.157196
9/23/2020,99.13671112,159.3280334,197.3057709
9/24/2020,95.94894409,159.4069366,193.1621857
9/25/2020,92.77104187,155.5814667,190.4291382
9/28/2020,98.31757355,156.7645874,192.1924286
9/29/2020,95.08044434,152.1109467,189.5475616
9/30/2020,96.24502563,150.6123352,187.3434906
10/1/2020,98.21887207,150.0996399,185.7565918
10/2/2020,97.40959167,151.1250153,185.1394348
10/5/2020,98.51495361,156.6068573,187.4317169
10/6/2020,96.24502563,155.46315,188.6659393
10/7/2020,96.14633179,154.9898987,187.4317169
10/8/2020,94.5475235,155.187088,190.1646576
10/9/2020,97.90306091,157.9871521,193.602951
10/12/2020,96.26475525,157.9082642,193.1621857
10/13/2020,93.58032227,159.7224121,196.0715027
10/14/2020,92.96843719,157.9082642,195.2780457
10/15/2020,90.79719543,157.5139008,192.2366486
10/16/2020,89.9681778,160.5900421,191.6999207
10/19/2020,91.34986877,159.8013,189.374115
10/20/2020,91.34986877,160.9844055,191.4315491
10/21/2020,93.85665894,161.2210388,190.536972
10/22/2020,96.3832016,162.6407776,188.4795532
10/23/2020,96.56083679,164.6126709,191.5209961
10/26/2020,93.9948349,163.7450714,189.9108582
10/27/2020,92.23810577,163.1140289,187.1377563
10/28/2020,90.30373383,159.0125427,182.3072357
10/29/2020,87.56007385,159.4069366,181.591629
10/30/2020,87.97457886,159.0125427,183.8279419
11/2/2020,89.33653259,163.4295502,188.2112122
11/3/2020,90.79719543,164.2971954,187.7639313
11/4/2020,95.23835754,164.7704315,189.6424866
11/5/2020,94.64620972,156.1730347,190.0897064
11/6/2020,94.92253876,158.4603882,194.8307648
11/9/2020,111.0291748,156.0547333,195.8148041
11/10/2020,118.8752289,162.2464294,195.5464172
11/11/2020,119.1219635,165.0859222,199.5718384
11/12/2020,119.4180527,165.3311157,199.7507935
11/13/2020,122.1320953,168.2732239,201.0030823
11/16/2020,124.8461456,171.1336365,202.613266
11/17/2020,126.721283,173.9940338,204.4918213
11/18/2020,130.4716187,178.5706635,208.60672
11/19/2020,129.0405731,181.431076,211.2008667
11/20/2020,130.866394,178.8158569,208.1594849
11/23/2020,133.2843475,175.7102814,203.7762146
11/24/2020,138.4657288,179.7148132,203.1499786
11/25/2020,133.629776,180.2051849,204.6707458
11/26/2020,128.497757,176.9361267,203.6866913
11/27/2020,125.734375,176.9361267,203.7762146
11/30/2020,124.1059494,172.5229797,203.0606232
12/1/2020,131.0144196,176.6092682,204.7601776
12/2/2020,133.2350006,171.5422668,200.8242188
12/3/2020,140.2915192,178.6523895,204.4918213
12/4/2020,140.6369476,174.4843597,202.613266
12/7/2020,136.6892548,173.0133209,201.0925598
12/8/2020,135.3569031,176.690979,200.8242188
12/9/2020,141.1304321,182.1666107,202.613266
12/10/2020,134.9621277,184.0462952,206.2809601
12/11/2020,127.9549637,178.3255005,200.1980133
12/14/2020,132.9882813,184.7001038,202.4343872
12/15/2020,135.3569031,187.0701447,200.1980133
12/16/2020,136.8372803,188.9498138,207.1754456
12/17/2020,137.3307495,186.0894318,206.0125732
12/18/2020,131.8533325,184.9452667,202.7027283
12/21/2020,127.1654129,180.0417328,196.9776917
12/22/2020,129.9288025,177.9986115,197.0671539
12/23/2020,136.5905609,183.0655518,202.3449097
12/24/2020,136.7879486,185.272171,208.3383484
12/29/2020,139.0085297,188.0508575,209.2329254
12/30/2020,136.393158,188.296051,210.4852295
12/31/2020,134.5180054,184.2914886,206.996521
1/4/2021,129.6820679,184.7001038,212.0059509
1/5/2021,131.8533325,184.3731995,213.0793762
1/6/2021,137.676178,190.0122681,219.3412018
1/7/2021,139.5019989,203.0883789,220.0568085
1/8/2021,136.0970917,198.4300232,219.7884216
1/11/2021,132.5441742,193.2812805,218.6255951
1/12/2021,132.6921844,192.2188568,215.5841217
1/13/2021,131.3105164,196.3868713,216.5680542
1/14/2021,136.2944794,198.1031036,215.9420013
1/15/2021,137.7748718,194.5071869,216.1208344
1/18/2021,136.2944794,195.242691,217.2837982
1/19/2021,132.6428528,194.6706238,216.5680542
1/20/2021,135.8997192,196.3051605,216.7470551
1/21/2021,140.9330292,200.2279663,216.5680542
1/22/2021,141.1797638,201.0452423,216.3892059
1/25/2021,139.7980652,203.5787354,218.0888672
1/26/2021,141.673233,205.3766937,217.7310028
1/27/2021,146.0650482,206.6842957,219.0728302
1/28/2021,145.1768341,205.1315002,217.8205109
1/29/2021,139.6993713,199.7376251,214.1528015
2/1/2021,138.1696472,198.0213928,217.7310028
2/2/2021,136.6892548,194.9158173,218.9833832
2/3/2021,137.3800964,194.6706238,220.4146576
2/4/2021,137.0839996,191.8919678,218.8045044
2/5/2021,136.5412292,192.7909546,220.4146576
2/8/2021,132.4454651,191.1564178,218.0888672
2/9/2021,132.8895874,190.9112549,220.1462708
2/10/2021,129.6327362,190.3391571,220.7724762
2/11/2021,127.7575684,188.2143097,218.7149963
2/12/2021,128.645813,187.2335815,215.2263031
2/15/2021,137.0839996,191.5650635,207.1882172
2/16/2021,136.393158,188.4594879,205.4075928
2/17/2021,133.0376282,189.2767334,201.5072021
2/18/2021,131.3105164,187.7239685,195.8685303
2/19/2021,136.2944794,188.7046509,192.9856262
2/22/2021,137.5281372,185.4356232,189.1699982
2/23/2021,142.1173401,187.2335815,190.3571014
2/24/2021,143.8938141,187.3970642,193.1552124
2/25/2021,144.3872833,187.5604858,192.6464539
2/26/2021,140.0447998,184.8635559,190.6114502
3/1/2021,143.4003448,183.2290344,188.7460327
3/2/2021,143.3510132,180.8589783,188.5764618
3/3/2021,146.5091705,182.1666107,188.0677185
3/4/2021,147.0519867,182.1666107,185.9479218
3/5/2021,143.5483856,187.7239685,189.9331207
3/8/2021,147.1013336,184.8635559,186.3718719
3/9/2021,151.9866028,188.6229248,187.5589447
3/10/2021,154.7006531,192.3822937,188.4068756
3/11/2021,154.0591583,191.9736786,186.5414886
3/12/2021,156.0330048,193.1178284,189.7635498
3/15/2021,156.5264587,192.6274872,188.491684
3/16/2021,156.8718719,198.266571,191.8833313
3/17/2021,156.1810303,195.8965302,191.374588
3/18/2021,153.6150208,196.9589386,191.7137451
3/19/2021,153.1215668,200.0645294,193.918335
3/22/2021,150.8516388,198.5934753,194.6814575
3/23/2021,146.9532776,199.0020905,194.5118561
3/24/2021,148.1869354,198.266571,194.1727142
3/25/2021,146.4104919,198.4300232,193.0704041
3/26/2021,151.8385773,200.473175,193.8335571
3/29/2021,151.0490265,200.5548553,193.5791626
3/30/2021,152.5787659,199.7376251,194.9358215
3/31/2021,148.8777924,198.184845,194.0455322
4/1/2021,150.4075165,194.9975433,193.2823792
4/6/2021,150.6542511,197.7762146,193.6639404
4/7/2021,155.0954285,199.4924622,196.1653137
4/8/2021,154.2071991,199.9828033,199.9809418
4/9/2021,154.8486786,200.7183533,198.7514648
4/12/2021,152.8255005,200.3097076,196.7164459
4/13/2021,155.1447601,198.4300232,196.8012543
4/14/2021,155.0954285,196.7954865,192.81604
4/15/2021,152.7267914,199.8193512,190.314682
4/16/2021,154.4539185,203.2518311,196.5892792
4/19/2021,159.9806976,208.1553497,198.8362579
4/20/2021,151.9372559,203.0883789,192.4768677
4/21/2021,152.4307098,203.9873657,192.6464539
4/22/2021,155.9836731,203.2518311,191.5865631
4/23/2021,155.7369232,197.9396667,188.7036438
4/26/2021,156.5758057,198.6751709,188.5764618
4/27/2021,156.9212494,197.8579254,187.7709503
4/28/2021,156.6251526,192.0554047,186.2870941
4/29/2021,156.4277802,192.3822937,186.4566803
4/30/2021,155.9342957,194.2619934,187.389389
5/4/2021,154.2565308,194.9975433,188.2796936
5/5/2021,154.9473724,201.0452423,190.5266571
5/6/2021,154.4045715,201.2904358,191.5441589
5/7/2021,157.2666779,205.2949829,192.9008179
5/10/2021,160.8195953,209.2995453,195.0206299
5/11/2021,153.7137146,207.5015564,189.678772
5/12/2021,150.5555725,211.9147339,192.7736511
5/13/2021,149.3219147,211.8330383,192.81604
5/14/2021,155.243454,211.6695862,195.8261414
5/17/2021,154.0591583,216.1644745,196.9284363
5/18/2021,154.1085052,215.7558594,196.546875
5/19/2021,152.0852966,214.7751312,196.546875
5/20/2021,152.1346436,214.7751312,197.0690155
5/21/2021,150.7529449,216.2462311,196.4163361
5/24/2021,154.75,215.9193115,197.1995697
5/25/2021,153.9111023,216.9000397,196.1117706
5/26/2021,166.9878693,215.1020813,195.9812012
5/27/2021,168.8630524,217.3903961,194.9368896
5/28/2021,163.2375488,217.0634613,194.2842255
6/1/2021,157.7107849,218.943161,195.7636261
6/2/2021,160.5235138,218.943161,196.2422943
6/3/2021,157.7601166,220.4959564,196.4163361
6/4/2021,155.3914948,216.9000397,195.8071594
6/7/2021,158.7963867,215.2655029,196.3293152
6/8/2021,162.1026001,215.4289551,196.8949738
6/9/2021,157.2173157,214.2030792,197.1560364
6/10/2021,155.3914948,213.8666992,198.417923
6/11/2021,156.5758057,212.1846924,201.5508423
6/14/2021,154.9473724,213.4461975,201.681366
6/15/2021,153.9111023,213.4461975,201.0286713
6/16/2021,152.8255005,215.9691925,200.2889557
6/17/2021,152.4307098,218.0716705,201.1592255
6/18/2021,146.6572113,218.7445068,192.9788208
6/21/2021,150.7529449,227.1544952,196.3293152
6/22/2021,150.7529449,226.9863129,195.1109619
6/23/2021,151.7892151,226.8181152,194.0666351
6/24/2021,150.7529449,229.1729126,194.3712463
6/25/2021,151.4931335,228.5001373,195.3720398
6/28/2021,148.5816956,227.0704193,194.8933868
6/29/2021,147.6441345,226.0612183,193.9360962
6/30/2021,144.5353088,228.584198,194.0231323
7/1/2021,150.1607666,228.9205933,194.1536713
7/2/2021,150.6542511,228.7524261,195.4590454
7/5/2021,155.0460815,233.9666138,201.4638062
7/6/2021,151.9372559,235.3122253,203.8569946
7/7/2021,150.5555725,240.0218201,206.6417999
7/8/2021,145.9170074,238.676178,203.8569946
7/9/2021,146.3611145,239.0126343,206.859375
7/12/2021,145.571579,238.2557373,205.3799591
7/13/2021,145.6702728,238.003418,206.2067108
7/14/2021,143.2029572,237.8352356,205.0753479
7/15/2021,135.7023315,239.4331512,202.7256775
7/16/2021,136.4918671,239.2649231,204.4226379
7/19/2021,130.5703125,236.4055176,201.202713
7/20/2021,129.8301239,234.1347961,199.8538361
7/21/2021,136.7879486,235.2281647,201.2897644
7/22/2021,136.2944794,236.0691376,201.724884
7/23/2021,138.5644073,234.7234955,203.9005127
7/26/2021,140.7850037,235.1440125,202.2470398
7/27/2021,139.3539429,236.8260193,203.9875488
7/28/2021,139.9954529,236.8260193,202.899704
7/29/2021,136.2944794,238.9284973,202.9867554
7/30/2021,133.7284698,238.2557373,202.7691956
8/2/2021,135.5542908,239.853653,203.2913208
8/3/2021,135.6529846,245.5724335,204.8577728
8/4/2021,137.1827087,242.4607239,203.0737915
8/5/2021,137.8735657,242.2925568,201.7684021
8/6/2021,138.1203003,242.8812103,202.899704
8/9/2021,138.4657288,244.5631866,203.3348389
8/10/2021,139.2059174,247.1703339,204.074585
8/11/2021,139.7980652,254.4029541,207.9036713
8/12/2021,144.3872833,255.328064,209.9052582
8/13/2021,145.078125,254.234726,211.4282074
8/16/2021,145.1768341,251.0389252,210.6884918
8/17/2021,144.0911865,248.7682343,213.4298096
8/18/2021,143.0549164,244.4791565,213.4733276
8/19/2021,140.8343353,243.2176208,212.34198
8/20/2021,160.6715393,247.8431702,214.5176086
8/23/2021,161.7571716,285.9405212,218.8688812
8/24/2021,168.4682617,272.0639954,218.4772797
8/25/2021,177.1038666,271.7275696,218.9124146
8/26/2021,176.5610657,268.95224,220.1742706
8/27/2021,176.1169586,261.0468445,221.7842255
8/31/2021,177.1532135,255.6644592,222.0452881
9/1/2021,182.0878601,257.5146484,222.7850342
9/2/2021,180.4100647,255.7485352,223.3071747
9/3/2021,180.1633453,255.4962311,222.5239563
9/6/2021,178.6829681,255.2439728,224.0033875
9/7/2021,184.6538696,253.3937378,224.8736115
9/8/2021,183.568222,253.4778748,223.6552887
9/9/2021,182.137207,249.6933289,221.6101685
9/10/2021,184.703186,247.4226379,221.3926086
9/13/2021,185.9368744,244.4623108,222.9590912
9/14/2021,186.4303131,243.301712,222.6109772
9/15/2021,183.7162781,240.2741394,221.6537018
9/16/2021,179.8179169,237.1624298,223.7858429
9/17/2021,180.0153046,237.4988098,222.7415161
9/20/2021,179.3738098,241.2833252,221.4361267
9/21/2021,183.0747833,245.9929352,223.829361
9/22/2021,185.7888184,248.8523712,227.7019653
9/23/2021,185.8875122,248.8523712,225.8744049
9/24/2021,184.703186,248.5159454,224.0904236
9/27/2021,190.2299805,245.4883575,224.4384918
9/28/2021,187.0224762,245.7406158,223.0896149
9/29/2021,188.0093994,244.3109436,223.2201538
9/30/2021,181.1009064,240.0218201,220.4353485
10/1/2021,179.225769,239.2649231,215.77948
10/4/2021,181.4463501,247.3385468,218.9994049
10/5/2021,183.2721558,251.7958527,220.1742706
10/6/2021,177.1532135,244.4791565,233.2715912
10/7/2021,169.553894,246.8339233,237.7098846
10/8/2021,172.0212097,248.6000824,239.8420105
10/11/2021,170.4914551,247.0021667,235.2731934
10/12/2021,174.3898163,247.8431702,235.055603
10/13/2021,180.2126923,247.9272308,234.4029083
10/14/2021,180.9528961,248.6841278,234.270813
10/15/2021,181.7917633,249.44104,235.9441528
10/18/2021,179.3738098,247.8431702,237.353302
10/19/2021,181.2983093,249.6092529,241.5367584
10/20/2021,178.9297028,249.9456482,239.6872253
10/21/2021,178.2388458,249.1046448,238.4102173
10/22/2021,175.6234741,246.9180603,238.4542389
10/25/2021,179.7685547,248.8523712,241.0523529
10/26/2021,183.4695282,253.4778748,241.2284851
10/27/2021,182.6799927,257.7669067,239.1587982
10/28/2021,182.0384979,251.964035,237.4413757
10/29/2021,181.1996155,251.7958527,237.7055969
11/1/2021,186.1342468,247.8431702,239.5111084
11/2/2021,188.4041748,246.6657715,239.55513
11/3/2021,186.1835785,242.9653473,240.9202423
11/4/2021,190.0819702,236.9942169,242.7257233
11/5/2021,191.3649445,239.0967255,242.5055237
11/8/2021,187.8120117,243.2176208,242.0651855
11/9/2021,191.9077606,243.6381531,245.2797546
11/10/2021,223.5387421,246.9180603,250.9604187
11/11/2021,229.4602966,250.1490479,249.8595123
11/12/2021,233.901474,250.8292542,251.004425
11/15/2021,233.2106171,250.5742035,251.7970886
11/16/2021,229.1641998,248.023407,247.1733246
11/17/2021,224.723053,244.8773804,244.7073364
11/18/2021,233.1119385,249.4688568,246.0283966
11/19/2021,237.6517792,248.78862,245.5880127
11/22/2021,242.290329,251.424469,247.3935089
11/23/2021,244.066803,249.2988129,246.4247131
11/24/2021,240.1190948,250.8292542,247.0411987
11/25/2021,242.3890381,251.1693573,246.9091034
11/26/2021,234.9870911,249.638916,245.8522491
11/29/2021,237.5530853,246.3228607,245.720108
11/30/2021,233.1119385,235.1843567,243.7385254
12/1/2021,237.5530853,238.2453156,244.9715424
12/2/2021,235.5792389,237.0549164,244.7073364
12/3/2021,237.947876,236.5447845,246.6889343
12/6/2021,241.6981659,238.0752411,247.1733246
12/7/2021,245.0537262,236.9698944,250.3879089
12/8/2021,240.6125641,235.4393921,249.0228119
12/9/2021,239.1321716,234.249054,249.242981
12/10/2021,233.901474,233.9939728,250.4759979
12/13/2021,230.4472198,231.3581543,251.3127136
12/14/2021,225.80867,234.0789337,250.7842407
12/15/2021,220.2818756,229.74263,248.5384521
12/16/2021,220.183197,230.2527618,248.7145691
12/17/2021,221.6635895,230.5928802,250.4759979
12/20/2021,222.6505127,231.8682861,253.2943115
12/21/2021,226.0060425,231.2730865,254.0869446
12/22/2021,224.5256805,232.7185669,253.2502899
12/23/2021,226.5982056,232.7185669,253.9548645
12/24/2021,227.1903687,233.7388763,253.5585327
12/29/2021,231.7302246,237.1399384,256.3327942
12/30/2021,230.1511383,235.8645325,256.5089111
12/31/2021,228.3746643,234.5040741,255.3199615
1/4/2022,235.3818512,235.8645325,258.8868713
1/5/2022,246.4354095,237.9051819,261.3088684
1/6/2022,247.6197205,238.1602783,257.4336548
1/7/2022,253.245224,233.9939728,254.5713501
1/10/2022,250.3831177,237.3099976,257.5658264
1/11/2022,253.541275,237.4800262,257.4336548
1/12/2022,249.6922913,244.8773804,257.3896484
1/13/2022,229.9537506,247.938385,255.1438293
1/14/2022,220.3805847,245.47258,251.004425
1/17/2022,220.5779572,248.78862,254.9236603
1/18/2022,219.1962738,253.9752808,255.0117035
1/19/2022,223.7361298,247.6832733,253.5145111
1/20/2022,220.5779572,244.1121521,253.0300751
1/21/2022,216.4328613,241.2212524,254.3071442
1/24/2022,210.0178528,241.4763336,253.8227692
1/25/2022,216.3341675,245.8127441,256.6851196
1/26/2022,216.0381012,248.023407,260.5162048
1/27/2022,217.913269,251.6795654,264.2151489
1/28/2022,215.2485809,254.3153839,267.2096558
1/31/2022,214.9524841,247.1731415,261.5730286
2/1/2022,213.0773163,245.0474854,264.2151489
2/2/2022,215.3472595,247.4282227,265.9766846
2/3/2022,209.6230774,248.6185455,261.6170654
2/4/2022,201.1355133,244.7923431,260.29599
2/7/2022,194.9178925,239.6057281,256.6410217
2/8/2022,192.4999084,239.5207214,256.8611755
2/9/2022,197.3852081,235.8645325,258.6667175
2/10/2022,198.0760498,239.180603,261.5730286
2/11/2022,194.0789795,238.585434,262.5858459
2/14/2022,189.2924194,235.7795258,260.1639099
2/15/2022,189.8352203,239.4356842,263.5106201
2/16/2022,188.3548279,238.3302765,259.5914307
2/17/2022,183.568222,236.5447845,258.6667175
2/18/2022,182.186554,236.2896729,259.1070251
2/21/2022,178.633606,232.3784332,253.2943115
2/22/2022,175.3274078,229.6575775,253.2943115
2/23/2022,170.9849396,229.5725708,256.1566467
2/24/2022,170.2940826,226.171463,246.2926025
2/25/2022,172.5146484,230.5078735,252.3695679
2/28/2022,172.5146484,234.4191132,255.1878815
3/1/2022,167.7280731,226.5115814,250.0797119
3/2/2022,163.780365,221.0698853,248.9347687
3/3/2022,160.6715393,214.6078339,247.8338623
3/4/2022,155.243454,211.4618378,242.5055237
3/7/2022,147.9402008,212.9923096,240.2597046
3/8/2022,149.2232056,211.9720001,234.3148499
3/9/2022,156.4277802,217.2436676,242.0211487
3/10/2022,156.378418,214.3527527,241.4046173
3/11/2022,158.0561981,216.053299,240.2156525
3/14/2022,163.286911,219.0292206,243.9146881
3/15/2022,159.8326721,219.7094574,245.2797546
3/16/2022,164.7672882,221.4950104,244.5311737
3/17/2022,160.5728607,224.2158813,244.3110046
3/18/2022,162.9414825,225.7463684,245.4999542
3/21/2022,160.6222076,222.0051727,244.2669678
3/22/2022,157.3159943,219.9645386,245.720108
3/23/2022,156.5758057,219.0292206,243.1660919
3/24/2022,151.8385773,220.6447449,242.2413025
3/25/2022,153.2202606,220.8998108,242.8577881
3/28/2022,153.3189697,221.9201355,246.8210144
3/29/2022,163.1882172,219.1142578,246.8210144
3/30/2022,157.9575043,222.1752167,249.1108704
3/31/2022,152.6774445,214.8628998,243.0779877
4/1/2022,155.884964,211.631897,245.720108
4/4/2022,157.5627441,210.1864166,242.9898987
4/5/2022,156.0823364,209.6762848,241.9330902
4/6/2022,148.6804047,205.0848083,240.1716309
4/7/2022,148.9271088,209.1661072,240.1716309
4/8/2022,151.3944397,209.6762848,238.9386292
4/11/2022,151.4437866,213.5024872,242.3734436
4/12/2022,151.345108,207.9757233,238.3221283
4/13/2022,148.1375885,202.8741302,233.5662689
4/14/2022,147.1506653,205.594986,234.5350189
4/19/2022,145.9170074,208.2308197,238.0578766
4/20/2022,147.2000122,205.6800079,234.7111816
4/21/2022,152.7267914,206.2751923,233.4781799
4/22/2022,149.9140625,204.6596832,233.9185486
4/25/2022,150.9996796,206.9553986,236.5606689
4/26/2022,139.8474121,204.2345428,237.9698181
4/27/2022,135.1595001,203.2142334,240.9642639
4/28/2022,137.0839996,194.4564667,239.8193207
4/29/2022,135.9490509,198.367691,239.55513
5/3/2022,141.525177,204.8297272,243.6945038
5/4/2022,138.8604889,198.7077942,239.2909241
5/5/2022,134.0739136,197.2623596,239.2909241
5/6/2022,132.2974396,193.7762299,239.0266876
5/9/2022,131.0637817,198.1125946,242.637619
5/10/2022,132.5935059,198.1125946,244.1348419
5/11/2022,134.9127808,196.7521973,242.9898987
5/12/2022,139.0578613,198.367691,241.4046173
5/13/2022,139.8474121,203.0441742,247.6577148
5/16/2022,142.4134216,207.9757233,252.501709
5/17/2022,141.1304321,204.1495056,245.103653
5/18/2022,135.2088623,203.2142334,234.3588715
5/19/2022,131.8533325,201.5136871,231.365921
5/20/2022,135.1101685,197.8575439,236.0821228
5/23/2022,134.7153931,198.367691,237.5332489
5/24/2022,130.5209808,197.5174255,234.2681885
5/25/2022,136.8372803,194.966629,231.5473022
5/26/2022,147.6441345,197.5174255,233.996109
5/27/2022,147.8908691,196.4971161,234.449585
5/30/2022,150.3088379,196.4971161,235.0844879
5/31/2022,147.8908691,194.2013855,234.9030609
6/1/2022,147.9402008,193.1810608,234.8123779
6/6/2022,148.8284454,193.6912079,236.263504
6/7/2022,144.5353088,188.2494965,233.996109
6/8/2022,146.3117828,189.099762,235.5379639
6/9/2022,142.2160339,186.3411407,228.735733
6/10/2022,138.3176575,189.8116608,226.8311005
6/13/2022,135.3569031,182.3366699,223.2032623
6/14/2022,132.9882813,180.9128723,223.7474213
6/15/2022,137.2320709,186.6970825,227.8287659
6/16/2022,130.7676849,184.8283539,226.4683075
6/17/2022,136.4425201,183.1375885,228.2822571
6/20/2022,139.946106,185.4512634,228.4636536
6/21/2022,139.4033051,182.5146637,226.559021
6/22/2022,136.7385864,184.3833923,224.4730072
6/23/2022,137.2320709,181.9807281,223.6567383
6/24/2022,142.1173401,187.5869904,231.6380005
6/27/2022,143.0549164,188.2988892,230.7310333
6/28/2022,142.5614471,189.9896698,232.7263641
6/29/2022,138.2683411,187.7649689,234.2681885
6/30/2022,133.7284698,181.5357666,231.7286987
7/1/2022,136.393158,184.5613708,231.093811
7/4/2022,137.9722443,185.4512634,233.5426331
7/5/2022,135.6529846,187.4089966,231.7286987
7/6/2022,133.2350006,191.0575104,233.8147125
7/7/2022,136.8866425,190.3456116,233.1798401
7/8/2022,132.5441742,193.0152435,237.4425354
7/11/2022,132.9882813,191.5024567,235.7193298
7/12/2022,132.7415619,191.5024567,235.6286316
7/13/2022,130.5209808,191.1465149,232.9077301
7/14/2022,127.8069077,186.7860718,232.7263641
7/15/2022,132.8895874,189.8116608,234.8123779
7/18/2022,135.0608215,191.7694092,235.8100281
7/19/2022,140.9823761,192.748291,237.8960266
7/20/2022,141.525177,192.4813232,235.6286316
7/21/2022,141.1797638,192.748291,236.8076935
7/22/2022,142.9069061,196.129837,235.2658539
7/25/2022,143.4990387,196.8417511,240.1634216
7/26/2022,133.6791382,190.8795319,234.6309814
7/27/2022,136.7879486,193.5491791,236.8076935
7/28/2022,137.7255249,194.4390717,236.4449158
7/29/2022,139.6006775,196.6637726,238.1681213
8/1/2022,139.4033051,196.2188263,240.0727692
8/2/2022,136.6892548,196.3968048,240.9796906
8/3/2022,135.5049286,193.9051361,239.437851
8/4/2022,137.4788055,194.8840027,238.984375
8/5/2022,134.3699646,193.104248,237.6239624
8/8/2022,137.0346832,194.0831299,237.7146759
8/9/2022,136.7879486,193.104248,239.1657867
8/10/2022,140.4889221,196.9307404,242.1587372
8/11/2022,134.4686737,195.9518585,240.3448486
8/12/2022,134.3699646,195.8628693,238.8937073
8/15/2022,133.4817352,196.9307404,241.4331818
8/16/2022,135.5542908,199.0664368,242.9750061
8/17/2022,133.0869904,196.8417511,243.8819733
8/18/2022,131.359848,196.9307404,245.5145416
8/19/2022,129.5833893,195.328949,245.6959229
8/22/2022,128.004303,194.6170349,245.2424164
8/23/2022,127.3134613,191.4134674,241.1611023
8/24/2022,125.5863266,186.6970825,235.2658539
8/25/2022,120.0101929,185.5402679,232.6356506
8/26/2022,118.7271957,180.3789368,229.189209
8/30/2022,120.4543152,183.048584,227.6473694
8/31/2022,120.306282,181.0018463,225.5613556
9/1/2022,120.1088943,177.9762573,221.4800415
9/2/2022,119.664772,180.8238831,224.6544037
9/5/2022,122.0334015,182.4256744,226.3776245
9/6/2022,127.9549637,186.7860718,232.0914612
9/7/2022,120.4049683,184.2054291,226.105545
9/8/2022,115.3222961,175.8405304,215.3126831
9/9/2022,116.1118469,180.289978,217.5800781
9/12/2022,125.0435181,189.9006653,229.5519867
9/13/2022,120.306282,186.875061,222.4777069
9/14/2022,118.6285095,180.5569,215.2220001
9/15/2022,114.2366867,179.4890594,210.4151154
9/16/2022,112.8056412,180.467926,209.9616241
9/20/2022,110.2889786,172.8149414,203.2501068
9/21/2022,109.4500885,173.3488922,204.7919464
9/22/2022,108.9566345,174.1497803,205.8802795
9/23/2022,105.1569748,171.7025909,199.7129669
9/26/2022,101.6533813,170.6062622,197.3548584
9/27/2022,100.9625397,168.2765656,195.9944153
9/28/2022,102.3442154,162.2698669,191.8223877
9/29/2022,94.29090881,153.3265533,181.6644287
9/30/2022,97.38986206,155.1062927,187.5596619
10/3/2022,97.86358643,157.108551,189.4642944
10/4/2022,101.1105652,160.7125702,190.4619598
10/5/2022,95.61338806,153.2375641,182.5713806
10/6/2022,94.92253876,151.235321,181.0295563
10/7/2022,92.63287354,151.4133148,182.0272064
10/10/2022,95.23835754,153.9494629,186.9247894
10/11/2022,96.91613007,155.9516907,187.7410583
10/12/2022,91.98149872,152.5256348,180.6214142
10/13/2022,97.15299988,157.1975403,185.8005066
10/14/2022,98.10044861,158.9772797,186.9103394
10/17/2022,102.2948761,162.5812988,190.2397461
10/18/2022,101.9494553,164.1385956,189.2224274
10/19/2022,100.6171036,162.8037872,189.5923767
10/20/2022,101.9987946,164.5835266,191.8119812
10/21/2022,100.0249481,165.4289246,193.4766998
10/24/2022,101.1105652,166.6302643,194.9564362
10/25/2022,105.1076202,169.1664429,195.1414032
10/26/2022,106.6866989,170.9906769,196.2512207
10/27/2022,107.4762421,172.0140686,196.8061371
10/28/2022,102.8870392,169.4778748,196.7136383
10/31/2022,104.120697,172.9929047,198.9332733
11/1/2022,109.3514023,177.6203003,201.4303284
11/2/2022,109.74617,176.0630341,200.5055084
11/3/2022,108.1670837,188.2988892,206.239502
11/4/2022,111.1772156,185.7182159,206.4244843
11/7/2022,113.4964905,193.9941254,210.5862427
11/8/2022,115.5196915,195.0619659,212.9908447
11/9/2022,111.6213303,194.3500671,211.1411743
11/10/2022,118.4311142,192.8097687,210.7712097
11/11/2022,123.0696716,197.8836975,211.0486908
11/14/2022,123.6124802,199.5146332,213.0833282
11/15/2022,123.0696716,195.7997742,210.3087921
11/16/2022,118.1843948,191.1788483,208.921524
11/17/2022,119.1219635,191.0882568,209.4764404
11/18/2022,121.8360138,196.4340363,213.9156952
11/21/2022,118.2830811,196.343399,214.5630798
11/22/2022,121.2438507,199.9676514,217.3376007
11/23/2022,124.0072479,202.32341,218.3549347
11/24/2022,125.092865,204.8603821,219.7422028
11/25/2022,124.0566025,204.0449219,217.3376007
11/28/2022,122.3294754,202.6858368,215.117981
11/29/2022,120.8490829,202.1421967,215.487915
11/30/2022,118.973938,201.6891632,210.4012909
12/1/2022,120.9477844,201.1455383,211.5110931
12/2/2022,121.5399399,202.8670349,211.3261261
12/5/2022,120.6517029,204.2261353,212.8058777
12/6/2022,119.8621597,205.1321869,211.7885437
12/7/2022,120.602356,204.6791534,211.1411743
12/8/2022,120.7010574,203.138855,213.5457306
12/9/2022,121.441246,205.1321869,210.7712097
12/12/2022,117.641571,200.6925049,209.753891
12/13/2022,121.194519,201.3267212,209.4764404
12/14/2022,120.306282,199.786438,208.7365723
12/15/2022,118.8258896,197.7930908,206.7019196
12/16/2022,117.2468109,197.4306641,205.5921326
12/19/2022,118.6778564,199.4240112,206.8868866
12/20/2022,119.6154251,199.786438,207.5342865
12/21/2022,121.2932053,200.964325,209.8463745
12/22/2022,118.4804688,199.4240112,209.1065216
12/23/2022,121.9840546,198.6991577,209.6614075
12/28/2022,120.7997437,197.9743195,206.7019196
12/29/2022,122.6749039,198.5179596,207.441803
12/30/2022,121.6879807,197.2494812,207.3493042
1/3/2023,124.9941864,203.7731018,211.7885437
1/4/2023,129.9288025,213.5585632,217.3376007
1/5/2023,134.3699646,217.3640137,220.5745392
1/6/2023,135.7516785,220.7164459,223.2565765
1/9/2023,139.2552643,223.8876648,224.9212799
1/10/2023,139.452652,222.7097778,223.9039612
1/11/2023,141.525177,219.1761169,225.3837128
1/12/2023,143.4003448,221.5318909,227.5108643
1/13/2023,143.9924927,218.3606873,227.1409149
1/16/2023,148.1375885,220.4446259,228.8981018
1/17/2023,148.9271088,221.4412842,229.1755524
1/18/2023,149.124527,219.8103943,229.1755524
1/19/2023,147.2493439,218.4512939,229.5455017
1/20/2023,149.0258331,220.5352325,229.2680359
1/23/2023,146.9039307,221.8037262,231.025238
1/24/2023,145.8183289,219.3573761,225.5686798
1/25/2023,143.1536255,216.5485687,226.2160797
1/26/2023,143.6470795,216.910965,227.1409149
1/27/2023,144.2885895,228.7803802,228.3431854
1/30/2023,145.1768341,238.112793,228.9905853
1/31/2023,143.8938141,237.9316254,227.4183502
2/1/2023,148.1375885,238.9282684,228.8981018
2/2/2023,158.9444427,242.3713074,229.63797
2/3/2023,160.8689423,242.3713074,227.8807831
2/6/2023,156.5264587,241.5558472,227.9732666
2/7/2023,155.9342957,242.8243408,228.1582184
2/8/2023,156.7238464,239.4718933,225.9386292
2/9/2023,156.378418,240.0155334,226.0310974
2/10/2023,151.6411743,235.3040314,224.7363129
2/13/2023,151.7398834,235.7570648,224.6438293
2/14/2023,151.5918427,239.5625,227.3258667
2/15/2023,151.2464142,240.2873688,231.2101898
2/16/2023,151.7892151,239.9249268,231.3026886
2/17/2023,148.7790985,239.5625,232.0425415
2/20/2023,148.7297516,239.0188599,232.3200226
2/21/2023,150.5555725,238.0222168,231.025238
2/22/2023,148.5323639,238.2034149,230.4703217
2/23/2023,150.7529449,238.837677,230.2853699
2/24/2023,150.9009857,238.2940216,228.3431854
2/27/2023,155.7862854,245.7237244,235.0945282
2/28/2023,157.9081726,243.0055695,235.8344269
3/1/2023,155.884964,240.8309631,232.5974884
3/2/2023,156.1810303,240.4685669,235.0020752
3/3/2023,158.105545,239.5625,237.0366974
3/6/2023,158.9444427,240.6497955,240.3661346
3/7/2023,158.105545,238.5658264,239.6262665
3/8/2023,158.4016113,239.0188599,240.9210358
3/9/2023,158.2536011,237.9316254,243.0481567
3/10/2023,155.9342957,235.6664581,240.0886841
3/13/2023,150.1607666,230.4113007,235.8344269
3/14/2023,153.5163422,233.0388794,235.6494293
3/15/2023,143.4990387,229.3240356,232.9674225
3/16/2023,144.6833496,230.5924988,233.0598907
3/17/2023,139.7487335,225.7903748,228.3431854
3/20/2023,142.166687,228.1461487,230.9327393
3/21/2023,146.1143951,237.7503815,237.4990997
3/22/2023,152.6281128,239.3813019,239.5337677
3/23/2023,154.7006531,237.9316254,234.7246094
3/24/2023,150.5062103,234.7604065,231.9500885
3/27/2023,153.0722198,236.7537079,232.5049744
3/28/2023,156.7238464,239.9249268,235.7419281
3/29/2023,157.6120758,242.6430969,242.7707367
3/30/2023,163.8297119,249.8010254,244.9903107
3/31/2023,164.8166504,252.5191803,245.7301941
4/3/2023,163.8790588,251.3412933,244.2504578
4/4/2023,161.4117584,248.8043365,244.7128906
4/5/2023,161.5597687,247.0828247,244.0654755
4/6/2023,160.4741821,247.4452362,244.2504578
4/11/2023,163.1388855,253.0628052,247.579895
4/12/2023,163.6323395,253.6064453,247.3024292
4/13/2023,163.6323395,252.0661926,248.7821808
4/14/2023,165.0633698,250.344635,248.0423126
4/17/2023,166.4450531,252.7910156,251.6492157
4/18/2023,167.0372162,253.9688721,252.8514709
4/19/2023,162.7934418,255.6903992,255.1635742
4/20/2023,160.4741821,252.972229,253.9612885
4/21/2023,161.7571716,255.2373505,257.9381104
4/24/2023,162.4973602,254.1500702,257.1982422
4/25/2023,162.3493347,254.1500702,257.3832092
4/26/2023,164.5205536,257.2307129,258.5855103
4/27/2023,161.70784,248.3513031,257.7531433
4/28/2023,162.2012939,250.435257,259.9727478
5/2/2023,162.3986816,256.77771,259.695282
5/3/2023,161.2637024,255.1467743,258.9554443
5/4/2023,159.6846313,255.1467743,259.4178772
5/5/2023,162.5960541,260.3113403,261.72995
5/9/2023,166.000946,262.3952332,263.2096558
5/10/2023,164.8659821,258.4085999,257.0132751
5/11/2023,165.7048798,260.3113403,259.6227722
5/12/2023,165.5074921,262.1234131,261.615509
5/15/2023,164.2738342,260.4925232,259.2432251
5/16/2023,162.7440948,258.6803894,257.06073
5/17/2023,161.70784,256.6870422,255.5424194
5/18/2023,159.8326721,256.2340088,254.6884003
5/19/2023,159.4378815,254.6031189,253.0752716
5/22/2023,160.6222076,252.2473602,254.0241852
5/23/2023,161.4611053,251.8849487,254.4037476
5/24/2023,182.3345642,252.7003937,252.1263428
5/25/2023,178.9297028,249.25737,251.4621124
5/26/2023,177.1532135,249.1667633,250.32341
5/30/2023,178.7322998,245.9955444,248.8051605
5/31/2023,176.2649841,245.1800995,247.4766846
6/1/2023,179.4231415,247.1734009,247.5715637
6/2/2023,183.6175842,252.3379974,248.9949341
6/5/2023,185.4433899,250.2540283,249.6591797
6/6/2023,185.1473083,252.972229,249.6591797
6/7/2023,187.2692108,251.8849487,249.6591797
6/8/2023,187.7626648,250.666748,248.615387
6/9/2023,185.7888184,250.1982117,248.5204773
6/12/2023,185.3447113,252.821991,249.7540741
6/13/2023,186.6770477,254.4150391,248.9000397
6/14/2023,189.6871643,255.3521118,250.5131836
6/15/2023,188.8483124,255.2584076,250.9876556
6/16/2023,187.9107056,252.9156952,249.4693909
6/19/2023,186.035553,248.9800262,245.5788422
6/20/2023,184.6045074,246.9184418,245.483963
6/21/2023,185.1966553,243.7324066,245.3890686
6/22/2023,185.5420837,241.38974,236.1845856
6/23/2023,182.6799927,241.0149078,236.0897217
6/26/2023,185.6901245,247.2932739,238.9364624
6/27/2023,186.035553,248.0429535,239.6955872
6/28/2023,188.4535065,254.5087433,242.8269806
6/29/2023,187.9107056,249.4485626,234.2867584
6/30/2023,190.1806335,252.0723419,235.710144
7/3/2023,193.1907501,257.3199768,239.126236
7/4/2023,189.6871643,252.6345978,235.1407928
7/5/2023,190.1312866,253.0094299,236.0897217
7/6/2023,183.4202118,251.8849182,236.5641785
7/7/2023,188.9963226,253.4779663,233.8123169
7/10/2023,190.1806335,251.0415802,233.8123169
7/11/2023,191.1182251,250.3856354,232.8634033
7/12/2023,195.5593872,252.1660461,237.6079712
7/13/2023,194.2763977,256.1017456,236.4692688
7/14/2023,192.3518829,256.7576904,237.2283936
7/17/2023,191.9570923,253.9465027,236.1845856
7/18/2023,199.4577484,259.5689087,238.3671112
7/19/2023,202.2211304,265.2850647,243.9656982
7/20/2023,202.1224365,267.5340271,246.6226654
7/21/2023,201.6289825,266.1284485,246.9073486
7/24/2023,203.1093597,264.7228394,248.0460205
7/25/2023,199.4577484,263.0361328,246.7175446
7/26/2023,203.0106659,268.2836914,249.8489532
7/27/2023,204.5897522,267.4403076,247.3818054
7/28/2023,203.2080536,264.8165283,248.0460205
7/31/2023,203.6028442,259.9437561,244.8197174
8/1/2023,204.4910736,261.4430542,245.5788422
8/2/2023,203.7015076,258.2570496,241.9729919
8/3/2023,202.9119873,254.1339264,238.5568848
8/4/2023,203.6028442,254.8835754,237.7028656
8/7/2023,200.4446716,253.3842621,238.9364624
8/8/2023,201.332901,251.7912292,239.126236
8/9/2023,201.6289825,251.0415802,238.7466888
8/10/2023,202.3198242,251.6038055,241.7831879
8/11/2023,199.6551361,249.6359711,238.3671112
8/14/2023,202.0237427,249.7296753,237.6079712
8/15/2023,218.7028046,248.2303314,235.3305817
8/16/2023,228.5720673,249.2611389,237.03862
8/17/2023,222.8478851,246.2624969,233.9072113
8/18/2023,218.1106415,245.5128479,236.9437256
8/21/2023,216.6302643,244.1072388,239.126236
8/22/2023,214.853775,241.4834442,237.9875488
8/23/2023,212.4851685,241.4834442,240.3598328
8/24/2023,212.0903931,242.3268127,242.1627655
8/25/2023,214.2616425,245.4191284,246.812439
8/29/2023,219.09758,250.2919312,250.1336365
8/30/2023,221.2687988,250.8541718,250.7030029
8/31/2023,223.8348389,253.1031342,252.1263428
9/1/2023,225.216507,253.2905273,251.1774597
9/4/2023,224.032196,251.6975098,250.32341
9/5/2023,220.8740387,248.6988678,243.2065582
9/6/2023,220.5779572,248.7926025,243.8707886
9/7/2023,217.6171875,247.9492493,242.4474335
9/8/2023,218.9988708,250.1045074,245.3890686
9/11/2023,217.6171875,252.1660461,246.4328918
9/12/2023,219.7884216,255.6332092,249.0898438
9/13/2023,218.2093506,256.3828735,250.2285309
9/14/2023,216.0381012,258.8192749,253.2650452
9/15/2023,216.827652,262.0053101,256.8709412
9/18/2023,219.5910339,258.8192749,257.6300659
9/19/2023,225.5126038,258.1633301,259.1483459
9/20/2023,228.0786133,259.4752197,256.6811523
9/21/2023,233.0132294,257.3199768,255.7322235
9/22/2023,233.8027649,255.7269135,257.06073
9/25/2023,232.5197754,252.4471588,255.0679474
9/26/2023,232.8158417,245.2317352,256.3015442
9/27/2023,233.8027649,236.7043915,251.7467651
9/28/2023,232.2236938,234.549118,251.08255
9/29/2023,233.5066986,236.8917999,250.7030029
10/2/2023,230.2498474,232.2064362,248.4255676
10/3/2023,225.4139099,232.7686768,246.3379822
10/4/2023,222.1570587,238.1099854,256.8709412
10/5/2023,224.4269562,240.2652435,266.0753784
10/6/2023,227.3877411,237.9225464,264.1775513
10/9/2023,218.1106415,234.8302307,260.3819275
10/10/2023,222.4531097,241.0149078,266.0753784
10/11/2023,218.1106415,241.8582764,266.739624
10/12/2023,217.1237183,242.8890381,268.6157227
10/13/2023,212.583847,240.2652435,265.1521912
10/16/2023,216.4328613,239.421875,263.9014587
10/17/2023,219.2949524,240.0778351,265.6332397
10/18/2023,218.6041107,237.9225464,264.8635559
10/19/2023,214.9524841,239.2344666,263.5166321
10/20/2023,211.4982452,235.8610077,262.3621216
10/23/2023,214.2616425,239.0470581,261.6886597
10/24/2023,214.6564026,236.5169525,262.2659302
10/25/2023,212.2877808,236.4232635,261.9772644
10/26/2023,211.5969238,238.9533386,262.7469788
10/27/2023,211.6956177,239.421875,262.0734863
10/30/2023,211.6956177,240.358963,259.7644653
10/31/2023,213.9655609,241.1085968,259.4758301
11/1/2023,221.0714264,245.3254242,260.7265625
11/2/2023,219.9857941,254.696167,263.6128235
11/3/2023,219.5910339,257.2262268,265.344574
11/6/2023,216.136795,253.4779663,265.4407959
11/7/2023,222.2557373,254.4150391,266.499115
11/8/2023,240.9086304,250.8541718,267.4611816
11/9/2023,240.9086304,254.5627899,268.7118835
11/10/2023,243.1785583,253.8971252,267.1725769
11/13/2023,247.7184296,257.0351563,270.8284912
11/14/2023,250.18573,255.7038727,268.0384521
11/15/2023,251.7648163,252.5658264,263.1318054
11/16/2023,252.8547058,251.4247131,264.8635559
11/17/2023,252.9537964,253.2314606,265.5370178
11/20/2023,250.1795197,250.8541412,264.2863159
11/21/2023,249.981369,252.4707336,266.0180664
11/22/2023,248.6932983,253.9922333,269.1929321
11/23/2023,246.5135345,256.6547852,269.385376
11/24/2023,246.5135345,258.7468567,273.0412903
11/27/2023,247.3061829,262.6456604,273.8109741
11/28/2023,249.7832031,267.4953308,273.0412903
11/29/2023,251.2694244,269.5874023,273.6185608
11/30/2023,249.1887207,271.8695984,274.9654846
12/1/2023,252.0620575,270.6334229,269.0005493
12/4/2023,251.5666504,270.8236084,270.5398865
12/5/2023,249.5850372,275.0076904,273.3299255
12/6/2023,255.4307861,275.7684021,275.8314209
12/7/2023,254.6381683,275.8634949,277.5631409
12/8/2023,257.8087769,280.3328247,276.9859009
12/11/2023,262.5646362,284.2316284,279.4873352
12/12/2023,260.5830383,282.2347107,278.3328247
12/13/2023,262.168335,282.4248962,278.0441895
12/14/2023,262.8618774,285.5629272,277.1783142
12/15/2023,259.0968323,279.0966492,271.9830322
12/18/2023,259.1958923,279.572113,272.7526855
12/19/2023,262.0692444,280.427948,275.2541504
12/20/2023,268.9058228,284.8022156,277.6593628
12/21/2023,267.9150085,283.9463806,276.4086304
12/22/2023,269.5003052,284.8973083,275.8314209
12/27/2023,270.0948181,284.9924011,278.2366333
12/28/2023,269.896637,284.7070923,278.0441895
12/29/2023,269.896637,287.750061,279.4873352
1/2/2024,273.463562,284.1365356,281.9887695
1/3/2024,279.9038391,288.4157104,286.5105591
1/4/2024,281.3900452,293.0752869,290.9362183
1/5/2024,281.5882263,293.8359985,289.493042
1/8/2024,287.8302917,295.1672668,291.9945068
1/9/2024,283.6688843,290.8881531,289.1082153
1/10/2024,275.1479492,272.440155,285.1636353
1/11/2024,260.880249,267.3051758,281.3153076
1/12/2024,259.5921936,272.7254333,285.6446838
1/15/2024,257.6105957,273.6763611,289.2044373
1/16/2024,257.2142944,273.6763611,290.8399963
1/17/2024,251.1703339,271.3941345,288.2423401
1/18/2024,251.665741,268.9217224,284.8750305
1/19/2024,248.1979065,267.5904236,284.7788086
1/22/2024,248.8914795,268.4462585,287.0878296
1/23/2024,247.0089264,266.4493713,287.4726563
1/24/2024,253.4492035,269.6824951,287.4726563
1/25/2024,258.0069275,267.5904236,287.4726563
1/26/2024,253.5482635,262.4554749,282.3735962
1/29/2024,252.9537964,260.4584961,281.411499
1/30/2024,252.359314,259.8879395,281.0266724
1/31/2024,245.0273132,256.940094,275.735199
2/1/2024,239.478775,254.087326,272.175415
2/2/2024,238.6861115,261.6947327,279.7759399
2/5/2024,238.6861115,259.1272278,278.8138428
2/6/2024,242.7484589,262.0751038,278.9100647
2/7/2024,238.785202,246.1946259,269.385376
2/8/2024,234.8219604,246.6700745,269.7702026
2/9/2024,235.614624,243.4369507,269.8664246
2/12/2024,237.1008301,243.5320435,269.0005493
2/13/2024,232.1467896,237.541214,263.3242188
2/14/2024,232.741272,238.4921265,266.6915283
2/15/2024,229.5706787,238.682312,265.7294312
2/16/2024,234.8219604,240.9645233,269.0005493
2/19/2024,236.3081818,241.5350952,270.4436646
2/20/2024,239.6769257,243.7222137,273.7147827
2/21/2024,240.6677551,246.5749817,274.6768494
2/22/2024,237.0017395,241.630188,266.3066711
2/23/2024,238.785202,241.5350952,269.0967407
2/26/2024,236.7044983,241.2498169,267.9422302
2/27/2024,237.5962372,242.3909302,267.076355
2/28/2024,238.4879608,241.1547241,266.7877197
2/29/2024,234.6238098,237.3510284,268.2308655
3/1/2024,232.2458649,237.1608276,267.076355
3/4/2024,228.0844574,233.7375031,265.4407959
3/5/2024,236.8035889,235.5442657,265.8256226
3/6/2024,238.5870514,237.0657501,269.7702026
3/7/2024,242.0548859,239.6332397,272.9450989
3/8/2024,240.5686798,237.9215698,275.3503418
3/11/2024,244.0365143,236.3050079,271.5019836
3/12/2024,248.4951477,238.8724976,274.9654846
3/13/2024,244.8291626,238.397049,275.1579285
3/14/2024,242.3521423,237.446106,275.2541504
3/15/2024,243.6401672,238.9675903,276.6972656
3/18/2024,241.6585541,237.8264923,276.889679
3/19/2024,240.9649963,237.9215698,276.7934875
3/20/2024,238.5870514,236.8755646,274.8692932
3/21/2024,247.4052582,242.0105591,280.9304504
3/22/2024,248.1979065,244.1976776,283.0470581
3/25/2024,251.7648163,244.3878784,282.56604
3/26/2024,261.474762,249.6179657,285.5484924
3/27/2024,263.4563599,258.5566711,286.8954163
3/28/2024,262.6637268,257.1302795,285.3560791
4/2/2024,259.5921936,254.6578674,283.72052
4/3/2024,264.2490234,256.940094,282.4698181
4/4/2024,263.4563599,257.8910217,281.2190857
4/5/2024,258.7995911,252.3756256,278.62146
4/8/2024,254.1427765,251.044342,277.0821228
4/9/2024,252.4583893,251.8050842,276.6010742
4/10/2024,253.3501129,254.087326,285.7409058
4/11/2024,256.3225708,247.0504456,271.3095398
4/12/2024,253.0528717,248.7621307,272.175415
4/15/2024,251.8638916,247.6210175,275.4465332
4/16/2024,244.730072,244.3878784,270.1550293
4/17/2024,245.8199768,246.8602753,271.5019836
4/18/2024,247.9006653,249.7130585,271.9830322
4/19/2024,243.5410919,246.0995331,270.7322998
4/22/2024,254.2418518,255.7989655,280.0645752
4/23/2024,260.4839478,255.7989655,281.8925476
4/24/2024,255.4307861,254.8480682,280.3532104
4/25/2024,258.3041992,244.0075073,278.8138428
4/26/2024,259.0968323,248.5719299,277.947998
4/29/2024,257.3133545,249.5228577,280.9304504
4/30/2024,253.4492035,250.4737854,285.0674438
5/1/2024,252.1611328,251.4247131,288.6271667
5/2/2024,252.2602386,251.2345428,288.4347534
5/3/2024,255.9262085,252.3756256,286.9916077
5/7/2024,258.7005005,254.6578674,292.7641602
5/8/2024,263.654541,257.8910217,296.1314697
5/9/2024,268.1131897,260.7438049,298.4405212
5/10/2024,270.0948181,262.4554749,299.883667
5/13/2024,272.076416,265.3082275,300.7495117
5/14/2024,271.382843,264.9278564,302.0002441
5/15/2024,273.2654114,263.5965576,298.9215698
5/16/2024,275.8414917,268.3511963,303.1219788
5/17/2024,274.157135,269.6824951,307.2729492
5/20/2024,274.2561951,270.6334229,306.7788086
5/21/2024,271.2837524,269.4923096,308.2612915
5/22/2024,285.3532715,269.4923096,308.3601379
5/23/2024,289.9110107,263.7867432,308.6566162
5/24/2024,296.4503479,263.5965576,311.3251343
5/28/2024,299.2246094,265.6885986,307.4706421
5/29/2024,300.0172729,261.8848877,305.4939575
5/30/2024,303.1091919,265.3082275,307.8659668
5/31/2024,301.2141418,263.5965576,307.3717957
6/3/2024,305.3034973,265.6885986,308.4589844
6/4/2024,310.7891846,264.9278564,308.3601379
6/5/2024,308.2956848,260.5535889,306.3834534
6/6/2024,309.2930908,263.3087158,305.9881287
6/7/2024,308.4951477,259.5696411,304.0114746
6/10/2024,308.7943726,258.9792786,302.2324524
6/11/2024,295.8282166,252.8786926,298.7732849
6/12/2024,301.5133667,252.2883148,298.5756226
6/13/2024,296.1274109,254.0594635,298.9709778
6/14/2024,294.6313171,254.6498108,306.5811462
6/17/2024,295.1300049,254.6498108,303.418457
6/18/2024,300.1170044,256.6177368,305.6916199
6/19/2024,301.8125916,255.4370117,305.2962952
6/20/2024,302.5107422,260.7503967,305.2962952
6/21/2024,297.2245483,258.1920776,304.9998169
6/24/2024,295.2297668,256.0274048,304.802124
6/25/2024,286.9513855,255.6337738,304.0114746
6/26/2024,291.1404114,256.0274048,304.0114746
6/27/2024,293.1352234,252.8786926,302.9242859
6/28/2024,285.7544861,250.9107666,302.4301453
7/1/2024,287.6495361,253.6658478,303.7149658
7/2/2024,284.3581238,246.3845215,300.8487854
7/3/2024,288.0484924,250.5171814,300.6511536
7/4/2024,287.5497742,251.8947296,304.110321
7/5/2024,294.7310486,257.0113525,307.3717957
7/8/2024,296.3269043,254.8466187,305.7904663
7/9/2024,289.5445862,250.3203888,304.802124
7/10/2024,296.1274109,256.6177368,306.9764709
7/11/2024,302.7102356,263.702301,310.336792
7/12/2024,308.7943726,260.9472046,314.5866394
7/15/2024,299.1195984,257.0113525,312.0169678
7/16/2024,308.4951477,261.9311829,315.1796265
7/17/2024,307.3980408,261.9311829,317.8481445
7/18/2024,309.6920166,266.6541748,321.1096191
7/19/2024,318.967804,268.4253235,322.1968079
7/22/2024,319.1672974,269.015686,322.3944702
7/23/2024,324.7527466,268.4253235,322.0979614
7/24/2024,324.852478,269.2124939,323.3828125
7/25/2024,322.4587097,265.6702271,321.8014832
7/26/2024,324.852478,270.1964722,323.2839661
7/29/2024,324.5532532,269.6060791,327.0396423
7/30/2024,330.4378967,273.1483459,327.8303223
7/31/2024,327.4457092,270.9836121,327.7314758
8/1/2024,330.3381653,271.3771973,326.2489929
8/2/2024,316.2748718,269.4092712,322.8886414
8/5/2024,309.9912415,261.3407898,317.3539734
8/6/2024,312.2852783,261.9311829,316.4644775
8/7/2024,319.6660156,267.04776,325.4582825
8/8/2024,315.9756165,263.8991089,325.1618042
8/9/2024,317.9704285,263.5054932,326.6443176
8/12/2024,322.3590088,265.2766418,329.609314
8/13/2024,316.6738281,269.802887,331.0917969
8/14/2024,326.1491089,274.5259094,336.6264954
8/15/2024,330.2384338,276.6906433,337.2194824
8/16/2024,328.2436218,276.1002502,337.2194824
8/19/2024,330.1386719,279.6425171,337.4171448
8/20/2024,323.7553406,274.9194641,334.8474731
8/21/2024,327.3459778,275.3130493,335.8357849
8/22/2024,331.7345276,278.6585693,342.556488
8/23/2024,335.923584,282.9879761,345.0273132
8/27/2024,337.1204834,283.3815613,347.5969849
8/28/2024,337.8186646,284.1687317,344.2366333
8/29/2024,339.5142212,285.5462952,348.3876648
8/30/2024,341.3095398,287.7109985,349.5736694
9/2/2024,339.0155334,291.2532959,351.9456482
9/3/2024,341.0103149,293.6147766,357.4803467
9/4/2024,343.8030396,291.6468506,358.6663208
9/5/2024,344.9999084,292.4340515,361.9278259
9/6/2024,346.7952271,291.6468506,362.3231506
9/9/2024,351.881958,294.9923401,364.3986816
9/10/2024,355.6720886,294.4019775,363.3114929
9/11/2024,350.7848206,294.2051697,362.4219971
9/12/2024,350.884552,291.056488,364.6951599
9/13/2024,350.2861328,285.1526794,360.2476501
9/16/2024,360.4595642,289.8757324,366.2764893
9/17/2024,369.3363953,294.2051697,364.8928223
9/18/2024,366.4439697,292.4340515,364.1021423
9/19/2024,368.2392883,288.4981995,361.2359924
9/20/2024,368.5385132,287.9078064,359.1604919
9/23/2024,375.0215759,289.8757324,361.6313171
9/24/2024,374.4231567,288.1045837,360.0499878
9/25/2024,375.4205322,291.2532959,361.6313171
9/26/2024,373.0267944,288.8917847,354.3176575
9/27/2024,375.0215759,294.9923401,356.4920044
9/30/2024,371.6304321,290.6629028,354.5153198
10/1/2024,376.1187439,289.6789246,355.3059998
10/2/2024,367.4413452,284.5623474,350.7596436
10/3/2024,369.3363953,288.1045837,359.753479
10/4/2024,368.7380066,286.3334656,357.9744873
10/7/2024,366.842926,287.5142212,355.602478
10/8/2024,370.932251,287.120636,356.1954956
10/9/2024,381.9036255,288.1045837,360.0499878
10/10/2024,378.911438,283.3815613,359.3999939
10/11/2024,379.1109314,266.6541748,357.2000122
10/14/2024,381.6044312,270.1964722,356.5
10/15/2024,385.6937561,272.7547607,356.6000061
10/16/2024,392.3763123,270.1964722,355.1000061
10/17/2024,389.7830505,274.3291016,362.1000061
10/18/2024,384.895813,275.116272,361.7999878
10/21/2024,382.1031189,273.3451233,357.2000122
10/22/2024,379.3103943,271.9675903,356.1000061
10/23/2024,378.6122131,271.1804199,353.6000061
10/24/2024,377.2158813,269.4092712,356.6000061
10/25/2024,377.3155823,268.4253235,352.7999878
10/28/2024,382.0033875,268.0317383,353.6000061
10/29/2024,375.4205322,263.5054932,348.2000122
10/30/2024,377.8143005,260.1600342,347.3999939
10/31/2024,374.8220825,261.9311829,342.2000122
11/1/2024,379.809082,260.5535889,348
11/4/2024,381.2054749,261.5375671,351.7999878
11/5/2024,382.5020752,261.734375,353.8999939
11/6/2024,397.1638184,263.5054932,357.2999878
11/7/2024,392.1768494,252.6818848,348.5
11/8/2024,373.5254822,245.2037659,345.2000122
11/11/2024,366.9426575,239.4967804,343.8999939
11/12/2024,364.2496948,237.9224396,341.7999878
11/13/2024,363.2523193,239.2999878,340.2000122
11/14/2024,366.5437012,239.6000061,341.8999939
11/15/2024,367.2418823,244.6000061,345.7000122
11/18/2024,366.5437012,245,347.8999939
11/19/2024,371.0319824,248.3999939,347.8999939
11/20/2024,362.0554199,246,348.6000061
11/21/2024,370.932251,246.8000031,350.8999939
11/22/2024,378.0137939,253.8000031,353.3999939
11/25/2024,378.2132874,253.1999969,352.2000122
11/26/2024,374.9218445,252.3999939,350.3999939
11/27/2024,383.2999878,253.3999939,357.8999939
11/28/2024,383.7000122,261.2000122,366.2000122
11/29/2024,382.7000122,261.2000122,366.3999939
12/2/2024,386.5,259.6000061,366.7000122
12/3/2024,400.2000122,261.7999878,371.1000061
12/4/2024,397.7999878,263.6000061,373
12/5/2024,397.2999878,267.6000061,374.5
12/6/2024,391.7000122,267,366.8999939
12/9/2024,390.7000122,269.6000061,364.7999878
12/10/2024,390.7000122,272.7999878,368.6000061
12/11/2024,386.2999878,274.6000061,370.2000122
12/12/2024,390.2000122,278,370.6000061
12/13/2024,397.7000122,280,372
12/16/2024,397.6000061,276.3999939,373.1000061
12/17/2024,388.8999939,275,374
12/18/2024,391.5,275.2000122,372.8999939
12/19/2024,378.2000122,271.3999939,368.5
12/20/2024,379.3999939,270.2000122,366.3999939
12/23/2024,378.7000122,269,366
12/24/2024,381.7999878,272,368.5
12/27/2024,378.2999878,271.2000122,366.8999939
12/30/2024,377.3999939,272.2000122,365.6000061
