Date,AAPL,AMZN,GOOGL,MSFT,TSLA
1/2/2020,72.71606445,94.90049744,68.18681335,153.3232727,28.68400002
1/3/2020,72.00913239,93.74849701,67.83010864,151.4141388,29.5340004
1/6/2020,72.58290863,95.14399719,69.63805389,151.805542,30.10266685
1/7/2020,72.24156189,95.34300232,69.50354767,150.421402,31.27066612
1/8/2020,73.40363312,94.59850311,69.99824524,152.8173065,32.8093338
1/9/2020,74.96279144,95.05249786,70.73308563,154.7264557,32.08933258
1/10/2020,75.13224792,94.15799713,71.18992615,154.0105286,31.87666702
1/13/2020,76.73741913,94.56500244,71.74143219,155.862442,34.99066544
1/14/2020,75.70122528,93.47200012,71.27114105,154.7646942,35.86133194
1/15/2020,75.37680054,93.10099792,71.70008087,155.7669373,34.56666565
1/16/2020,76.32099152,93.89700317,72.24610901,158.6211548,34.23266602
1/17/2020,77.16594696,93.23600006,73.70880127,159.5088959,34.03333282
1/21/2020,76.64299774,94.59999847,73.84480286,158.9361725,36.47999954
1/22/2020,76.91658783,94.3730011,73.92550659,158.1724548,37.97066879
1/23/2020,77.28699493,94.22899628,73.966362,159.1461792,38.14666748
1/24/2020,77.06427765,93.08200073,73.04371643,157.5424194,37.6546669
1/27/2020,74.79816437,91.41699982,71.32793427,154.9078522,37.20133209
1/28/2020,76.91417694,92.66249847,72.26304626,157.9433899,37.79333115
1/29/2020,78.52414703,92.90000153,72.5719223,160.4061737,38.73266602
1/30/2020,78.41036987,93.53399658,72.44985962,164.9308624,42.72066879
1/31/2020,74.93374634,100.435997,71.38024139,162.4966736,43.37133408
2/3/2020,74.72794342,100.2099991,73.86223602,166.4581451,52
2/4/2020,77.19500732,102.4834976,72.00946045,171.9373932,59.13733292
2/5/2020,77.82447815,101.9934998,72.04134369,171.7273865,48.97999954
2/6/2020,78.73477173,102.5114975,73.53193665,175.2879333,49.93066788
2/7/2020,77.66457367,103.9639969,73.68837738,175.5361481,49.87133408
2/10/2020,78.03342438,106.6955032,75.16053772,180.1276398,51.41866684
2/11/2020,77.56265259,107.5400009,75.23028564,176.0611572,51.62533188
2/12/2020,79.40457916,108,75.65724182,176.3188782,51.152668
2/13/2020,78.83911896,107.4934998,75.39618683,175.3643036,53.59999847
2/14/2020,78.8585434,106.7434998,75.66221619,176.9298248,53.33533478
2/18/2020,77.41461182,107.7835007,75.69759369,178.724411,57.2266655
2/19/2020,78.53578186,108.5110016,75.96810913,179.2604218,61.16133118
2/20/2020,77.73010254,107.6549988,75.57553101,176.5229034,59.96066666
2/21/2020,75.97066498,104.7985001,73.9050827,170.9425507,60.06666565
2/24/2020,72.36201477,100.4645004,70.73657227,163.5722504,55.58599854
2/25/2020,69.91098022,98.63700104,69.06563568,160.8730011,53.32733154
2/26/2020,71.02000427,98.97949982,69.27238464,162.8830872,51.91999817
2/27/2020,66.37757874,94.21499634,65.5100174,151.4065094,45.26666641
2/28/2020,66.33873749,94.1875,66.72063446,155.0724945,44.53266525
3/2/2020,72.5149231,97.69750214,69.06563568,165.3908691,49.57466888
3/3/2020,70.2118988,95.44950104,66.64440918,157.4654694,49.70066833
3/4/2020,73.46865082,98.79149628,68.83049011,163.2468719,49.96666718
3/5/2020,71.08554077,96.20149994,65.50055695,159.1501312,48.30266571
3/6/2020,70.14152527,95.05449677,64.55299377,154.6513824,46.89866638
3/9/2020,64.59389496,90.03050232,60.56993103,144.1702728,40.53333282
3/10/2020,69.24604034,94.59100342,63.52820587,154.0291901,43.02199936
3/11/2020,66.8411026,91.04299927,60.3263092,147.0513916,42.2820015
3/12/2020,60.24022293,83.83049774,55.37675476,133.1052399,37.36999893
3/13/2020,67.45747375,89.25,60.49420547,152.0286865,36.44133377
3/16/2020,58.77928925,84.45749664,53.4562149,129.6211395,29.67133331
3/17/2020,61.36382294,90.39199829,55.70107651,140.2937012,28.68000031
3/18/2020,59.8616333,91.5,54.36243439,134.3878937,24.08133316
3/19/2020,59.40297699,94.04650116,55.38273239,136.5989532,28.50933266
3/20/2020,55.63173676,92.30449677,53.21757889,131.4685059,28.50200081
3/23/2020,54.44989014,95.14150238,52.51612473,130.1571655,28.95266724
3/24/2020,59.91259766,97.00499725,56.29642105,141.987915,33.66666794
3/25/2020,59.58255005,94.29199982,54.88204575,140.6287231,35.95000076
3/26/2020,62.71796799,97.77449799,57.93597794,149.4251862,35.21066666
3/27/2020,60.12130356,95.00499725,55.31248474,143.2896423,34.29066849
3/30/2020,61.83703995,98.19750214,57.10847855,153.3687592,33.47533417
3/31/2020,61.71084976,97.48600006,57.88765335,150.9566193,34.93333435
4/1/2020,58.46380234,95.38500214,54.90596008,145.5964203,32.10400009
4/2/2020,59.43936157,95.9414978,55.64976883,148.6115723,30.29800034
4/3/2020,58.58514023,95.32949829,54.4376564,147.2427979,32.00066757
4/6/2020,63.69595337,99.87950134,58.94581985,158.1929016,34.41600037
4/7/2020,62.95820999,100.5800018,58.91442871,156.4891663,36.36333466
4/8/2020,64.5696106,102.1500015,60.13201523,158.0589142,36.58933258
4/9/2020,65.03556824,102.1380005,60.11059189,158.0684967,38.20000076
4/13/2020,66.31206512,108.4434967,60.30190277,158.4226379,43.39666748
4/14/2020,69.66100311,114.1660004,63.03300095,166.2619476,47.32600021
4/15/2020,69.02519989,115.3840027,62.63793182,164.5198975,48.65533447
4/16/2020,69.57365417,120.4095001,62.64440536,169.4588928,49.68066788
4/17/2020,68.62962341,118.75,63.71901321,170.9521332,50.25933456
4/20/2020,67.20509338,119.6804962,62.82973862,167.563736,49.75733185
4/21/2020,65.1277771,116.4059982,60.38908768,160.6337433,45.78133392
4/22/2020,67.00366974,118.1744995,62.69323349,166.0896606,48.8073349
4/23/2020,66.74402618,119.9725037,63.32892609,164.0795593,47.04199982
4/24/2020,68.67088318,120.5110016,63.59944916,167.0755615,48.3433342
4/27/2020,68.71942139,118.8000031,63.31348038,166.5969543,53.25
4/28/2020,67.60551453,115.7040024,61.4068985,162.5385132,51.27466583
4/29/2020,69.82604218,118.635498,66.86660004,169.8322144,53.36733246
4/30/2020,71.29909515,123.6999969,67.09178162,171.5360107,52.12533188
5/1/2020,70.15123749,114.302002,65.6280899,167.0946808,46.75466537
5/4/2020,71.14377594,115.7994995,65.90608215,171.1818237,50.74599838
5/5/2020,72.21157074,115.8899994,67.20736694,173.0196075,51.2140007
5/6/2020,72.95661163,117.5630035,67.02851868,174.7233734,52.17200089
5/7/2020,73.71131134,118.3805008,68.21670532,175.7380371,52.00266647
5/8/2020,75.46579742,118.9804993,68.96699524,176.7717896,54.62799835
5/11/2020,76.65326691,120.4499969,69.92601013,178.7435608,54.08599854
5/12/2020,75.77725983,117.8475037,68.51064301,174.6946869,53.96066666
5/13/2020,74.86231232,118.3960037,67.17298889,172.052887,52.73066711
5/14/2020,75.32221222,119.4424973,67.5979538,172.7994843,53.55533218
5/15/2020,74.87690735,120.4889984,68.4050293,175.3168793,53.27799988
5/18/2020,76.64109802,121.3130035,69.00884247,176.9919586,54.24200058
5/19/2020,76.19822693,122.4664993,68.4717865,175.7667236,53.86733246
5/20/2020,77.68012238,124.8970032,70.20350647,178.2047729,54.3706665
5/21/2020,77.10101318,122.336998,70.08344269,176.0642853,55.17333221
5/22/2020,77.59739685,121.8440018,70.4067688,176.1410675,54.45866776
5/26/2020,77.0717926,121.0930023,70.8117981,174.2789764,54.59133148
5/27/2020,77.4076004,120.5195007,70.75749969,174.5093536,54.68199921
5/28/2020,77.44166565,120.0550003,70.65586853,174.1157532,53.72066879
5/29/2020,77.36621857,122.1184998,71.41711426,175.8915253,55.66666794
6/1/2020,78.3176651,123.552002,71.48435974,175.4883881,59.87333298
6/2/2020,78.68023682,123.6204987,71.85502625,177.484848,58.77066803
6/3/2020,79.11338043,123.9199982,71.70257568,177.9168091,58.86399841
6/4/2020,78.43203735,123.0299988,70.45957947,175.5747528,57.62533188
6/5/2020,80.66587067,124.1500015,71.74092865,179.6828918,59.04399872
6/8/2020,81.14280701,126.2030029,72.14048767,180.7963104,63.32799911
6/9/2020,83.70513153,130.0429993,72.3417511,182.1784973,62.71133423
6/10/2020,85.8586731,132.3724976,72.97048187,188.9358063,68.33666992
6/11/2020,81.73655701,127.8980026,69.84182739,178.7902527,64.85600281
6/12/2020,82.44219208,127.2509995,70.39083099,180.2012177,62.35200119
6/15/2020,83.46179199,128.6340027,70.78041077,181.3530426,66.05999756
6/16/2020,85.67372131,130.763504,72.06227875,185.7971191,65.47533417
6/17/2020,85.55449677,132.048996,72.3646698,186.4402466,66.11933136
6/18/2020,85.58856201,132.6990051,71.44700623,188.436676,66.93066406
6/19/2020,85.09944916,133.7505035,70.97471619,187.3136444,66.72666931
6/22/2020,87.32597351,135.6909943,72.27100372,192.5159912,66.28800201
6/23/2020,89.18994141,138.2205048,72.93460083,193.8022156,66.78533173
6/24/2020,87.61552429,136.7200012,71.37625885,189.8956451,64.05666351
6/25/2020,88.77868652,137.7290039,71.79473877,192.2952881,65.73200226
6/26/2020,86.05089569,134.6434937,67.88092041,188.4462585,63.98266602
6/29/2020,88.03407288,134.0189972,69.60617065,190.4715729,67.29000092
6/30/2020,88.76894379,137.9409943,70.64639282,195.3379517,71.98733521
7/1/2020,88.60105133,143.9349976,71.83956909,196.4801941,74.64199829
7/2/2020,88.60105133,144.5149994,73.23103333,197.9775238,80.57733154
7/6/2020,90.97115326,152.852005,74.71166229,202.2392273,91.4386673
7/7/2020,90.68888092,150.0059967,74.22692108,199.8876495,92.65733337
7/8/2020,92.80104828,154.0554962,74.90844727,204.2837067,91.05867004
7/9/2020,93.20010376,159.1315002,75.65872955,205.7138824,92.95200348
7/10/2020,93.36313629,160,76.67256165,205.0899811,102.9766693
7/13/2020,92.93243408,155.1999969,75.33840179,198.7549896,99.80400085
7/14/2020,94.47031403,154.1999969,75.76833344,199.9835968,101.1200027
7/15/2020,95.12002563,150.4434967,75.5700531,199.6860657,103.0673294
7/16/2020,93.9495697,149.9949951,75.47241211,195.7315063,100.0426636
7/17/2020,93.75976563,148.0984955,75.56855774,194.7332916,100.0559998
7/20/2020,95.73564148,159.8419952,77.90957642,203.1031036,109.5333328
7/21/2020,94.41434479,156.914505,77.51499939,200.3675537,104.5573349
7/22/2020,94.67958832,154.9954987,77.95988464,203.2471008,106.1553345
7/23/2020,90.3700943,149.3274994,75.56358337,194.4068756,100.8713303
7/24/2020,90.14626312,150.4454956,75.13812256,193.2166901,94.46666718
7/27/2020,92.28272247,152.760498,76.19528961,195.6643219,102.6399994
7/28/2020,90.76674652,150.0164948,74.91094208,193.9078064,98.43267059
7/29/2020,92.50660706,151.6764984,75.90035248,195.8658752,99.9406662
7/30/2020,93.62593079,152.5939941,76.64067078,195.7122955,99.16600037
7/31/2020,103.4275131,158.2339935,74.12877655,196.777771,95.38400269
8/3/2020,106.0336609,155.5944977,73.87021637,207.8447418,99
8/4/2020,106.7417526,156.9414978,73.39891815,204.7252045,99.1333313
8/5/2020,107.1286545,160.2514954,73.68737793,204.3893127,99.00133514
8/6/2020,110.866272,161.25,74.97570038,207.6623535,99.305336
8/7/2020,108.3456573,158.3730011,74.64790344,203.9477386,96.84733582
8/10/2020,109.9204559,157.4080048,74.57067871,199.8876495,94.57133484
8/11/2020,106.6514206,154.033493,73.75961304,195.2131958,91.62599945
8/12/2020,110.1959152,158.1119995,75.08979034,200.789917,103.6506653
8/13/2020,112.1461182,158.0509949,75.55859375,200.3195496,108.0666656
8/14/2020,112.0461578,157.401001,74.9597702,200.5115509,110.0473328
8/17/2020,111.7536392,159.1204987,75.53816986,201.8361053,122.3759995
8/18/2020,112.684845,165.6244965,77.50802612,202.9975281,125.8059998
8/19/2020,112.8262329,163.0240021,76.95154572,201.7659302,125.2353363
8/20/2020,115.3298111,164.8684998,78.52783203,206.4613342,133.4553375
8/21/2020,121.2730331,164.2359924,78.49395752,204.9603577,136.665329
8/24/2020,122.7234955,165.3730011,78.97122192,205.6049805,134.2799988
8/25/2020,121.7166977,167.3244934,80.00248718,208.2798004,134.889328
8/26/2020,123.3719406,172.0924988,81.90956879,212.7827606,143.5446625
8/27/2020,121.8970947,170,81.13188934,218.0072784,149.25
8/28/2020,121.6996536,170.0899963,81.67542267,220.2491302,147.5599976
8/31/2020,125.8267593,172.5480042,81.18221283,216.9970093,166.1066742
9/1/2020,130.8387604,174.9559937,82.45509338,218.6711884,158.3500061
9/2/2020,128.1279602,176.5724945,85.5593338,222.8854675,149.1233368
9/3/2020,117.8699417,168.3999939,81.18121338,209.0784149,135.6666718
9/4/2020,117.9479446,164.7310028,78.77494049,206.1438141,139.4400024
9/8/2020,110.0106506,157.4920044,75.90483856,194.9923096,110.0699997
9/9/2020,114.3985825,163.4304962,77.0820694,203.2957916,122.0933304
9/10/2020,110.6639481,158.7554932,76.02689362,197.5998077,123.7799988
9/11/2020,109.2110596,155.8110046,75.51425171,196.3104706,124.2399979
9/14/2020,112.4874039,155.1484985,75.16899872,197.6382751,139.8733368
9/15/2020,112.6629028,157.8065033,76.47875214,200.8807983,149.9199982
9/16/2020,109.3378372,153.9049988,75.3314209,197.2919006,147.2533264
9/17/2020,107.5923843,150.4364929,74.08344269,195.2328644,141.1433258
9/18/2020,104.1795349,147.7454987,72.29242706,192.8082275,147.3833313
9/21/2020,107.3388824,148.0234985,71.24872589,194.8768616,149.7966614
9/22/2020,109.0257874,156.4494934,72.72735596,199.5722198,141.4100037
9/23/2020,104.4525757,149.9929962,70.21495819,193.0006409,126.7866669
9/24/2020,105.5251923,150.989502,70.88602448,195.5022736,129.2633362
9/25/2020,109.4840775,154.7565002,71.6931076,199.9571228,135.7799988
9/28/2020,112.0973511,158.7024994,72.66956329,201.5158081,140.3999939
9/29/2020,111.2490082,157.2440033,73.03623962,199.4182739,139.6900024
9/30/2020,112.9262009,157.4364929,73.01531219,202.3721313,143.0033264
10/1/2020,113.8817825,161.0630035,74.12628937,204.421524,149.386673
10/2/2020,110.2056656,156.25,72.51711273,198.3887634,138.363327
10/5/2020,113.5990143,159.9600067,73.873703,202.4201965,141.8933258
10/6/2020,110.3421783,154.9980011,72.28894806,198.1193237,137.9933319
10/7/2020,112.2143555,159.7845001,72.69348907,201.891037,141.7666626
10/8/2020,112.1071167,159.5274963,73.90359497,202.6126862,141.9733276
10/9/2020,114.0572891,164.3325043,75.24971008,207.6447754,144.6666718
10/12/2020,121.302269,172.1464996,77.94692993,213.0233002,147.4333344
10/13/2020,118.0844574,172.1815033,78.07049561,214.4280396,148.8833313
10/14/2020,118.1722183,168.1855011,77.88964081,212.5036926,153.7666626
10/15/2020,117.704155,166.9324951,77.49258423,211.3491364,149.6266632
10/16/2020,116.0562515,163.635498,78.10187531,211.3491364,146.5566711
10/19/2020,113.0919495,160.3605042,76.22119141,206.1149445,143.6100006
10/20/2020,114.583847,160.8504944,77.27388,206.528656,140.6466675
10/21/2020,113.9597931,159.246994,79.01307678,206.6729889,140.8800049
10/22/2020,112.8676758,158.8200073,80.04283142,206.759613,141.9299927
10/23/2020,112.1753693,160.2200012,81.35408783,208.0488892,140.2100067
10/26/2020,112.1851273,160.352005,78.92837524,202.1315613,140.093338
10/27/2020,113.6965027,164.3164978,79.65524292,205.1816254,141.5599976
10/28/2020,108.4309845,158.1390076,75.26715088,195.0115662,135.3399963
10/29/2020,112.4483795,160.5505066,77.56282806,196.97435,136.9433289
10/30/2020,106.1492386,151.8074951,80.5136261,194.809494,129.3466644
11/2/2020,106.0614777,150.223999,80.9226532,194.6747894,133.5033264
11/3/2020,107.6899109,152.4205017,81.98579407,198.6196747,141.3000031
11/4/2020,112.0876007,162.0579987,86.97720337,208.2028503,140.3266602
11/5/2020,116.0659866,166.1000061,87.80669403,214.8417969,146.0299988
11/6/2020,115.9341431,165.5684967,87.66869354,215.2554779,143.3166656
11/9/2020,113.6191711,157.1869965,87.75289154,210.1271667,140.4199982
11/10/2020,113.2772903,151.7510071,86.57217407,203.0263977,136.7866669
11/11/2020,116.7155609,156.8695068,87.04595184,208.356781,139.043335
11/12/2020,116.4420624,155.5140076,86.82624817,207.2887726,137.2533264
11/13/2020,116.4908981,156.440506,88.2929306,208.3182678,136.1666718
11/16/2020,117.506752,156.5529938,88.38111115,209.0110626,136.0299988
11/17/2020,116.617897,156.7830048,87.7648468,206.345871,147.2033386
11/18/2020,115.2894745,155.272995,86.71764374,203.6254425,162.2133331
11/19/2020,115.8852844,155.8509979,87.61090088,204.9181213,166.4233398
11/20/2020,114.6154938,154.9700012,86.50540924,202.9598236,163.2033386
11/23/2020,111.206543,154.9194946,86.06600189,202.689743,173.9499969
11/24/2020,112.4958725,155.9029999,87.87644196,206.3072815,185.1266632
11/25/2020,113.3359146,159.2534943,87.88789368,206.316925,191.3333282
11/27/2020,113.8828964,159.7669983,89.02826691,207.628891,195.2533264
11/30/2020,116.2857742,158.4019928,87.40315247,206.5098572,189.1999969
12/1/2020,119.8705673,161.0039978,89.4437561,208.574295,194.9199982
12/2/2020,120.2222137,160.1764984,90.91890717,207.7639313,189.6066742
12/3/2020,120.0854568,159.3365021,90.76298523,206.6738739,197.793335
12/4/2020,119.4114838,158.1289978,90.85862732,206.7896271,199.6799927
12/7/2020,120.8766632,157.8999939,90.52335358,206.7220764,213.9199982
12/8/2020,121.492012,158.864502,90.23937225,208.3813477,216.6266632
12/9/2020,118.9524002,155.2100067,88.57191467,204.3200378,201.4933319
12/10/2020,120.3784866,155.0744934,88.06327057,203.0852356,209.0233307
12/11/2020,119.5677643,155.8209991,88.41947174,205.7284546,203.3300018
12/14/2020,118.9524002,157.8484955,87.29653931,206.6352539,213.2766724
12/15/2020,124.910759,158.2559967,87.73594666,206.567749,211.0833282
12/16/2020,124.842392,162.0480042,87.54214478,211.5358429,207.5899963
12/17/2020,125.7117233,161.8040009,86.71116638,211.6708832,218.6333313
12/18/2020,123.7190933,160.0825043,85.99924469,210.870224,231.6666718
12/21/2020,125.2526245,160.3090057,86.41473389,214.7289734,216.6199951
12/22/2020,128.8178864,160.326004,85.70033264,216.031311,213.4466705
12/23/2020,127.91922,159.263504,86.09938049,213.2144623,215.3266602
12/24/2020,128.9057922,158.6345062,86.39481354,214.8833008,220.5899963
12/28/2020,133.5161896,164.197998,88.37761688,217.0152588,221.2299957
12/29/2020,131.7384338,166.1000061,87.57054901,216.2338409,221.9966736
12/30/2020,130.6151581,164.2924957,86.49893951,213.851059,231.593338
12/31/2020,129.6090546,162.8464966,87.31548309,214.5649567,235.2233276
1/4/2021,126.4052505,159.3314972,85.99476624,210.0020142,243.2566681
1/5/2021,127.9680786,160.9255066,86.68825531,210.2045898,245.0366669
1/6/2021,123.6604843,156.9190063,85.83283997,204.7541199,251.9933319
1/7/2021,127.8801727,158.1080017,88.3965683,210.5808411,272.0133362
1/8/2021,128.9839478,159.1349945,89.56681824,211.8638458,293.3399963
1/11/2021,125.985199,155.710495,87.49731445,209.8090668,270.3966675
1/12/2021,125.8094025,156.0415039,86.55771637,207.3394623,283.1466675
1/13/2021,127.8509064,158.2944946,87.04695129,208.6996918,284.8033447
1/14/2021,125.9168396,156.3735046,86.23339844,205.4969482,281.6666565
1/15/2021,124.1879425,155.2124939,86.06899261,205.1399841,275.3866577
1/19/2021,124.8619308,156.0379944,88.90122986,208.7961578,281.5166626
1/20/2021,128.964386,163.1690063,93.66395569,216.4171448,283.4833374
1/21/2021,133.6920013,165.3495026,93.86722565,217.0249023,281.6633301
1/22/2021,135.8409271,164.611496,94.28620148,217.9702759,282.2133179
1/25/2021,139.601532,164.6999969,94.37188721,221.4238739,293.6000061
1/26/2021,139.8359985,166.3065033,95.05292511,224.1250153,294.3633423
1/27/2021,138.7615204,161.6289978,90.61849976,224.6748352,288.0533447
1/28/2021,133.9069214,161.8809967,92.32531738,230.4918518,278.4766541
1/29/2021,128.8960114,160.3099976,91.0379715,223.7680511,264.5100098
2/1/2021,131.0254059,167.1439972,94.31162262,231.1864929,279.936676
2/2/2021,131.8556976,169,95.60941315,231.0513763,290.9299927
2/3/2021,130.8300781,165.6264954,102.5721664,234.4181671,284.8966675
2/4/2021,134.1999359,166.5500031,102.3106232,233.4631348,283.3299866
2/5/2021,133.7841797,167.6074982,104.0642624,233.6463928,284.0766602
2/8/2021,133.9309387,166.1470032,103.8495331,233.9068756,287.8066711
2/9/2021,133.0505371,165.25,103.3946915,235.1609802,283.1533203
2/10/2021,132.443985,164.3289948,103.9471817,234.2445068,268.2733459
2/11/2021,132.1896515,163.1065063,104.0602646,235.855545,270.5533447
2/12/2021,132.4243927,163.885498,104.3731384,236.3378754,272.0400085
2/16/2021,130.2919159,163.4474945,105.1538162,235.0934143,265.4066772
2/17/2021,127.9930191,165.4320068,105.548378,236.1183319,266.0499878
2/18/2021,126.887619,166.411499,104.9101868,235.7219086,262.4599915
2/19/2021,127.0441055,162.4949951,104.0632629,232.9952545,260.4333191
2/22/2021,123.2583237,159.0370026,102.3420029,226.7489929,238.1666718
2/23/2021,123.121376,159.7250061,102.6339417,225.5500641,232.9466705
2/24/2021,122.6224594,157.9765015,103.8141632,226.7877197,247.3399963
2/25/2021,118.357338,152.8580017,100.4334183,221.4116974,227.406662
2/26/2021,118.6214676,154.6464996,100.7303391,224.6894989,225.1666718
3/1/2021,125.0093765,157.3070068,103.1092224,229.0986023,239.4766693
3/2/2021,122.3974762,154.7265015,102.8511581,226.1302185,228.8133392
3/3/2021,119.404068,150.25,100.2072372,220.0290375,217.7333374
3/4/2021,117.5160446,148.8784943,101.3291702,219.2265472,207.1466675
3/5/2021,118.7779999,150.022995,104.4747696,223.9353333,199.3166656
3/8/2021,113.8280792,147.5975037,100.0124435,219.8646698,187.6666718
3/9/2021,118.4551544,153.1425018,101.6495132,226.0431976,224.5266724
3/10/2021,117.3693161,152.8820038,101.4417648,224.7281647,222.6866608
3/11/2021,119.3062286,155.6795044,104.647644,229.2823181,233.1999969
3/12/2021,118.3964767,154.4745026,102.129776,227.9480286,231.2433319
3/15/2021,121.2920532,154.0839996,102.350975,227.039093,235.9799957
3/16/2021,122.8376694,154.5930023,103.8181534,229.8431396,225.6266632
3/17/2021,122.0452957,156.786499,103.7349548,229.195282,233.9366608
3/18/2021,117.907341,151.3995056,100.7019501,223.0844727,217.7200012
3/19/2021,117.379097,153.7480011,100.9819336,222.7267151,218.2899933
3/22/2021,120.7051163,155.5435028,101.1677628,228.180069,223.3333282
3/23/2021,119.8736191,156.875,101.6978378,229.7174377,220.7200012
3/24/2021,117.4769135,154.3535004,101.2594299,227.6676025,210.0899963
3/25/2021,117.9660568,152.3130035,101.2559357,224.6508331,213.4633331
3/26/2021,118.5725479,152.6015015,100.8708344,228.6538544,206.2366638
3/29/2021,118.748642,153.786499,101.9200211,227.4548492,203.7633362
3/30/2021,117.2910538,152.7644958,101.9539108,224.177063,211.8733368
3/31/2021,119.4920883,154.7039948,102.7535172,227.9673462,222.6433258
4/1/2021,120.3236008,158.0500031,106.1043625,234.3296051,220.5833282
4/5/2021,123.1604996,161.3365021,110.5472565,240.827179,230.3500061
4/6/2021,123.4637451,161.1909943,110.064003,239.6572113,230.5399933
4/7/2021,125.1169739,163.9694977,111.5471268,241.6296997,223.656662
4/8/2021,127.5234299,164.9649963,112.1150742,244.8688354,227.9333344
4/9/2021,130.1060486,168.6100006,113.1234207,247.382843,225.6733398
4/12/2021,128.3843384,168.9694977,111.8256226,247.4408417,233.9933319
4/13/2021,131.5048676,170,112.3143539,249.9354248,254.1066742
4/14/2021,129.1571045,166.6499939,111.6906128,247.1314087,244.0766602
4/15/2021,131.5733643,168.9544983,113.8497849,250.9120178,246.2833405
4/16/2021,131.2407837,169.9720001,113.725235,252.1109467,246.593338
4/19/2021,131.9059601,168.6004944,114.0744705,250.1771088,238.2100067
4/20/2021,130.213623,166.7344971,113.5389175,249.7130585,239.6633301
4/21/2021,130.5951385,168.1009979,113.5060349,251.9562378,248.0399933
4/22/2021,129.0690765,165.4519958,112.2191925,248.6591339,239.8966675
4/23/2021,131.3973083,167.0440063,114.581131,252.5074158,243.1333313
4/26/2021,131.7886047,170.4499969,115.0793304,252.8941956,246.0666656
4/27/2021,131.4657745,170.8715057,114.1352539,253.3002472,234.9133301
4/28/2021,130.6733704,172.9250031,117.5259628,246.1354675,231.4666595
4/29/2021,130.5755615,173.565506,119.205864,244.1533508,225.6666718
4/30/2021,128.5995026,173.3710022,117.2499542,243.834259,236.4799957
5/3/2021,129.6560211,169.3244934,116.7308426,243.5248108,228.3000031
5/4/2021,125.0680771,165.5935059,114.9248886,239.5895233,224.5333405
5/5/2021,125.3126373,163.5269928,115.3204575,238.3132324,223.6466675
5/6/2021,126.9169388,165.3184967,116.4453735,241.4653015,221.1799927
5/7/2021,127.5931015,164.5805054,117.1717377,244.1049805,224.1233368
5/10/2021,124.3006058,159.5245056,114.1736069,238.9997253,209.6799927
5/11/2021,123.3795013,161.1954956,113.0930252,238.0811768,205.7333374
5/12/2021,120.302597,157.5970001,109.6151352,231.0904388,196.6300049
5/13/2021,122.4584045,158.0735016,111.0494385,234.9870911,190.5633392
5/14/2021,124.8885498,161.1450043,113.5075226,239.9376526,196.5800018
5/17/2021,123.732254,163.5195007,114.0326233,237.0659332,192.2766724
5/18/2021,122.3408051,161.6139984,112.7148972,235.0354462,192.6233368
5/19/2021,122.1840363,161.5899963,113.1647644,235.6168976,187.8200073
5/20/2021,124.751358,162.3840027,114.9308701,238.8732147,195.593338
5/21/2021,122.9091492,160.154007,114.2921753,237.6036682,193.6266632
5/24/2021,124.5455704,162.2494965,117.6256027,243.0405121,202.1466675
5/25/2021,124.3495941,162.9524994,117.7167664,243.9514771,201.5633392
5/26/2021,124.3006058,163.2579956,118.5856247,243.7286072,206.3766632
5/27/2021,122.762146,161.5054932,117.7073059,241.6158295,210.2833405
5/28/2021,122.105629,161.1535034,117.4168472,241.974411,208.406662
6/1/2021,121.7822495,160.9324951,118.628952,239.7647858,207.9666595
6/2/2021,122.5465698,161.6994934,118.1013718,239.6679077,201.706665
6/3/2021,121.0571365,159.3504944,116.9550323,238.1269836,190.9466705
6/4/2021,123.3599014,160.3110046,119.2462158,243.0502014,199.6833344
6/7/2021,123.3696976,159.9004974,119.6811447,245.9769745,201.7100067
6/8/2021,124.1928177,163.2055054,119.4888458,244.7752686,201.1966705
6/9/2021,124.5749664,164.0574951,119.9621277,245.7637634,199.593338
6/10/2021,123.5754852,167.4824982,121.3167191,249.3011322,203.3733368
6/11/2021,124.7905426,167.341507,121.0711136,249.9311218,203.2966614
6/14/2021,127.857605,169.1934967,122.0032272,251.8694153,205.8966675
6/15/2021,127.0345459,169.1564941,120.9809341,250.3865814,199.7866669
6/16/2021,127.5342789,170.7624969,120.3362656,249.4368134,201.6233368
6/17/2021,129.1412964,174.4620056,121.3037643,252.8481903,205.5333405
6/18/2021,127.8380585,174.3450012,119.6771545,251.4235535,207.7700043
6/21/2021,129.6410828,172.697998,121.3725128,254.5247955,206.9433289
6/22/2021,131.2873077,175.2720032,121.8886414,257.315918,207.9033356
6/23/2021,131.0129242,175.1909943,121.6858749,257.0832825,218.8566742
6/24/2021,130.728775,172.4539948,122.0575256,258.4595337,226.6066742
6/25/2021,130.4347992,170.072998,122.0660019,256.8410034,223.956665
6/28/2021,132.0712585,172.1945038,122.0934067,260.4268494,229.5733337
6/29/2021,133.5900879,172.4069977,121.8308487,263.0241699,226.9199982
6/30/2021,134.207428,172.0079956,121.6485138,262.5396118,226.5666656
7/1/2021,134.5111694,171.6484985,122.002243,263.217926,225.9733276
7/2/2021,137.1471405,175.548996,124.805069,269.0812683,226.3000031
7/6/2021,139.165741,183.7870026,125.7342072,269.0908813,219.8600006
7/7/2021,141.6644897,184.8289948,126.0171738,271.2908325,214.8833313
7/8/2021,140.3612061,186.5704956,124.5923386,268.8583984,217.6033325
7/9/2021,142.1936035,185.9669952,125.0651321,269.3623047,218.9833374
7/12/2021,141.595871,185.9275055,126.5168686,268.7614441,228.5666656
7/13/2021,142.7129822,183.8679962,126.881546,272.3084717,222.8466644
7/14/2021,146.15242,184.0839996,127.7738113,273.7913513,217.793335
7/15/2021,145.4958954,181.5599976,126.546257,272.3569336,216.8666687
7/16/2021,143.4478912,178.6815033,126.5113831,272.0855713,214.7400055
7/19/2021,139.5870972,177.4795074,124.1280289,268.4610291,215.406662
7/20/2021,143.212738,178.6595001,125.7536316,270.699707,220.1666718
7/21/2021,142.4777985,179.2599945,127.0883026,272.7155457,218.4299927
7/22/2021,143.8496399,181.9015045,127.957634,277.3092651,216.4199982
7/23/2021,145.5742798,182.8320007,132.5345459,280.7303162,214.4600067
7/26/2021,145.9956207,184.9909973,133.5508728,280.1294861,219.206665
7/27/2021,143.8202667,181.3195038,131.4235687,277.6968994,214.9266663
7/28/2021,142.0662231,181.5160065,135.602417,277.3867493,215.6600037
7/29/2021,142.7129822,179.9960022,135.2870636,277.6582031,225.7833405
7/30/2021,142.9285278,166.3795013,134.2398682,276.117157,229.0666656
8/2/2021,142.5953979,166.5740051,134.3674164,276.0299988,236.5566711
8/3/2021,144.398407,168.3119965,135.1401062,278.2589722,236.5800018
8/4/2021,143.9966583,167.7359924,134.6374359,277.6678162,236.9733276
8/5/2021,144.1044159,168.7994995,135.7593689,280.5849304,238.2100067
8/6/2021,143.41745,167.246994,135.2481995,280.5267639,233.0333405
8/9/2021,143.3683777,167.0935059,136.4184723,279.4317017,237.9199982
8/10/2021,142.8875427,166.0339966,136.3128662,277.5999756,236.6633301
8/11/2021,143.1426849,164.6054993,135.7867889,278.0942383,235.9400024
8/12/2021,146.1162109,165.1750031,136.6984558,280.8659363,240.75
8/13/2021,146.3223419,164.6985016,137.2300262,283.8121948,239.0566711
8/16/2021,148.3046875,164.9494934,137.8099213,285.5081177,228.7233276
8/17/2021,147.3920441,162.0980072,136.1678772,284.0350647,221.9033356
8/18/2021,143.6333771,160.0610046,134.9597778,282.2970276,229.6633301
8/19/2021,143.967041,159.3874969,135.1899109,288.1617737,224.4900055
8/20/2021,145.4292755,159.9974976,136.9331055,295.5316467,226.7533264
8/23/2021,146.9210052,163.2935028,139.5356903,295.8132019,235.4333344
8/24/2021,146.8326111,165.2890015,140.7512665,293.8420715,236.1633301
8/25/2021,145.5960999,164.9589996,141.5658112,293.2497864,237.0666656
8/26/2021,144.7913971,165.8000031,140.9296265,290.4144897,233.7200012
8/27/2021,145.8316498,167.4815063,143.4838562,291.0262451,237.3066711
8/30/2021,150.2674255,171.0785065,144.0682373,294.7839355,243.636673
8/31/2021,149.0014801,173.539505,144.1748505,293.1235657,245.2400055
9/1/2021,149.6687927,173.9499969,144.690979,293.0750427,244.6966705
9/2/2021,150.7875519,173.1560059,142.7694397,292.4146729,244.1300049
9/3/2021,151.4254608,173.9024963,143.2203217,292.4050293,244.5233307
9/7/2021,153.7709198,175.4644928,143.7593536,291.4729004,250.9733276
9/8/2021,152.2203522,176.2749939,143.1719818,291.5020447,251.2899933
9/9/2021,151.1997681,174.2079926,143.022522,288.6278381,251.6199951
9/10/2021,146.1947174,173.4575043,140.367157,287.1324768,245.4233398
9/13/2021,146.7639465,172.8585052,141.8184052,288.3753662,247.6666718
9/14/2021,145.3605804,172.5,142.0296326,291.0941772,248.1633301
9/15/2021,146.2536316,173.789505,143.9078217,295.9782715,251.9433289
9/16/2021,146.0180511,174.4120026,143.0912781,296.3667297,252.3300018
9/17/2021,143.338974,173.1260071,140.2914429,291.1718445,253.1633301
9/20/2021,140.2770996,167.786499,138.2184448,285.7633972,243.3899994
9/21/2021,140.7579346,167.1815033,138.5308228,286.2489014,246.4600067
9/22/2021,143.1328735,169.0025024,139.7768097,289.91922,250.6466675
9/23/2021,144.0946198,170.8000031,140.7059479,290.8708801,251.2133331
9/24/2021,144.1829529,171.276001,141.7013245,290.6669312,258.1300049
9/27/2021,142.6618042,170.2899933,140.562439,285.6371765,263.7866821
9/28/2021,139.2662964,165.7980042,135.3393707,275.2961121,259.186676
9/29/2021,140.1691284,165.0559998,133.8682098,275.7622375,260.436676
9/30/2021,138.8639221,164.2519989,133.193161,273.7425232,258.4933472
10/1/2021,139.9925232,164.1629944,136.0498199,280.7142944,258.4066772
10/4/2021,136.5478973,159.4889984,133.1767273,274.8980103,260.5100098
10/5/2021,138.4811707,161.0500031,135.5316925,280.3841248,260.1966553
10/6/2021,139.3546143,163.1004944,137.0681152,284.6079102,260.9166565
10/7/2021,140.620575,165.1215057,138.7221222,286.2974854,264.5366821
10/8/2021,140.2378235,164.4309998,139.2806091,286.2974854,261.8299866
10/11/2021,140.1494904,162.3150024,138.4122467,285.6955261,263.980011
10/12/2021,138.873764,162.3665009,135.9561615,284.3846436,268.5733337
10/13/2021,138.2848969,164.2140045,137.0850677,287.7151184,270.3599854
10/14/2021,141.0818176,164.9929962,140.6411591,293.9683533,272.7733459
10/15/2021,142.1416931,170.451004,140.8573761,295.3859863,281.0100098
10/18/2021,143.8198395,172.3370056,142.2622833,298.3766174,290.0366821
10/19/2021,145.9886627,172.2075043,142.719635,299.2893372,288.0899963
10/20/2021,146.4793396,170.753006,141.2569275,298.4931641,288.6000061
10/21/2021,146.6952515,171.7505035,141.3735046,301.7459717,298
10/22/2021,145.9199677,166.7774963,137.0696106,300.1923523,303.2266541
10/25/2021,145.8708954,166.0184937,136.9505463,299.1922302,341.6199951
10/26/2021,146.5382538,168.8034973,138.8053284,301.1147461,339.4766541
10/27/2021,146.0769958,169.6244965,145.6893616,313.7960205,345.9533386
10/28/2021,149.7277222,172.3285065,145.3221893,314.941803,359.0133362
10/29/2021,147.0093079,168.6215057,147.511261,322.000885,371.3333435
11/1/2021,146.184906,165.9055023,142.9786835,319.8161926,402.8633423
11/2/2021,147.225174,165.6374969,144.907196,323.4670715,390.6666565
11/3/2021,148.6678162,169.1999969,146.0684814,324.3118591,404.6199951
11/4/2021,148.1476593,173.8500061,147.7319641,326.6811218,409.9700012
11/5/2021,148.6783905,175.9494934,148.3143463,326.3121643,407.3633423
11/8/2021,147.8528595,174.4490051,148.4927063,327.2151184,387.6466675
11/9/2021,148.2164764,178.8114929,148.3806,326.2052917,341.1666565
11/10/2021,145.3761749,174.1024933,145.3665314,321.2046509,355.9833374
11/11/2021,145.3270264,173.625,145.2400055,322.7874146,354.5033264
11/12/2021,147.4105835,176.2575073,148.1409607,326.9529724,344.4733276
11/15/2021,147.4203949,177.2839966,147.9157867,326.3218384,337.7966614
11/16/2021,148.4032135,177.0350037,147.3418884,329.6620178,351.5766602
11/17/2021,150.8503876,177.4499969,147.5122528,329.8857422,363.0033264
11/18/2021,155.1550598,184.8029938,149.297287,331.9772644,365.4599915
11/19/2021,157.7889709,183.8285065,148.3885803,333.7670898,379.019989
11/22/2021,158.250885,178.6284943,145.7735596,330.5763855,385.6233215
11/23/2021,158.6341858,179.0019989,145.2554321,328.4850159,369.6766663
11/24/2021,159.1550751,179.0204926,145.5922089,328.7087402,372
11/26/2021,154.1132965,175.2279968,141.6694336,320.7028198,360.6400146
11/29/2021,157.4842987,178.0785065,145.004837,327.463562,378.9966736
11/30/2021,162.4572906,175.3535004,141.3849792,321.5880432,381.5866699
12/1/2021,161.9364166,172.1860046,140.5420227,321.0918884,365
12/2/2021,160.9437714,171.8679962,142.4496002,320.5179749,361.5333252
12/3/2021,159.056778,169.489502,141.4886017,314.2144775,338.3233337
12/6/2021,162.4769592,171.3684998,142.6379242,317.3078003,336.3366699
12/7/2021,168.236145,176.164505,146.7375641,325.8001709,350.5833435
12/8/2021,172.0690765,176.1580048,147.6512451,325.8488159,356.3200073
12/9/2021,171.5580292,174.1710052,147.1052246,324.0296936,334.6000061
12/10/2021,176.3639526,172.2120056,147.4669189,333.2126465,339.0100098
12/13/2021,172.7177429,169.5675049,145.2997742,330.1581421,322.1366577
12/14/2021,171.3319855,169.091507,143.387207,319.3993225,319.5033264
12/15/2021,176.2165375,173.3150024,145.9120483,325.5375061,325.3299866
12/16/2021,169.2975922,168.8710022,143.9232788,316.052948,308.9733276
12/17/2021,168.1968536,170.0175018,141.213089,314.9829407,310.8566589
12/20/2021,166.8307495,167.0789948,141.0955048,311.1988831,299.980011
12/21/2021,170.0150299,170.4170074,142.9542847,318.3779297,312.8433228
12/22/2021,172.6194611,171.0370026,145.8861389,324.1270142,336.2900085
12/23/2021,173.2484741,171.0684967,146.3858337,325.5764465,355.6666565
12/27/2021,177.2288208,169.6694946,147.3722534,333.1250916,364.6466675
12/28/2021,176.2066803,170.6609955,146.1571808,331.9577942,362.8233337
12/29/2021,176.2951202,169.201004,146.1252899,332.6387329,362.063324
12/30/2021,175.135437,168.6445007,145.6724243,330.0803223,356.7799988
12/31/2021,174.5162659,166.7169952,144.3287964,327.1619873,352.2600098
1/3/2022,178.8798828,170.4044952,144.467804,325.6347656,399.9266663
1/4/2022,176.6096344,167.5220032,143.8779297,320.0511169,383.1966553
1/5/2022,171.9118347,164.3569946,137.2773438,307.7649841,362.706665
1/6/2022,169.0420685,163.2539978,137.2499542,305.3330994,354.8999939
1/7/2022,169.2091675,162.5540009,136.5220947,305.4887085,342.3200073
1/10/2022,169.2288055,161.4859924,138.1686096,305.7124329,352.706665
1/11/2022,172.0690765,165.3619995,139.2312775,306.4031372,354.7999878
1/12/2022,172.5113525,165.2070007,140.9196472,309.6035156,368.7399902
1/13/2022,169.2288055,161.2140045,138.086441,296.5003052,343.8533325
1/14/2022,170.0936737,162.1380005,138.9766998,301.7532654,349.8699951
1/18/2022,166.8799133,158.9174957,135.5067902,294.4088745,343.5033264
1/19/2022,163.3712769,156.298996,134.6284637,295.0703125,331.8833313
1/20/2022,161.6808624,151.6674957,132.8259888,293.3874512,332.0899963
1/21/2022,159.6169891,142.6430054,129.8806763,287.9691467,314.6333313
1/24/2022,158.8405609,144.5440063,130.331543,288.2998657,310
1/25/2022,157.0322113,139.9859924,126.4765091,280.6344299,306.1333313
1/26/2022,156.9437714,138.8724976,128.7662201,288.6305847,312.4700012
1/27/2022,156.481842,139.6374969,128.5390472,291.6753235,276.3666687
1/28/2022,167.4007721,143.9779968,132.8693237,299.8660889,282.1166687
1/31/2022,171.7742462,149.5735016,134.8147888,302.5120239,312.2399902
2/1/2022,171.6071777,151.1934967,137.1468201,300.352478,310.4166565
2/2/2022,172.8160248,150.6125031,147.4654236,304.9244995,301.8866577
2/3/2022,169.92659,138.8455048,142.5731506,293.0469971,297.0466614
2/4/2022,169.6412201,157.6394958,142.7754364,297.6092224,307.7733459
2/7/2022,168.9228821,157.9355011,138.6982117,292.7551575,302.4466553
2/8/2022,172.0423126,161.4134979,138.8954926,296.2668457,307.3333435
2/9/2022,173.4691772,161.1894989,141.0805511,302.7357788,310.6666565
2/10/2022,169.3755035,159.0034943,138.1193085,294.1461792,301.5166626
2/11/2022,165.9510193,153.2935028,133.7974854,287.0061035,286.6666565
2/14/2022,166.1871796,155.1670074,135.0364838,286.9671936,291.9200134
2/15/2022,170.0348358,156.510498,136.1150818,292.2882385,307.4766541
2/16/2022,169.798645,158.1004944,137.2404938,291.946991,307.7966614
2/17/2022,166.1871796,154.6524963,132.0602722,283.3982239,292.1166687
2/18/2022,164.63237,152.6015015,129.9319916,280.6688843,285.6600037
2/22/2022,161.6999054,150.1974945,129.3446198,280.4641113,273.8433228
2/23/2022,157.5176849,144.8269958,127.1271515,273.2019958,254.6799927
2/24/2022,160.1450806,151.3580017,132.2117004,287.1608887,266.9233398
2/25/2022,162.2214661,153.7884979,133.9738312,289.8122864,269.956665
2/28/2022,162.4871216,153.5630035,134.5691681,291.2549744,290.1433411
3/1/2022,160.5977478,151.1419983,133.5772705,287.5118103,288.1233215
3/2/2022,163.9041748,152.0525055,134.0854492,292.6196594,293.2966614
3/3/2022,163.579422,147.8984985,133.415863,288.4573669,279.7633362
3/4/2022,160.5682526,145.6410065,131.4300385,282.5501099,279.4299927
3/7/2022,156.7599335,137.4530029,125.9220276,271.8762817,268.1933289
3/8/2022,154.9295959,136.0144958,126.645401,268.8934631,274.7999878
3/9/2022,160.3517151,139.279007,132.9380798,281.2244568,286.3233337
3/10/2022,155.9923706,146.8175049,131.9511719,278.3878174,279.4333191
3/11/2022,152.2628021,145.5245056,129.401413,273.0070496,265.1166687
3/14/2022,148.218338,141.8529968,125.4960632,269.4685974,255.456665
3/15/2022,152.6170654,147.3665009,128.7313232,279.9085083,267.2966614
3/16/2022,157.0453339,153.1040039,132.7990875,286.9659424,280.0766602
3/17/2022,158.0588531,157.2389984,133.3555756,287.7749329,290.5333252
3/18/2022,161.3653107,161.2505035,135.6338196,292.8536072,301.7966614
3/21/2022,162.7429962,161.4915009,135.6099091,291.6156616,307.0533447
3/22/2022,166.1281433,164.8890076,139.3628082,296.3920593,331.3266602
3/23/2022,167.4959869,163.4080048,137.776062,291.9372864,333.0366821
3/24/2022,171.2944336,163.6495056,141.0606537,296.4310303,337.9733276
3/25/2022,171.9340668,164.7734985,141.1612701,296.0216064,336.8800049
3/28/2022,172.8000488,168.9904938,140.9445801,302.8645935,363.9466553
3/29/2022,176.1064606,169.3150024,141.9907684,307.4558411,366.5233459
3/30/2022,174.9354401,166.3009949,141.4258118,305.9449158,364.6633301
3/31/2022,171.8258362,162.9974976,138.5652008,300.5348206,359.2000122
4/1/2022,171.5305786,163.5599976,139.6442719,301.6169128,361.5299988
4/4/2022,175.5947571,168.3464966,142.4550934,307.0269165,381.8166809
4/5/2022,172.2686462,164.0549927,140.0831909,303.0400696,363.7533264
4/6/2022,169.0901337,158.7559967,136.0547791,291.946991,348.5866699
4/7/2022,169.3952179,157.7845001,135.3976746,293.7698669,352.4200134
4/8/2022,167.3778992,154.460495,132.806076,289.480896,341.8299866
4/11/2022,163.1070709,151.121994,128.3582001,278.0661926,325.3099976
4/12/2022,164.9866486,150.7875061,127.2531967,274.9468994,328.9833374
4/13/2022,167.6829376,155.5410004,129.4248199,280.3666687,340.7900085
4/14/2022,162.6544189,151.7064972,126.2722549,272.7730408,328.3333435
4/18/2022,162.4379425,152.7850037,127.2153397,273.4456787,334.7633362
4/19/2022,164.7307739,158.1154938,129.5394135,278.1051636,342.7166748
4/20/2022,164.5634613,153.9980011,127.5775146,279.1384583,325.7333374
4/21/2022,163.7663879,148.2960052,124.3636703,273.7283325,336.2600098
4/22/2022,159.2102203,144.3500061,119.2033768,267.1193848,335.0166626
4/25/2022,160.2828217,146.0740051,122.6294556,273.6406555,332.6733398
4/26/2022,154.2997894,139.3910065,118.2214355,263.405426,292.1400146
4/27/2022,154.0734711,138.1670074,113.8816681,276.0776367,293.8366699
4/28/2022,161.0307465,144.5964966,118.0943909,282.3259888,292.5033264
4/29/2022,155.1362457,124.2815018,113.6973343,270.5213928,290.2533264
5/2/2022,155.4413147,124.5,116.1618958,277.2960815,300.980011
5/3/2022,156.9370422,124.2535019,116.9101944,274.6738892,303.0833435
5/4/2022,163.372757,125.9284973,121.8193893,282.6671448,317.5400085
5/5/2022,154.2702789,116.4069977,116.0846863,270.3556824,291.0933228
5/6/2022,154.9995422,114.7724991,115.3284225,267.8017273,288.5499878
5/9/2022,149.8552094,108.7890015,112.1046066,257.9076843,262.3699951
5/10/2022,152.2697144,108.8590012,113.9818039,262.7036438,266.6799927
5/11/2022,144.3758392,105.3720016,113.1921692,253.9792633,244.6666718
5/12/2022,140.4929657,106.9304962,112.436409,248.9104462,242.6666718
5/13/2022,144.977005,113.0550003,115.6313324,254.5349274,256.5299988
5/16/2022,143.4297638,110.8105011,114.0316315,254.9053802,241.456665
5/17/2022,147.0761261,115.3684998,116.0523071,260.091217,253.8699951
5/18/2022,138.7781982,107.1125031,111.4953156,248.2493591,236.6033325
5/19/2022,135.3585205,107.3190002,109.9852982,247.3309021,236.4733276
5/20/2022,135.595047,107.5910034,108.5146255,246.7642212,221.3000031
5/23/2022,141.0350189,107.5569992,111.0853043,254.6685791,224.9666595
5/24/2022,138.3248749,104.0999985,105.5872421,253.6622009,209.386673
5/25/2022,138.4825439,106.7750015,105.4228287,256.495636,219.6000061
5/26/2022,141.695282,111.0774994,107.4031601,259.7980652,235.9100037
5/27/2022,147.4703064,115.1464996,111.91082,266.9696045,253.2100067
5/31/2022,146.6819153,120.2095032,113.3510895,265.631134,252.7533264
6/1/2022,146.553772,121.6839981,113.4806213,266.1685181,246.7899933
6/2/2022,149.0175476,125.5110016,117.1976395,268.2788696,258.3333435
6/3/2022,143.27211,122.3499985,114.1272736,263.8235474,234.5166626
6/6/2022,144.0210571,124.7900009,116.3985519,262.5826721,238.2799988
6/7/2022,146.553772,123,116.7263489,266.2466431,238.886673
6/8/2022,145.8146667,121.1800003,116.7707062,264.2045593,241.8666687
6/9/2022,140.5718231,116.1500015,114.4207153,258.7135925,239.706665
6/10/2022,135.1417084,109.6500015,110.7599869,247.1843109,232.2299957
6/13/2022,129.967865,103.6699982,106.0082092,236.7005615,215.7366638
6/14/2022,130.8350525,102.3099976,106.33004,238.879425,220.8899994
6/15/2022,133.4663391,107.6699982,109.3680344,245.9825592,233
6/16/2022,128.1742249,103.6600037,105.6505127,239.3483734,213.1000061
6/17/2022,129.6524811,106.2200012,106.7565002,241.9668732,216.7599945
6/21/2022,133.8999939,108.6800003,111.1411057,247.9171295,237.0366669
6/22/2022,133.3875275,108.9499969,111.0848083,247.3211365,236.0866699
6/23/2022,136.2651672,112.4400024,111.836586,252.9196167,235.0700073
6/24/2022,139.6060486,116.4599991,117.5488739,261.5567932,245.706665
6/27/2022,139.6060486,113.2200012,115.4151077,258.8112488,244.9199982
6/28/2022,135.4472351,107.4000015,111.6029282,250.5942535,232.6633301
6/29/2022,137.2112579,108.9199982,111.2980347,254.2875061,228.4900055
6/30/2022,134.7376404,106.2099991,108.5694199,250.9362183,224.4733276
7/1/2022,136.9156189,109.5599976,108.3447418,253.6231079,227.2633362
7/5/2022,139.5075073,113.5,112.8538971,256.8180237,233.0666656
7/6/2022,140.8477631,114.3300018,114.1581726,260.1009827,231.7333374
7/7/2022,144.2280121,116.3300018,118.3539505,262.2406921,244.543335
7/8/2022,144.9080353,115.5400009,118.9223938,261.5176697,250.7633362
7/11/2022,142.7695007,111.75,115.2586823,258.4399414,234.343338
7/12/2022,143.7451324,109.2200012,113.6086655,247.8487244,233.0700073
7/13/2022,143.3804932,110.4000015,110.9512939,246.9205475,237.0399933
7/14/2022,146.3172913,110.6299973,109.9688568,248.2493591,238.3133392
7/15/2022,147.9926147,113.5500031,111.3737564,250.8287354,240.0666656
7/18/2022,144.9375916,113.7600021,108.6361771,248.415451,240.5466614
7/19/2022,148.8106232,118.2099991,113.3989182,253.574295,245.5299988
7/20/2022,150.8210144,122.7699966,113.4885941,256.2513428,247.5
7/21/2022,153.0975494,124.6299973,113.927002,258.7623901,271.706665
7/22/2022,151.8558044,122.4199982,107.5102692,254.3852386,272.2433472
7/25/2022,150.7323303,121.1399994,107.1216812,252.8903198,268.4333191
7/26/2022,149.401886,114.8099976,104.6406631,246.1193695,258.8599854
7/27/2022,154.5166321,120.9700012,112.6516266,262.5729065,274.8200073
7/28/2022,155.068512,122.2799988,113.8074417,270.066864,280.8999939
7/29/2022,160.153717,134.9499969,115.8998566,274.2975159,297.1499939
8/1/2022,159.1682129,135.3899994,114.4451218,271.6301575,297.2766724
8/2/2022,157.6899414,134.1600037,114.7141495,268.5133667,300.5866699
8/3/2022,163.7212372,139.5200043,117.6535034,275.9878235,307.3966675
8/4/2022,163.4058533,142.5700073,117.7630997,277.1407166,308.6333313
8/5/2022,163.178894,140.8000031,117.0457001,276.4177246,288.1700134
8/8/2022,162.7051392,139.4100037,116.8763199,273.887207,290.4233398
8/9/2022,162.7545471,137.8300018,116.208725,275.8217468,283.3333435
8/10/2022,167.0178223,142.6900024,119.2676392,282.524231,294.3566589
8/11/2022,166.2776642,140.6399994,118.4107437,280.4333801,286.6300049
8/12/2022,169.840271,143.5500031,121.2404938,285.2112427,300.0299988
8/15/2022,170.9159393,143.1799927,121.6390533,286.7354126,309.3200073
8/16/2022,170.7580109,144.7799988,121.2604218,285.9928589,306.563324
8/17/2022,172.2580872,142.1000061,119.118187,285.2389221,303.9966736
8/18/2022,171.8633118,142.3000031,119.7359543,284.1129456,302.8699951
8/19/2022,169.2678833,138.2299957,116.7866364,280.1768494,296.6666565
8/22/2022,165.369751,133.2200012,113.8273621,271.9521484,289.9133301
8/23/2022,165.0341949,133.6199951,113.4487381,270.6695251,296.4533386
8/24/2022,165.3302917,133.8000031,113.2793579,270.0331116,297.0966797
8/25/2022,167.7974396,137.2799988,116.2286606,273.0292053,296.0700073
8/26/2022,161.4715881,130.75,109.941452,262.4937744,288.0899963
8/29/2022,159.2610016,129.7899933,109.0247803,259.693512,284.8200073
8/30/2022,156.8234558,128.7299957,108.5465164,257.4806519,277.7000122
8/31/2022,155.1556396,126.7699966,107.8291168,256.0120239,275.6099854
9/1/2022,155.8859406,127.8199997,109.3436203,254.9643097,277.1600037
9/2/2022,153.7641449,127.5100021,107.4604492,250.7149353,270.2099915
9/6/2022,152.5009308,126.1100006,106.424202,247.9635925,274.4200134
9/7/2022,153.9121857,129.4799957,109.0546646,252.7025604,283.7000122
9/8/2022,152.4318695,129.8200073,107.988533,253.1235809,289.2600098
9/9/2022,155.3036804,133.2700043,110.2503357,258.9395752,299.6799927
9/12/2022,161.2840881,136.4499969,110.4595718,261.0838623,304.4200134
9/13/2022,151.8200073,126.8199997,103.9431992,246.7299194,292.1300049
9/14/2022,153.2707214,128.5500031,104.6207428,246.9551086,302.6099854
9/15/2022,150.3693085,126.2799988,102.5382919,240.2578583,303.75
9/16/2022,148.7212524,123.5299988,102.428688,239.6312256,303.3500061
9/19/2022,152.4515991,124.6600037,102.6977081,239.4158173,309.0700073
9/20/2022,154.8398438,122.1900024,100.7746887,237.3890533,308.730011
9/21/2022,151.7015991,118.5400009,98.92139435,233.9620972,300.7999878
9/22/2022,150.7344666,117.3099976,99.77829742,235.9497223,288.5899963
9/23/2022,148.4548035,113.7799988,98.38335419,232.953598,275.3299866
9/26/2022,148.7903442,115.1500015,97.8154068,232.4934235,276.0100098
9/27/2022,149.767334,114.4100037,97.14782715,231.4751282,282.9400024
9/28/2022,147.8725281,118.0100021,99.68862915,236.0378723,287.8099976
9/29/2022,140.6091766,114.8000031,97.06811523,232.5423584,268.2099915
9/30/2022,136.385376,113,95.30451202,228.0383606,265.25
10/3/2022,140.5795593,115.8799973,98.28371429,235.7147217,242.3999939
10/4/2022,144.1816406,121.0899963,101.2728806,243.6848145,249.4400024
10/5/2022,144.4776917,120.9499969,101.0636292,243.9981232,240.8099976
10/6/2022,143.520401,120.3000031,101.0536728,241.6384277,238.1300049
10/7/2022,138.2505646,114.5599976,98.32357025,229.3504333,223.0700073
10/10/2022,138.5762329,113.6699982,97.50653076,224.4645844,222.9600067
10/11/2022,137.1551208,112.2099991,96.82898712,220.7047272,216.5
10/12/2022,136.5235443,112.9000015,97.20761108,221.0376282,217.2400055
10/13/2022,141.1124878,112.5299988,98.70218658,229.3504333,221.7200012
10/14/2022,136.5630188,106.9000015,96.21121979,223.7889862,204.9900055
10/17/2022,140.5401001,113.7900009,99.60890961,232.5717316,219.3500061
10/18/2022,141.8625183,116.3600006,100.4060211,233.5214691,220.1900024
10/19/2022,141.9710693,115.0699997,99.27013397,231.5436554,222.0399933
10/20/2022,141.5072174,115.25,99.60890961,231.2205505,207.2799988
10/21/2022,145.3362732,119.3199997,100.7647095,237.065918,214.4400024
10/24/2022,147.4876404,119.8199997,102.149704,242.0888367,211.25
10/25/2022,150.3397217,120.5999985,104.102623,245.4276581,222.4199982
10/26/2022,147.3889771,115.6600037,94.58711243,226.4913788,224.6399994
10/27/2022,142.8987427,110.9599991,91.88690186,222.0167694,225.0899963
10/28/2022,153.6950531,103.4100037,95.94220734,230.9463654,228.5200043
10/31/2022,151.3265686,102.4400024,94.16863251,227.2844696,227.5399933
11/1/2022,148.671875,96.79000092,90.14322662,223.4071198,227.8200073
11/2/2022,143.1256866,92.12000275,86.6558609,215.5055847,214.9799957
11/3/2022,137.0564575,89.30000305,83.12865448,209.7776794,215.3099976
11/4/2022,136.7895355,90.98000336,86.26728058,216.768631,207.4700012
11/7/2022,137.323349,90.52999878,88.17037964,223.1133728,197.0800018
11/8/2022,137.8966827,89.98000336,88.57889557,224.0924988,191.3000031
11/9/2022,133.3198853,86.13999939,87.00460052,219.8235321,177.5899963
11/10/2022,145.1819916,96.62999725,93.60069275,237.9079742,190.7200012
11/11/2022,147.9794312,100.7900009,96.06177521,241.9517822,195.9700012
11/14/2022,146.5757904,98.48999786,95.35432434,236.5078125,190.9499969
11/15/2022,148.3155212,98.94000244,98.08444214,236.9190521,194.4199982
11/16/2022,147.0799255,97.12000275,98.49295807,237.3510742,186.9199982
11/17/2022,148.9877319,94.84999847,98.0047226,237.3019562,183.1699982
11/18/2022,149.5511932,94.13999939,97.07808685,236.850296,180.1900024
11/21/2022,146.3088531,92.45999908,95.25469208,237.6652832,167.8699951
11/22/2022,148.4539337,93.19999695,96.69945526,240.5913086,169.9100037
11/23/2022,149.3337097,94.12999725,98.10436249,243.0951233,183.1999969
11/25/2022,146.4077454,93.41000366,97.10797119,243.0067444,182.8600006
11/28/2022,142.5624542,93.94999695,95.70307922,237.3805389,182.9199982
11/29/2022,139.5474854,92.41999817,94.84617615,235.9764404,180.8300018
11/30/2022,146.3286438,96.54000092,100.6252213,250.518158,194.6999969
12/1/2022,146.605423,95.5,100.6252213,250.0762939,194.6999969
12/2/2022,146.1111755,94.12999725,100.0772171,250.4003143,194.8600006
12/5/2022,144.9447479,91.01000214,99.12067413,245.6676483,182.4499969
12/6/2022,141.2674866,88.25,96.62971497,240.679657,179.8200073
12/7/2022,139.3201447,88.45999908,94.59708405,239.9432373,174.0399933
12/8/2022,141.0104675,90.34999847,93.37151337,242.9183502,173.4400024
12/9/2022,140.5261078,89.08999634,92.4947052,240.9742432,179.0500031
12/12/2022,142.8293457,90.55000305,92.97296143,247.935791,167.8200073
12/13/2022,143.7980652,92.48999786,95.28458405,252.2659149,160.9499969
12/14/2022,141.5640564,91.58000183,94.72660828,252.5605011,156.8000031
12/15/2022,134.9311676,88.44999695,90.53181458,244.4992218,157.6699982
12/16/2022,132.9640198,87.86000061,89.93398285,240.2574463,150.2299957
12/19/2022,130.8486176,84.91999817,88.12055969,236.0942688,149.8699951
12/20/2022,130.7794342,85.19000244,88.69845581,237.4197998,137.8000031
12/21/2022,133.893219,86.76999664,89.25643921,240.0021667,137.5700073
12/22/2022,130.7102356,83.79000092,87.44300842,233.8751984,125.3499985
12/23/2022,130.3444672,85.25,88.90770721,234.405426,123.1500015
12/27/2022,128.5355225,83.04000092,87.07434845,232.6674957,109.0999985
12/28/2022,124.5913773,81.81999969,85.70929718,230.2814941,112.7099991
12/29/2022,128.1203461,84.18000031,88.13052368,236.644104,121.8199997
12/30/2022,128.4366608,84,87.91132355,235.4756775,123.1800003
1/3/2023,123.6325302,85.81999969,88.79810333,235.2399902,108.0999985
1/4/2023,124.9076996,85.13999939,87.76185608,224.9498596,113.6399994
1/5/2023,123.583107,83.12000275,85.88864899,218.2828674,110.3399963
1/6/2023,128.1302338,86.08000183,87.02452087,220.8553925,113.0599976
1/9/2023,128.6541443,87.36000061,87.70206451,223.0057373,119.7699966
1/10/2023,129.227478,89.87000275,88.10062408,224.7044067,118.8499985
1/11/2023,131.9557648,95.08999634,91.18942261,231.4990387,123.2200012
1/12/2023,131.8766785,95.26999664,90.80083466,234.1894073,123.5599976
1/13/2023,133.2111511,98.12000275,91.78726959,234.8963623,122.4000015
1/17/2023,134.3776093,96.05000305,90.96026611,235.9960938,131.4900055
1/18/2023,133.6560059,95.45999908,90.7908783,231.5382996,128.7799988
1/19/2023,133.7153015,93.68000031,92.71391296,227.7285919,127.1699982
1/20/2023,136.2854309,97.25,97.66594696,235.8684235,133.4199982
1/23/2023,139.4881439,97.51999664,99.42956543,238.1856842,143.75
1/24/2023,140.8918457,96.31999969,97.34710693,237.6554413,143.8899994
1/25/2023,140.2295532,97.18000031,94.87606812,236.251358,144.4299927
1/26/2023,142.3054504,99.22000122,97.16775513,243.5074921,160.2700043
1/27/2023,144.2527924,102.2399979,99.01107788,243.6645966,177.8999939
1/30/2023,141.3564453,100.5500031,96.58985901,238.3133392,166.6600037
1/31/2023,142.6316376,103.1299973,98.48298645,243.3209534,173.2200012
2/1/2023,143.7584991,105.1500015,100.0672531,248.1714478,181.4100037
2/2/2023,149.0865479,112.9100037,107.3508377,259.8067932,188.2700043
2/3/2023,152.7243042,103.3899994,104.401535,253.6699982,189.9799957
2/6/2023,149.9861145,102.1800003,102.5283279,252.1186066,194.7599945
2/7/2023,152.8725433,102.1100006,107.2511978,262.7131653,196.8099976
2/8/2023,150.1739044,100.0500031,99.01107788,261.8982239,201.2899933
2/9/2023,149.1360016,98.23999786,94.66682434,258.8445435,207.3200073
2/10/2023,149.5023346,97.61000061,94.22840881,258.3339844,196.8899994
2/13/2023,152.3139648,99.54000092,94.26826477,266.4050903,194.6399994
2/14/2023,151.6704407,99.69999695,94.33802032,267.2396545,209.25
2/15/2023,153.7791901,101.1600037,96.58985901,265.1036682,214.2400055
2/16/2023,152.1753693,98.15000153,95.16501617,258.0458679,202.0399933
2/17/2023,151.026947,97.19999695,94.00920105,254.0199127,208.3099976
2/21/2023,146.9975586,94.58000183,91.45845795,248.7143097,197.3699951
2/22/2023,147.4232788,95.79000092,91.3189621,247.5724487,200.8600006
2/23/2023,147.9083862,95.81999969,90.56170654,250.7814331,202.0700073
2/24/2023,145.2452545,93.5,88.80806732,245.3183136,196.8800049
2/27/2023,146.4431305,93.76000214,89.5453949,246.2435913,207.6300049
2/28/2023,145.9382477,94.23000336,89.73470306,245.5151825,205.7100067
3/1/2023,143.8592072,92.16999817,90.03362274,242.4145203,202.7700043
3/2/2023,144.4532318,92.12999725,91.66770172,247.1787262,190.8999939
3/3/2023,149.52211,94.90000153,93.31173706,251.2932739,197.7899933
3/6/2023,152.2941589,93.75,94.78638458,252.8485413,193.8099976
3/7/2023,150.0864258,93.55000305,93.52098083,250.1711273,187.7100067
3/8/2023,151.34375,93.91999817,93.90956879,249.7281647,182
3/9/2023,149.0865326,92.25,91.98654175,248.3697968,172.9199982
3/10/2023,147.0173645,90.73000336,90.30264282,244.6981659,173.4400024
3/13/2023,148.9676971,92.43000031,90.78091431,249.9447479,174.4799957
3/14/2023,151.0665283,94.87999725,93.63057709,256.7071838,183.2599945
3/15/2023,151.4625397,96.19999695,95.76285553,261.2844238,180.4499969
3/16/2023,154.2939758,100.0400009,99.95764923,271.8759155,184.1300049
3/17/2023,153.4524841,98.94999695,101.2529526,275.0553589,180.1300049
3/20/2023,155.8285065,97.70999908,100.8544006,267.9681091,183.25
3/21/2023,157.6897278,100.6100006,104.5410309,269.4938354,197.5800018
3/22/2023,156.2542114,98.69999695,102.9966278,268.0271301,191.1499939
3/23/2023,157.3432159,98.70999908,105.2185745,273.3131104,192.2200012
3/24/2023,158.6500854,98.12999725,105.0591583,276.1775513,190.4100037
3/27/2023,156.699707,98.04000092,102.08992,272.0531006,191.8099976
3/28/2023,156.0760193,97.23999786,100.6650772,270.9211121,189.1900024
3/29/2023,159.164856,100.25,101.0237732,276.1184692,193.8800049
3/30/2023,160.7389679,102,100.5255814,279.6030273,195.2799988
3/31/2023,163.2536163,103.2900009,103.3553314,283.7864685,207.4600067
4/3/2023,164.5109558,102.4100037,103.9830551,282.7332458,194.7700043
4/4/2023,163.9763641,103.9499969,104.3417511,282.684021,192.5800018
4/5/2023,162.1250153,101.0999985,104.0926666,279.8885193,185.5200043
4/6/2023,163.0160522,102.0599976,108.028389,287.0348206,185.0599976
4/10/2023,160.4123077,102.1699982,106.055542,284.859436,184.5099945
4/11/2023,159.1945648,99.91999817,104.9694748,278.4021301,186.7899933
4/12/2023,158.5015717,97.83000183,104.2620392,279.0517578,180.5399933
4/13/2023,163.9070435,102.4000015,107.0419693,285.3023987,185.8999939
4/14/2023,163.5605316,102.5100021,108.4767609,281.6603088,185
4/17/2023,163.5803375,102.7399979,105.5872421,284.278656,187.0399933
4/18/2023,164.8079529,102.3000031,104.1225433,283.8553772,184.3099976
4/19/2023,165.9563599,104.3000031,103.8037033,283.9341736,180.5899963
4/20/2023,164.986145,103.8099976,104.9096909,281.6307373,162.9900055
4/21/2023,163.3724365,106.9599991,105.0292664,281.2863159,165.0800018
4/24/2023,163.6793365,106.2099991,105.5872421,277.3587341,162.5500031
4/25/2023,162.134903,102.5699997,103.4748917,271.1081238,160.6699982
4/26/2023,162.1250153,104.9800034,103.3353958,290.7458191,153.75
4/27/2023,166.7285919,109.8199997,107.2013855,300.0577087,160.1900024
4/28/2023,167.9859009,105.4499969,106.9522781,302.4496765,164.3099976
5/1/2023,167.8967896,102.0500031,106.8127899,300.7762756,161.8300018
5/2/2023,166.8572998,103.6299973,104.9395828,300.6286621,160.3099976
5/3/2023,165.7781525,103.6500015,105.0292664,299.6344604,160.6100006
5/4/2023,164.1347198,104,104.3118668,300.6286621,161.1999969
5/5/2023,171.8370667,105.6600037,105.1886826,305.7866516,170.0599976
5/8/2023,171.7677612,105.8300018,107.3807373,303.8178711,171.7899933
5/9/2023,170.0550537,106.6200027,106.9622574,302.1936951,169.1499939
5/10/2023,171.827179,110.1900024,111.3463593,307.4205933,168.5399933
5/11/2023,172.0152893,112.1800003,116.1489487,305.2550354,172.0800018
5/12/2023,171.083374,110.2600021,117.085556,304.1329041,167.9799957
5/15/2023,170.5876617,111.1999969,116.0891647,304.6152039,166.3500061
5/16/2023,170.5876617,113.4000015,119.078331,306.8595581,166.5200043
5/17/2023,171.2023468,115.5,120.4035263,309.7598267,173.8600006
5/18/2023,173.5420074,118.1500015,122.3863449,314.2187805,176.8899994
5/19/2023,173.651062,116.25,122.3165894,314.0411987,180.1399994
5/22/2023,172.6993256,115.0100021,124.59832,316.8428345,188.8699951
5/23/2023,170.082077,114.9899979,122.1173096,311.0028381,185.7700043
5/24/2023,170.3596649,116.75,120.4633102,309.6118774,182.8999939
5/25/2023,171.4997559,115,123.033989,321.5188599,184.4700012
5/26/2023,173.9187164,120.1100006,124.1599045,328.3947449,193.1699982
5/30/2023,175.7726288,121.6600037,123.2233047,326.7373962,201.1600037
5/31/2023,175.723053,120.5800018,122.4262009,323.9555054,203.9299927
6/1/2023,178.5385742,122.7699966,123.2731247,328.0888977,207.5200043
6/2/2023,179.3911438,124.25,124.2196884,330.8708801,213.9700012
6/5/2023,178.0329437,125.3000031,125.5548553,331.4035339,217.6100006
6/6/2023,177.6661682,126.6100006,126.8501511,329.1740417,221.3099976
6/7/2023,176.288147,121.2300034,122.0575256,319.0131531,224.5700073
6/8/2023,179.0144653,124.25,121.6988297,320.8677979,234.8600006
6/9/2023,179.401123,123.4300003,121.7885132,322.3770752,244.3999939
6/12/2023,182.2066956,126.5699997,123.1934052,327.3687744,249.8300018
6/13/2023,181.730835,126.6600037,123.3827362,329.7757874,258.7099915
6/14/2023,182.3653412,126.4199982,123.2233047,332.7846375,256.7900085
6/15/2023,184.4075928,127.1100006,124.6381683,343.3993225,255.8999939
6/16/2023,183.3269653,125.4899979,123.0838165,337.7072449,260.5400085
6/20/2023,183.4161987,125.7799988,122.6553574,333.4850159,274.4500122
6/21/2023,182.3752594,124.8300018,120.1145782,329.0556946,259.4599915
6/22/2023,185.3890533,130.1499939,122.7051849,335.1226501,264.6099854
6/23/2023,185.0718079,129.3300018,121.8981018,330.4959717,256.6000061
6/26/2023,183.6739655,127.3300018,117.9125519,324.1626892,241.0500031
6/27/2023,186.4399109,129.1799927,117.9025955,330.052063,250.2100067
6/28/2023,187.6196899,129.0399933,119.7459106,331.3147583,256.2399902
6/29/2023,187.9567413,127.9000015,118.6698074,330.5255737,257.5
6/30/2023,192.2990265,130.3600006,119.2676392,335.9414368,261.769989
7/3/2023,190.8020172,130.2200012,119.4669266,333.4258423,279.8200073
7/5/2023,189.6817627,130.3800049,121.3102417,333.5836792,282.480011
7/6/2023,190.157608,128.3600006,119.6761703,336.6615295,276.5400085
7/7/2023,189.0373688,129.7799988,119.048439,332.6662292,274.4299927
7/10/2023,186.9852142,127.1299973,116.0293732,327.348999,269.6099854
7/11/2023,186.4597626,128.7799988,116.7168961,327.9804077,269.7900085
7/12/2023,188.1351929,130.8000031,118.5004272,332.6465454,271.9899902
7/13/2023,188.8985596,134.3000031,124.0901718,338.0327454,277.8999939
7/14/2023,189.047287,134.6799927,124.9669876,340.5779419,281.3800049
7/17/2023,192.3188477,133.5599976,124.1997604,341.0613708,290.3800049
7/18/2023,192.0610657,132.8300018,123.3129807,354.635498,293.3399963
7/19/2023,193.4192657,135.3600006,121.5892258,350.2850647,291.2600098
7/20/2023,191.4662628,129.9600067,118.7694473,342.1859436,262.8999939
7/21/2023,190.286499,130,119.5864868,339.1277771,260.019989
7/24/2023,191.0895233,128.8000031,121.0910339,340.4496765,269.0599976
7/25/2023,191.9520416,129.1300049,121.7685776,346.240448,265.2799988
7/26/2023,192.8244476,128.1499939,128.8030853,333.2088318,264.3500061
7/27/2023,191.555481,128.25,128.9326019,326.2540588,255.7100067
7/28/2023,194.1430206,132.2100067,132.10112,333.8007202,266.4400024
7/31/2023,194.7576294,133.6799927,132.2406158,331.3838196,267.4299927
8/1/2023,193.9248657,131.6900024,131.0748444,331.7981873,261.0700073
8/2/2023,190.92099,128.2100067,127.9163055,323.0775146,254.1100006
8/3/2023,189.5231323,128.9100037,127.9860382,322.2489014,259.3200073
8/4/2023,180.4222412,139.5700073,127.6472702,323.3537292,253.8600006
8/7/2023,177.3092957,142.2200012,131.0549011,325.6523132,251.4499969
8/8/2023,178.2510986,139.9400024,130.9253693,321.6470947,249.6999969
8/9/2023,176.654953,137.8500061,129.1916809,317.8787231,242.1900024
8/10/2023,176.4368286,138.5599976,129.2215729,318.5692444,245.3399963
8/11/2023,176.4963989,138.4100037,129.0920258,316.6751709,242.6499939
8/14/2023,178.1542664,140.5700073,130.8556213,319.6642761,239.7599945
8/15/2023,176.1588745,137.6699982,129.3112488,317.5136414,232.9600067
8/16/2023,175.2853088,135.0700073,128.2351379,316.7425842,225.6000061
8/17/2023,172.7339783,133.9799957,129.4507294,313.2628174,219.2200012
8/18/2023,173.2204437,133.2200012,126.9996109,312.8673401,215.4900055
8/21/2023,174.5606079,134.6799927,127.9063263,318.205719,231.2799988
8/22/2023,175.9404907,134.25,128.6137543,318.7790833,233.1900024
8/23/2023,179.8022003,135.5200043,131.8918762,323.2672729,236.8600006
8/24/2023,175.0966797,131.8399963,129.3112488,316.3175049,230.0399933
8/25/2023,177.3104401,133.2599945,129.4108734,319.2931824,238.5899963
8/28/2023,178.878952,133.1399994,130.5367737,320.0049133,238.8200073
8/29/2023,182.7803497,134.9100037,134.0839539,324.6611633,257.1799927
8/30/2023,186.2846527,135.0700073,135.3892059,325.0368347,256.8999939
8/31/2023,186.5030823,138.0099945,135.6781616,324.0185852,258.0799866
9/1/2023,188.0814972,138.1199951,135.1699982,324.9083252,245.0099945
9/5/2023,188.3197632,137.2700043,135.2796173,329.7424622,256.4899902
9/6/2023,181.5791779,135.3600006,133.9743347,329.0801697,251.9199982
9/7/2023,176.2680817,137.8500061,134.7714386,326.144043,251.4900055
9/8/2023,176.8835754,138.2299957,135.8874054,330.4542542,248.5
9/11/2023,178.0549774,143.1000061,136.4254456,334.0823669,273.5799866
9/12/2023,175.0172729,141.2299957,134.8511505,327.9827881,267.480011
9/13/2023,172.9424591,144.8500061,136.2162018,332.2238464,271.2999878
9/14/2023,174.4613342,144.7200012,137.6011963,334.8337097,276.0400085
9/15/2023,173.7366333,140.3899994,136.9037018,326.450531,274.3900146
9/18/2023,176.6750946,139.9799957,137.7107849,325.3037415,265.2799988
9/19/2023,177.7671051,137.6300049,137.5413971,324.898407,266.5
9/20/2023,174.21315,135.2899933,133.2569427,317.1083374,262.5899963
9/21/2023,172.6644745,129.3300018,129.9688568,315.8825073,255.6999969
9/22/2023,173.5182343,129.1199951,129.7795258,313.3912964,244.8800049
9/25/2023,174.7988586,131.2700043,130.6364288,313.9152527,246.9900055
9/26/2023,170.7088318,125.9800034,128.1056213,308.5768738,244.1199951
9/27/2023,169.1899719,125.9800034,130.0684967,309.2194824,240.5
9/28/2023,169.4480591,125.9800034,131.8320923,310.0597839,246.3800049
9/29/2023,169.9642944,127.1200027,130.3873444,312.1456909,250.2200012
10/2/2023,172.4858093,129.4600067,133.685379,318.1265869,251.6000061
10/3/2023,171.1456299,124.7200012,131.9516602,309.8126221,246.5299988
10/4/2023,172.3964844,127,134.7515259,315.3190308,261.1600037
10/5/2023,173.6373749,125.9599991,134.5821228,315.7144775,260.0499878
10/6/2023,176.1985931,127.9599991,137.0830688,323.524292,260.5299988
10/9/2023,177.6876831,128.2599945,137.9200287,326.0550842,259.6700134
10/10/2023,177.092041,129.4799957,137.5613251,324.6413879,263.6199951
10/11/2023,178.4917908,131.8300018,140.0423584,328.6254272,262.9899902
10/12/2023,179.3951721,132.3300018,138.4680328,327.3797607,258.8699951
10/13/2023,177.5486908,129.7899933,136.8638611,323.9889221,251.1199951
10/16/2023,177.4196625,132.5500031,138.59758,328.8428345,253.9199982
10/17/2023,175.8610687,131.4700012,139.215332,328.2695007,254.8500061
10/18/2023,174.5606079,128.1300049,137.4617004,326.3417664,242.6799927
10/19/2023,174.1833801,128.3999939,137.2524414,327.5379333,220.1100006
10/20/2023,171.6221771,125.1699982,135.1102142,322.94104,211.9900055
10/23/2023,171.7412567,126.5599976,136.006958,325.560791,212.0800018
10/24/2023,172.1780548,128.5599976,138.308609,326.7569275,216.5200043
10/25/2023,169.8551025,121.3899994,125.1562958,336.7812195,212.4199982
10/26/2023,165.675705,119.5699997,121.8383179,324.1471252,205.7599945
10/27/2023,166.9960327,127.7399979,121.7287216,326.0451965,207.3000031
10/30/2023,169.0509796,132.7100067,124.0104523,333.4595337,197.3600006
10/31/2023,169.5274963,133.0899963,123.6318283,334.2504272,200.8399963
11/1/2023,172.7042084,137,125.9932632,342.1195374,205.6600037
11/2/2023,176.2780151,138.0700073,127.0295029,344.3438721,218.5099945
11/3/2023,175.3647156,138.6000061,128.6337128,348.7727051,219.9600067
11/6/2023,177.9259491,139.7400055,129.7795258,352.4601746,219.2700043
11/7/2023,180.4971161,142.7100067,130.496933,356.4145203,222.1799927
11/8/2023,181.5592957,142.0800018,131.3637848,359.0540161,222.1100006
11/9/2023,181.0828094,140.6000061,129.769577,356.5726929,209.9799957
11/10/2023,185.2875519,143.5599976,132.111084,365.4501953,214.6499939
11/13/2023,183.6970978,142.5899963,131.6128998,362.4942932,223.7100067
11/14/2023,186.3213501,145.8000031,133.1373596,366.0432739,237.4100037
11/15/2023,186.8879395,143.1999969,134.1337433,366.191925,242.8399963
11/16/2023,188.5778046,142.8300018,136.4354095,372.6307678,233.5899963
11/17/2023,188.5579224,145.1799927,134.8212585,366.3702087,234.3000031
11/20/2023,190.3074036,146.1300049,135.7578735,373.8887939,235.6000061
11/21/2023,189.502243,143.8999939,136.4752808,369.559906,241.1999969
11/22/2023,190.1682281,146.7100067,137.9897766,374.2949524,234.2100067
11/24/2023,188.8362579,146.7400055,136.1962891,373.8788757,235.4499969
11/27/2023,188.6573181,147.7299957,135.9172974,375.0477905,236.0800018
11/28/2023,189.2636871,147.0299988,136.7044373,379.0993347,246.7200012
11/29/2023,188.2398224,146.3200073,134.5024109,375.2855225,244.1399994
11/30/2023,188.8163605,146.0899963,132.0513,375.3450012,240.0800018
12/1/2023,190.0986786,147.0299988,131.383728,370.9863892,238.8300018
12/4/2023,188.299469,144.8399963,128.8030853,365.6669006,235.5800018
12/5/2023,192.2656555,146.8800049,130.5168762,369.0150757,238.7200012
12/6/2023,191.172226,144.5200043,129.5503845,365.3300781,239.3699951
12/7/2023,193.1105804,146.8800049,136.4354095,367.4598694,242.6399994
12/8/2023,194.5419769,147.4199982,134.5024109,370.7089844,243.8399963
12/11/2023,192.0270844,145.8899994,132.8085632,367.8065491,239.7400055
12/12/2023,193.5479736,147.4799957,132.0413361,370.857605,237.0099945
12/13/2023,196.7785797,148.8399963,132.0911713,370.8476563,239.2899933
12/14/2023,196.9276733,147.4199982,131.4634399,362.4870911,251.0500031
12/15/2023,196.3909149,149.9700012,132.121048,367.2419434,253.5
12/18/2023,194.7209167,154.0700073,135.3094788,369.1438599,252.0800018
12/19/2023,195.7646484,153.7899933,136.1564178,369.7481689,257.2200012
12/20/2023,193.6672516,152.1199951,137.8403168,367.1329346,247.1399994
12/21/2023,193.5181274,153.8399963,139.912796,370.0255127,254.5
12/22/2023,192.4445801,153.4199982,140.9789429,371.0556946,252.5399933
12/26/2023,191.8978729,153.4100037,141.0088348,371.1349487,256.6099854
12/27/2023,191.9972687,153.3399963,139.8629761,370.5505371,261.4400024
12/28/2023,192.4247284,153.3800049,139.7234955,371.7490845,253.1799927
12/29/2023,191.3809509,151.9400024,139.1854401,372.5020142,248.4799957
1/2/2024,184.5320892,149.9299927,137.670929,367.3805847,248.4199982
1/3/2024,183.1503754,148.4700012,138.4182281,367.1131592,238.4499969
1/4/2024,180.8243561,144.5700073,135.8973541,364.4781799,237.9299927
1/5/2024,180.0986786,145.2400055,135.2397461,364.289978,237.4900055
1/8/2024,184.4525604,149.1000061,138.3385162,371.1646729,240.4499969
1/9/2024,184.0350647,151.3699951,140.4409027,372.2543335,234.9600067
1/10/2024,185.0788116,153.7299957,141.766098,379.1686401,233.9400024
1/11/2024,184.4823761,155.1799927,141.5668182,381.0111389,227.2200012
1/12/2024,184.8104095,154.6199951,142.1347504,384.8150024,218.8899994
1/16/2024,182.5341034,153.1600037,141.9753265,386.598053,219.9100037
1/17/2024,181.5897522,151.7100067,140.9590302,385.805603,215.5500031
1/18/2024,187.5042267,153.5,142.9617615,390.1642151,211.8800049
1/19/2024,190.416748,155.3399963,145.8512878,394.9191284,212.1900024
1/22/2024,192.7328339,154.7799988,145.4626923,392.7793884,208.8000031
1/23/2024,194.015152,156.0200043,146.5088806,395.1469116,209.1399994
1/24/2024,193.3392181,156.8699951,148.1628876,398.7724304,207.8300018
1/25/2024,193.0111694,157.75,151.3214417,401.06073,182.6300049
1/26/2024,191.2716064,159.1199951,151.6402893,400.1295776,183.25
1/29/2024,190.5857391,161.2599945,152.9555206,405.8650513,190.9299927
1/30/2024,186.9177704,159,150.9129333,404.7457275,191.5899963
1/31/2024,183.2994995,155.1999969,139.5939636,393.839325,187.2899933
2/1/2024,185.7447968,159.2799988,140.6501465,399.9809875,188.8600006
2/2/2024,184.7408447,171.8099976,141.8657227,407.3509827,187.9100037
2/5/2024,186.5598907,170.3099976,143.1610107,401.833374,181.0599976
2/6/2024,188.1702423,169.1499939,143.5795288,401.6748962,185.1000061
2/7/2024,188.2795868,170.5299988,145.0143127,410.1543274,187.5800018
2/8/2024,187.196106,169.8399963,145.3829803,410.2137756,189.5599976
2/9/2024,187.9624786,174.4499969,148.4618073,416.5931396,193.5700073
2/12/2024,186.2704468,172.3399963,146.9971161,411.3529968,188.1300049
2/13/2024,184.1703644,168.6399994,144.6157684,402.4971008,184.0200043
2/14/2024,183.2845612,170.9799957,145.4128723,406.3873596,188.7100067
2/15/2024,182.9959259,169.8000031,142.2543182,403.4795837,200.4499969
2/16/2024,181.4532166,169.5099945,140.0124512,400.9985046,199.9499969
2/20/2024,180.7067261,167.0800018,140.6102753,399.7381592,193.7599945
2/21/2024,181.4631653,168.5899963,142.0351105,399.132782,194.7700043
2/22/2024,183.5035248,174.5800018,143.5695496,408.5310059,197.4100037
2/23/2024,181.6622314,174.9900055,143.4400177,407.2309265,191.9700012
2/26/2024,180.3086243,174.7299957,137.0731201,404.452179,199.3999939
2/27/2024,181.7717133,173.5399933,138.3783722,404.3926392,199.7299957
2/28/2024,180.5673981,173.1600037,135.8874054,404.6307678,202.0399933
2/29/2024,179.9005432,176.7599945,137.9598999,410.5059509,201.8800049
3/1/2024,178.8156738,178.2200012,136.6446533,412.3518372,202.6399994
3/4/2024,174.2770844,177.5800018,132.8683472,411.7762756,188.1399994
3/5/2024,169.3204956,174.1199951,132.1907959,399.5991821,180.7400055
3/6/2024,168.3251801,173.5099945,130.9253693,399.043457,176.5399933
3/7/2024,168.2057648,176.8200073,133.8946228,406.0400696,178.6499939
3/8/2024,169.9276276,175.3500061,134.9209137,403.1421509,175.3399963
3/11/2024,171.9381409,171.9600067,137.1727295,401.4550476,177.7700043
3/12/2024,172.4158783,175.3899994,137.9997406,412.1334839,177.5399933
3/13/2024,170.3257599,176.5599976,139.2850647,411.9548645,169.4799957
3/14/2024,172.1869507,178.75,142.5831299,421.9981689,162.5
3/15/2024,171.8087311,174.4199982,140.6700439,413.2648621,163.5700073
3/18/2024,172.9035797,174.4799957,147.1465759,414.15802,173.8000031
3/19/2024,175.2524872,175.8999939,146.4989319,418.2170715,171.3200073
3/20/2024,177.830307,178.1499939,148.2027588,422.0081482,175.6600037
3/21/2024,170.564621,178.1499939,147.0668793,426.1167603,172.8200073
3/22/2024,171.4703522,178.8699951,150.2254333,425.4915466,170.8300018
3/25/2024,170.0470734,179.7100067,149.5279541,419.6560669,172.6300049
3/26/2024,168.9124298,178.3000031,150.1257782,418.4552002,177.6699982
3/27/2024,172.4955139,179.8300018,150.3250427,418.2368774,179.8300018
3/28/2024,170.6740875,180.3800049,150.3848419,417.5322876,175.7899933
4/1/2024,169.2309265,180.9700012,154.9283752,421.3531189,175.2200012
4/2/2024,168.0464935,180.6900024,154.0017395,418.2468567,166.6300049
4/3/2024,168.8526917,182.4100037,154.3604279,417.2643433,168.3800049
4/4/2024,168.0266266,180,149.9862976,414.7138062,171.1100006
4/5/2024,168.78302,185.0700073,151.949173,422.295929,164.8999939
4/8/2024,167.6583405,185.1900024,154.2906799,421.3729553,172.9799957
4/9/2024,168.8726044,185.6699982,156.0343781,423.0501709,176.8800049
4/10/2024,166.9914856,185.9499969,155.5760193,420.0530396,171.7599945
4/11/2024,174.2173615,189.0500031,158.8342133,424.6876526,174.6000061
4/12/2024,175.7202911,186.1300049,157.1602783,418.7033691,171.0500031
4/15/2024,171.878418,183.6199951,154.3006592,410.5059509,161.4799957
4/16/2024,168.5839844,183.3200073,153.8423004,411.4388123,157.1100006
4/17/2024,167.2104645,181.2799988,154.9084473,408.719574,155.4499969
4/18/2024,166.2549591,179.2200012,155.4464874,401.2069092,149.9299927
4/19/2024,164.2245636,174.6300049,153.5334167,396.0959473,147.0500031
4/22/2024,165.0606079,177.2299957,155.7155304,397.9219666,142.0500031
4/23/2024,166.1156311,179.5399933,157.6883545,404.4819336,144.6799927
4/24/2024,168.2256622,176.5899963,158.5552368,405.9606323,162.1300049
4/25/2024,169.0915833,173.6699982,155.4365387,396.016571,170.1799927
4/26/2024,168.5043335,179.6199951,171.3289337,403.2414246,168.2899933
4/29/2024,172.6846008,180.9600067,165.5498505,399.2022705,194.0500031
4/30/2024,169.5294952,175,162.1920471,386.380127,183.2799988
5/1/2024,168.5043335,179,163.2681427,391.9476318,179.9900055
5/2/2024,172.2168274,184.7200012,166.0181732,394.8256531,180.0099945
5/3/2024,182.5181885,186.2100067,166.6359253,403.5788269,181.1900024
5/6/2024,180.8560333,188.6999969,167.4928284,410.4067078,184.7599945
5/7/2024,181.5427704,188.7599945,170.6314392,406.2385254,177.8099976
5/8/2024,181.8811951,188,168.7682037,407.4294434,174.7200012
5/9/2024,183.7026062,189.5,169.3461151,409.1959229,171.9700012
5/10/2024,182.4368591,187.4799957,168.0408478,411.5975952,168.4700012
5/13/2024,185.6560211,186.5700073,168.529068,410.5852966,171.8899994
5/14/2024,186.8021545,187.0700073,169.7247314,413.4038086,177.5500031
5/15/2024,189.0845184,185.9900055,171.8869019,420.6317444,173.9900055
5/16/2024,189.2041016,183.6300049,173.5508575,418.5538635,174.8399963
5/17/2024,189.2339935,184.6999969,175.4240875,417.7783508,177.4600067
5/20/2024,190.4000854,183.5399933,176.2809601,422.8786316,174.9499969
5/21/2024,191.7057037,183.1499939,177.2076111,426.5572815,186.6000061
5/22/2024,190.2605438,183.1300049,175.7429352,428.0286865,180.1100006
5/23/2024,186.2540283,181.0500031,172.9231415,424.5290833,173.7400055
5/24/2024,189.3436279,180.75,174.3579407,427.6707764,179.2400055
5/28/2024,189.3535919,182.1499939,175.7628326,427.8298645,176.75
5/29/2024,189.6526031,182.0200043,175.2646484,426.6864929,176.1900024
5/30/2024,190.6492462,179.3200073,171.4883575,412.2704163,178.7899933
5/31/2024,191.6060333,176.4400024,171.8769226,412.7277527,178.0800018
6/3/2024,193.3800659,178.3399963,172.5445099,411.1270752,176.2899933
6/4/2024,193.6989899,179.3399963,173.162262,413.662323,174.7700043
6/5/2024,195.2138977,181.2799988,174.7764282,421.556366,175
6/6/2024,193.8285522,185,176.0916443,422.063385,177.9400024
6/7/2024,196.230484,184.3000031,173.8298492,421.3973083,177.4799957
6/10/2024,192.4730988,187.0599976,174.5779877,425.394043,173.7899933
6/11/2024,206.4561157,187.2299957,176.184021,430.176178,170.6600037
6/12/2024,212.356308,186.8899994,177.3511353,438.5076904,177.2899933
6/13/2024,213.5223694,183.8300018,174.7276306,439.0246887,182.4700012
6/14/2024,211.7782288,183.6600037,176.3536072,440.0089722,178.0099945
6/17/2024,215.9442291,184.0599976,176.8025055,445.7753906,187.4400024
6/18/2024,213.5721893,182.8099976,174.6577911,443.7571411,184.8600006
6/20/2024,208.9776306,186.1000061,175.8648071,443.1208496,181.5700073
6/21/2024,206.7949982,189.0800018,179.1865997,447.1772461,183.0099945
6/24/2024,207.4428101,185.5700073,178.7776031,445.0794678,182.5800018
6/25/2024,208.3696899,186.3399963,183.5757294,448.3404541,187.3500061
6/26/2024,212.5356903,193.6100006,183.4261169,449.543457,196.3699951
6/27/2024,213.3828583,197.8500061,184.9523315,450.2294922,197.4199982
6/28/2024,209.9144897,193.25,181.7003632,444.3636169,197.8800049
7/1/2024,216.0239563,197.1999969,182.5382996,454.0870361,209.8600006
7/2/2024,219.5321808,200,184.7827606,456.6222534,231.2599945
7/3/2024,220.8078918,197.5899963,185.3613129,458.1036377,246.3899994
7/5/2024,225.5818329,200,190.1295319,464.8543396,251.5200043
7/8/2024,227.0568848,199.2899933,188.563385,463.5419922,252.9400024
7/9/2024,227.9139862,199.3399963,188.513504,456.8807678,262.3299866
7/10/2024,232.1996002,199.7899933,190.7080688,463.5519409,263.2600098
7/11/2024,226.807724,195.0500031,185.1119385,452.0687561,241.0299988
7/12/2024,229.7677612,194.4900055,184.6131744,450.925415,248.2299957
7/15/2024,233.6148376,192.7200012,186.0695648,451.3330688,252.6399994
7/16/2024,234.033432,193.0200043,183.4660034,446.9187317,256.5599976
7/17/2024,228.113327,187.9299927,180.5731659,440.9534607,248.5
7/18/2024,223.4290619,183.75,177.2513885,437.8217163,249.2299957
7/19/2024,223.5586395,183.1300049,177.2214508,434.5805359,239.1999969
7/22/2024,223.2098083,182.5500031,181.2215424,440.3768311,251.5099945
7/23/2024,224.2563019,186.4100037,181.3412476,442.2757874,246.3800049
7/24/2024,217.8079529,180.8300018,172.2038879,426.4180603,215.9900055
7/25/2024,216.7614899,179.8500061,166.8670807,415.9788513,220.25
7/26/2024,217.2299042,182.5,166.5877686,422.8090515,219.8000031
7/29/2024,217.5089722,183.1999969,169.1115265,424.2606506,232.1000061
7/30/2024,218.0671082,181.7100067,169.8696442,420.4726563,222.6199951
7/31/2024,221.3361053,186.9799957,171.1165466,415.9291382,232.0700073
8/1/2024,217.6285553,184.0700073,170.3384857,414.6962585,216.8600006
8/2/2024,219.1235504,167.8999939,166.2486267,406.1261597,207.6699982
8/5/2024,208.5690155,161.0200043,158.8569031,392.8633728,198.8800049
8/6/2024,206.5358429,161.9299927,157.8992767,397.2975464,200.6399994
8/7/2024,209.1171722,162.7700043,158.5476685,396.1243591,191.7599945
8/8/2024,212.5954742,165.8000031,161.6300354,400.3597412,198.8399963
8/9/2024,215.515686,166.9400024,163.2659912,403.6704712,200
8/12/2024,217.0522919,166.8000031,161.889389,404.4559021,197.4900055
8/13/2024,220.7840881,170.2299957,163.754776,411.6142578,207.8300018
8/14/2024,221.2330933,170.1000061,159.9741211,414.4477234,201.3800049
8/15/2024,224.2265015,177.5899963,160.9018555,419.3480835,214.1399994
8/16/2024,225.5535889,177.0599976,162.5577545,416.7983093,216.1199951
8/19/2024,225.3939209,178.2200012,166.2585907,419.8460693,222.7200012
8/20/2024,226.0125732,178.8800049,166.7673187,423.1030273,221.1000061
8/21/2024,225.9028168,180.1100006,165.4406128,422.4456787,223.2700043
8/22/2024,224.036911,176.1300049,163.3956757,413.8899536,210.6600037
8/23/2024,226.3418427,177.0399933,165.2111816,415.1250305,220.3200073
8/26/2024,226.6810913,175.5,165.7498474,411.8382263,213.2100067
8/27/2024,227.5292358,173.1199951,164.2734833,412.1868286,209.2100067
8/28/2024,225.9926147,170.8000031,162.4480133,408.9597473,205.75
8/29/2024,229.2853699,172.1199951,161.380661,411.469696,206.2799988
8/30/2024,228.4971008,178.5,162.9767151,415.4736328,214.1100006
9/3/2024,222.2807922,176.25,156.9715576,407.8043823,210.6000061
9/4/2024,220.3650055,173.3300018,156.0638123,407.2665405,219.4100037
9/5/2024,221.8916473,177.8899994,156.8518677,406.758606,230.1699982
9/6/2024,220.3350677,171.3899994,150.5474548,400.0953369,210.7299957
9/9/2024,220.424881,175.3999939,148.5397644,404.0992432,216.2700043
9/10/2024,219.6266174,179.5500031,148.4898224,412.5453796,226.1699982
9/11/2024,222.1710358,184.5200043,150.9869537,421.3500671,228.1300049
9/12/2024,222.2807922,187,154.5129242,425.2942505,229.8099976
9/13/2024,222.0113678,186.4900055,157.2797546,428.869873,230.2899933
9/16/2024,215.8449554,184.8899994,157.8790588,429.6168823,226.7799988
9/17/2024,216.3139038,186.8800049,159.137619,433.4116821,227.8699951
9/18/2024,220.2053528,186.4299927,159.6270599,429.0890198,227.1999969
9/19/2024,228.3673859,189.8699951,161.9543915,436.9375305,243.9199982
9/20/2024,227.6988525,191.6000061,163.4027252,433.531189,238.25
9/23/2024,225.9726563,193.8800049,161.6647186,431.7782593,250
9/24/2024,226.8706818,193.9600067,162.1042023,427.4555664,254.2700043
9/25/2024,225.872879,192.5299988,161.30513,430.3838196,257.019989
9/26/2024,227.0203552,191.1600037,162.5437012,429.5870056,254.2200012
9/27/2024,227.2897491,187.9700012,163.7623138,426.3101501,260.4599915
9/30/2024,232.4883118,186.3300018,165.660141,428.5810242,261.6300049
10/1/2024,225.7132263,185.1300049,166.7988434,419.0094299,258.019989
10/2/2024,226.2819672,184.7599945,165.6701355,415.4636841,249.0200043
10/3/2024,225.174408,181.9600067,165.6701355,414.8760376,240.6600037
10/4/2024,226.3019409,186.5099945,166.8687592,414.3979492,250.0800018
10/7/2024,221.2031708,180.8000031,162.7934265,407.9040222,240.8300018
10/8/2024,225.2742004,182.7200012,164.1918335,413.0533447,244.5
10/9/2024,229.0359192,185.1699982,161.6747131,415.7923279,241.0500031
10/10/2024,228.5370026,186.6499939,161.894455,414.1788025,238.7700043
10/11/2024,227.050293,188.8200073,163.0531311,414.6569214,217.8000031
10/14/2024,230.7920532,187.5399933,164.7711639,417.4656372,219.1600037
10/15/2024,233.3364563,187.6900024,165.2705994,417.0672302,219.5700073
10/16/2024,231.2709961,186.8899994,164.970932,414.4577026,221.3300018
10/17/2024,231.6401825,187.5299988,162.7434692,415.0553284,220.8899994
10/18/2024,234.4839325,188.9900055,163.2329254,416.4895325,220.6999969
10/21/2024,235.9606781,189.0700073,163.8821869,417.1070862,218.8500061
10/22/2024,235.342041,189.6999969,164.9509583,425.8022156,217.9700012
10/23/2024,230.2532349,184.7100067,162.5936584,422.9038391,213.6499939
10/24/2024,230.0636597,186.3800049,162.5337219,423.0332947,260.480011
10/25/2024,230.9018097,187.8300018,165.0808105,426.4396362,269.1900024
10/28/2024,232.8874359,188.3899994,166.5291443,424.8858948,262.5100098
10/29/2024,233.1568451,190.8300018,169.4857483,430.2244873,259.519989
10/30/2024,229.594696,192.7299957,174.2602844,430.8021545,257.5499878
10/31/2024,225.4138947,186.3999939,170.9141235,404.7267456,249.8500061
11/1/2024,222.4204865,197.9299927,171.0939026,408.7306519,248.9799957
11/4/2024,221.5224457,195.7799988,169.0462646,406.8282776,242.8399963
11/5/2024,222.9592896,199.5,169.5457001,409.8163147,251.4400024
11/6/2024,222.230896,207.0899963,176.3079376,418.5014648,288.5299988
11/7/2024,226.9804382,210.0500031,180.5430908,423.7305298,296.9100037
11/8/2024,226.7107391,208.1799927,178.1458435,420.8520508,321.2200012
11/11/2024,223.9837341,206.8399963,180.1435547,416.3401489,350
11/12/2024,223.9837341,208.9100037,181.4120789,421.3400879,328.4899902
11/13/2024,224.872757,214.1000061,178.6752319,423.5014648,330.2399902
11/14/2024,227.9693604,211.4799957,175.3789978,425.1846924,311.1799927
11/15/2024,224.7528839,202.6100006,172.2925415,413.3421936,320.7200012
11/18/2024,227.769577,201.6999969,175.0993195,414.0991516,338.7399902
11/19/2024,228.0292816,204.6100006,177.9160919,416.1210632,346
11/20/2024,228.7484894,202.8800049,175.7785339,413.8302002,342.0299988
11/21/2024,228.2690277,198.3800049,167.4381104,412.0437927,339.6400146
11/22/2024,229.6175385,197.1199951,164.5713806,416.1655273,352.5599976
11/25/2024,232.6142426,201.4499969,167.4580688,417.9519653,338.5899963
11/26/2024,234.8018341,207.8600006,168.9263916,427.1335449,338.230011
11/27/2024,234.6719818,205.7400055,169.0362701,422.1435547,332.8900146
11/29/2024,237.0693512,207.8899994,168.7565918,422.6126099,345.1600037
12/2/2024,239.3268585,210.7100067,171.2936859,430.1175842,357.0899963
12/3/2024,242.3834991,213.4400024,171.1438446,430.3371277,351.4200134
12/4/2024,242.743103,218.1600037,174.1703796,436.5446777,357.9299927
12/5/2024,242.7730713,220.5500031,172.4423676,441.7342529,369.4899902
12/6/2024,242.573288,227.0299988,174.5100098,442.682373,389.2200012
12/9/2024,246.4790039,226.0899963,175.3699951,445.1274414,389.7900085
12/10/2024,247.497879,225.0399933,185.1699982,442.4428406,400.9899902
12/11/2024,246.2192841,230.2599945,195.3999939,448.0915222,424.769989
12/12/2024,247.6876831,228.9700012,191.9600067,448.6603699,418.1000061
12/13/2024,247.8574829,227.4600067,189.8200073,446.374939,436.230011
12/16/2024,250.7642822,232.9299927,196.6600037,450.6863098,463.019989
12/17/2024,253.2015991,231.1499939,195.4199982,453.5505676,479.8599854
12/18/2024,247.7775726,220.5200043,188.3999939,436.51474,440.1300049
12/19/2024,249.5156555,223.2899933,188.5099945,436.1554565,436.1700134
12/20/2024,254.2105103,224.9199982,191.4100037,435.7263184,421.0599976
12/23/2024,254.9896545,225.0599976,194.6300049,434.3790283,430.6000061
12/24/2024,257.9164429,229.0500031,196.1100006,438.4508362,462.2799988
12/26/2024,258.7355042,227.0500031,195.6000061,437.2332764,454.1300049
12/27/2024,255.3092957,223.75,192.7599945,429.668457,431.6600037
12/30/2024,251.9230194,221.3000031,191.2400055,423.9798584,417.4100037
