Date,BARC.L,LLOY.L,NWG.L,STAN.L
1/2/2020,160.0746918,57.40584183,201.1468353,616.96521
1/3/2020,158.4324493,56.8111496,196.2066345,617.6507568
1/6/2020,156.4272003,56.99135971,197.606369,605.8255615
1/7/2020,158.2941589,56.8652153,198.1003723,601.1981812
1/8/2020,157.3433838,56.57687759,197.8534241,598.7990112
1/9/2020,158.0521545,55.72989273,196.536026,606.5111084
1/10/2020,156.444458,54.36029434,193.7365265,608.9103394
1/13/2020,157.032196,52.92762756,191.0194855,611.8239136
1/14/2020,156.444458,52.93663788,189.9491272,614.0517578
1/15/2020,154.2836609,52.08965302,185.1735992,602.569397
1/16/2020,152.8142853,52.17074585,182.7859192,601.1981812
1/17/2020,151.4659271,52.66632462,185.0090027,601.5410767
1/20/2020,151.2584686,52.17074585,183.3622284,599.3131104
1/21/2020,150.7398682,52.71137619,185.0090027,592.1152344
1/22/2020,151.0510406,52.34194565,183.3622284,590.4014282
1/23/2020,148.2332916,51.72022247,180.3981476,583.0322266
1/24/2020,149.9101105,52.34194565,183.9385986,590.2301025
1/27/2020,147.5245361,51.45891571,179.5747986,563.494812
1/28/2020,148.6827698,51.93647385,179.4101257,567.2652588
1/29/2020,148.6827698,51.81032181,181.8802338,565.7229004
1/30/2020,148.2332916,52.19778061,182.3742065,556.6397095
1/31/2020,145.2081299,51.17058182,179.7394714,540.7015381
2/3/2020,146.6601868,50.95433044,178.7513885,540.3587036
2/4/2020,148.6654968,51.81032181,182.7859192,547.0426025
2/5/2020,149.4952393,51.48593903,182.456543,549.0990601
2/6/2020,152.7451172,51.31475067,185.0090027,547.3852539
2/7/2020,153.1254425,51.28771591,183.5269165,545.6714478
2/10/2020,152.9006958,51.25167465,182.3742065,540.3587036
2/11/2020,154.7330933,51.1165123,183.1975555,550.8128662
2/12/2020,155.0096741,51.75626755,187.7260437,549.6132202
2/13/2020,152.3993835,52.28788376,188.3024292,543.4435425
2/14/2020,152.0536804,51.00839615,175.4580231,544.3005371
2/17/2020,153.5921783,51.24266434,172.0822144,544.3005371
2/18/2020,151.3276215,50.3506279,170.3531342,540.3587036
2/19/2020,152.7624207,50.26052094,169.6121063,536.5884399
2/20/2020,156.7210693,50.95433044,171.0118408,532.303894
2/21/2020,155.2516785,49.87306595,168.0476837,537.2738647
2/24/2020,146.9541016,47.85472107,162.8194427,519.7932739
2/25/2020,143.3584595,46.86356354,160.6374817,500.7702332
2/26/2020,143.4276123,46.7734642,158.949585,506.9396362
2/27/2020,133.4877625,45.36782455,151.0041504,488.9449463
2/28/2020,128.5610657,45.23266602,147.0932617,482.0897522
3/2/2020,123.8590851,44.63797379,142.0295715,471.6356506
3/3/2020,120.6264648,43.85856628,140.3416748,461.181488
3/4/2020,119.7448425,43.57924271,138.5303345,478.4908752
3/5/2020,116.4085007,42.34931183,132.3962708,472.9807129
3/6/2020,113.1759262,41.15992737,129.4733276,461.7826843
3/9/2020,102.0778656,37.15476227,116.0113907,405.5263062
3/10/2020,100.9887924,38.3261261,116.7523804,420.5458374
3/11/2020,101.9395599,37.9521904,116.5877686,419.3904724
3/12/2020,84.28986359,33.33431244,103.4963379,371.665802
3/13/2020,88.49052429,34.14075089,107.613121,388.2849731
3/16/2020,76.97758484,31.63583755,104.1138458,392.8175049
3/17/2020,75.85395813,31.82505608,108.4776688,405.70401
3/18/2020,71.91259766,30.30678558,105.1842422,402.5935059
3/19/2020,72.3793335,29.17146873,100.6557236,400.9938049
3/20/2020,76.94302368,28.92367744,93.69834137,396.8167419
3/23/2020,73.20909119,27.54507256,93.12194061,374.243103
3/24/2020,82.99337006,30.31580353,99.00896454,400.4605408
3/25/2020,91.42925262,33.09553528,112.5944519,420.7235107
3/26/2020,93.33080292,33.84341049,109.0951996,427.4778442
3/27/2020,84.16022491,30.99158096,98.92671204,414.769043
3/30/2020,81.24742126,30.18514442,96.66242218,404.8152771
3/31/2020,81.34249115,28.83357239,92.95733643,396.1946106
4/1/2020,71.61872864,25.47266197,88.09947205,367.3998718
4/2/2020,70.54695129,26.04482651,85.99993896,354.0689392
4/3/2020,69.35416412,24.98158836,83.77687073,361.178772
4/6/2020,74.81676483,26.97741508,88.14069366,374.243103
4/7/2020,81.93023682,28.13075447,95.13920593,385.7966003
4/8/2020,80.08055115,28.70742989,94.93338776,388.4627075
4/9/2020,84.34172058,30.08603096,100.861557,400.7271729
4/14/2020,80.85845947,28.63984871,94.64522552,376.9981384
4/15/2020,75.19706726,26.80171013,85.87638855,350.1585999
4/16/2020,75.26622009,26.52238083,85.42353821,352.8247681
4/17/2020,78.40374756,27.43694687,87.44081116,361.2677002
4/20/2020,78.66304779,27.13960266,87.23491669,355.3132019
4/21/2020,74.77353668,26.32865524,84.64134216,339.049469
4/22/2020,75.80209351,26.95488548,86.20575714,340.2048035
4/23/2020,78.30867004,27.41441917,87.64662933,348.2922363
4/24/2020,76.58865356,26.79269791,86.12342072,334.4281006
4/27/2020,78.70626068,27.51353645,88.51118469,340.4714661
4/28/2020,84.49732208,29.95537758,94.72750092,346.51474
4/29/2020,95.23233795,31.320467,99.17366028,386.596405
4/30/2020,91.53299713,29.04982948,91.02242279,362.1564026
5/1/2020,88.80168915,28.54974174,93.24549866,363.045166
5/4/2020,86.1568222,27.57210541,90.69304657,346.8702393
5/5/2020,89.37214661,27.55408096,92.83377075,356.2019348
5/6/2020,87.17674255,27.18465233,89.08750153,349.8919678
5/7/2020,91.1180954,28.18932533,93.94536591,367.3998718
5/11/2020,88.68067932,27.40541077,90.94007111,359.7567749
5/12/2020,88.16207886,26.92785454,90.6519165,356.9129333
5/13/2020,84.71339417,26.13943481,87.27613068,346.51474
5/14/2020,83.96141815,25.78352165,86.61746979,344.9150696
5/15/2020,84.22936249,25.68440437,85.9587326,343.9374695
5/18/2020,90.92795563,26.74764252,88.09947205,357.5350342
5/19/2020,90.51306915,26.65753746,87.81130981,365.0891724
5/20/2020,92.24173737,26.90983391,87.89364624,367.488739
5/21/2020,89.82160187,25.58078575,84.97071838,347.9367371
5/22/2020,89.14742279,25.33750343,85.75292206,339.4938354
5/26/2020,95.75093079,27.09905434,92.66910553,356.3796692
5/27/2020,103.5817947,28.66687965,98.92671204,365.6223755
5/28/2020,105.9846573,28.27492332,97.19760132,348.4699707
5/29/2020,99.60586548,26.91433907,90.85773468,327.407135
6/1/2020,104.3942719,27.80637932,94.97451019,355.7575684
6/2/2020,103.2879257,28.77050209,99.25598907,355.9353027
6/3/2020,108.3183441,30.41942215,103.3316498,379.7531738
6/4/2020,106.7625504,30.53204918,104.3196793,383.0415039
6/5/2020,113.573494,32.02779007,113.0884399,412.8138428
6/8/2020,113.9192429,33.23069382,115.5585327,408.9923706
6/9/2020,108.283783,31.73945236,108.1483078,393.5284729
6/10/2020,107.1774368,31.55474472,106.0075684,399.9273071
6/11/2020,99.39842987,28.8741169,96.74475098,367.9331055
6/12/2020,101.1789474,28.77050209,97.73278809,379.3977356
6/15/2020,100.3491898,28.41008186,97.36227417,371.0436401
6/16/2020,106.0365143,29.86977959,102.5494537,380.9084778
6/17/2020,103.1841965,29.35167694,101.1085663,377.709137
6/18/2020,102.5446014,29.22102165,100.861557,376.6426086
6/19/2020,100.746788,29.0453167,100.2028732,379.4865417
6/22/2020,99.6577301,28.51370049,99.21485901,380.5530701
6/23/2020,101.0406647,29.5048542,101.7260971,382.6859741
6/24/2020,96.68442535,28.48216248,98.5561142,373.8876038
6/25/2020,97.34130859,28.4911747,98.96783447,377.5313721
6/26/2020,95.92379761,28.0091114,97.5681076,375.5762024
6/29/2020,98.96625519,28.16229057,99.79117584,390.329071
6/30/2020,98.89710999,28.09020805,100.1205444,391.1288757
7/1/2020,98.1364975,27.66221046,98.35030365,383.0415039
7/2/2020,101.9049988,28.69841576,102.9199371,392.9952393
7/3/2020,100.020752,27.95505142,100.3263779,386.596405
7/6/2020,101.3864059,28.117239,103.0022888,406.414978
7/7/2020,99.36385345,27.69824791,100.2852325,392.9952393
7/8/2020,98.87981415,27.68022919,99.29720306,387.1296082
7/9/2020,96.77085876,26.79269791,97.19760132,381.0862732
7/10/2020,101.783989,27.44145203,100.0382004,385.8854065
7/13/2020,103.3397903,27.60814667,100.9027405,394.8615417
7/14/2020,103.1669235,27.12608337,99.8323822,395.5725403
7/15/2020,103.9794006,27.37837982,100.0382004,396.6390076
7/16/2020,102.4927521,27.5090313,100.4087143,397.9721069
7/17/2020,100.6084976,27.5405674,99.29720306,393.7062378
7/20/2020,100.452919,27.4009037,98.35030365,393.0840759
7/21/2020,100.8159256,27.48650551,99.91473389,401.0826416
7/22/2020,101.4901123,27.31980896,99.54415894,395.3947144
7/23/2020,100.6603546,27.18014717,96.2507782,387.7517395
7/24/2020,98.18836975,26.75665283,94.68636322,378.8644409
7/27/2020,95.94109344,26.04032135,92.25746155,374.1542053
7/28/2020,96.68442535,26.32865524,94.11004639,374.7763062
7/29/2020,90.77236176,25.55825615,91.80461884,373.5321045
7/30/2020,87.10759735,23.61199379,87.23491669,350.2474365
7/31/2020,86.91744232,23.68407631,87.27613068,342.8709717
8/3/2020,89.73516846,25.11223793,91.43412018,348.2033691
8/4/2020,91.01438904,25.36903954,92.58676147,356.5574036
8/5/2020,92.77761841,25.38705826,92.17513275,358.5126038
8/6/2020,91.48111725,25.37354469,92.1339035,351.7582703
8/7/2020,90.4093399,25.03565216,91.0635376,356.290802
8/10/2020,92.17258453,25.60331154,93.94536591,361.3565369
8/11/2020,96.59798431,26.54040337,98.26796722,380.4641724
8/12/2020,96.37325287,26.75215149,98.26796722,389.7069092
8/13/2020,93.41723633,26.29261208,94.48055267,376.2871399
8/14/2020,94.38528442,26.08537292,95.30389404,374.954071
8/17/2020,93.29624176,25.79253006,93.69834137,370.4216003
8/18/2020,93.45180511,25.39607048,92.25746155,362.1564026
8/19/2020,95.2496109,25.82406807,94.80984497,367.3110352
8/20/2020,92.98506165,25.351017,91.88697052,353.1802673
8/21/2020,93.3480835,25.3194809,92.09278107,348.2922363
8/24/2020,95.42250061,25.77000618,93.32783508,354.3356018
8/25/2020,94.3334198,25.40958786,92.09278107,346.24823
8/26/2020,95.42250061,25.65737534,93.65713501,347.9367371
8/27/2020,95.54349518,25.40958786,92.25746155,341.6268311
8/28/2020,96.77085876,25.54474449,92.87499237,348.7366333
9/1/2020,91.53299713,24.27426529,87.85243225,335.4945984
9/2/2020,89.45858002,24.34184074,86.61746979,331.3175049
9/3/2020,91.23910522,24.22020149,86.45279694,329.3623352
9/4/2020,92.38002777,24.27426529,88.75820923,333.5393982
9/7/2020,92.43190002,24.29679108,87.81130981,342.6932373
9/8/2020,90.13275146,23.84176064,85.87638855,333.8059692
9/9/2020,90.65135956,23.8552742,85.50589752,343.6708679
9/10/2020,90.78965759,23.80571938,85.50589752,342.1600037
9/11/2020,88.69798279,23.31915092,84.1061554,337.2720337
9/14/2020,89.56230927,23.75615883,84.6002121,339.6716003
9/15/2020,88.71524048,23.56694412,83.65332031,334.9612732
9/16/2020,88.99184418,23.95438957,84.8883667,339.1383362
9/17/2020,86.90014648,23.65704536,82.3771286,331.1397705
9/18/2020,84.20343781,22.74247932,79.76712036,319.4085999
9/21/2020,79.65704346,21.60715675,76.83590698,300.834198
9/22/2020,79.49281311,21.88648605,79.4212265,305.8999634
9/23/2020,80.29665375,22.15229034,80.82097626,313.5429688
9/24/2020,80.27071381,22.14778709,81.72665405,307.4996643
9/25/2020,79.12979126,22.27393532,82.02306366,299.3233337
9/28/2020,84.7047348,23.96340179,88.34649658,321.7193298
9/29/2020,84.0565033,23.54441261,86.24690247,312.5654297
9/30/2020,84.36765289,23.74715042,87.31726074,316.4758301
10/1/2020,84.7047348,23.90483475,88.51118469,316.9201965
10/2/2020,84.45409393,24.50403214,90.4460144,319.8529663
10/5/2020,85.9580307,24.31481361,91.31057739,322.252533
10/6/2020,90.04632568,25.18882942,95.01573944,330.0733643
10/7/2020,90.32291412,25.13927269,93.94536591,333.9837341
10/8/2020,92.57019043,25.56726837,93.86302185,339.5827026
10/9/2020,92.72576904,25.43211365,93.53366089,334.872467
10/12/2020,91.48111725,25.29244804,92.99845886,336.8276978
10/13/2020,88.24851227,24.21119118,89.66388702,330.0733643
10/14/2020,87.76448822,24.29228401,91.2694397,315.3204346
10/15/2020,86.53712463,23.95889664,90.94007111,320.3862
10/16/2020,87.98921204,24.33733749,93.1631546,328.6513672
10/19/2020,89.33757782,24.43645477,94.68636322,336.4721985
10/20/2020,90.16734314,24.4860096,95.05686951,338.2496338
10/21/2020,88.78440094,24.47700119,95.75673676,334.872467
10/22/2020,90.13275146,25.15278816,98.02094269,340.6492004
10/23/2020,96.40782928,26.3872242,101.1085663,354.9577026
10/26/2020,95.5262146,26.17547798,100.4910355,349.5364685
10/27/2020,92.13801575,25.52221489,98.4737854,341.8934326
10/28/2020,89.71789551,24.91400909,94.97451019,332.1174011
10/29/2020,90.46121979,25.48167229,96.45659637,306.6109009
10/30/2020,92.10343933,25.25190163,102.2612762,312.6542664
11/2/2020,92.51833344,25.07619667,98.84436035,319.0531006
11/3/2020,97.98091888,26.35118294,106.0486755,331.0509338
11/4/2020,95.40519714,25.69791985,103.7433548,315.4093323
11/5/2020,95.21504211,24.96806908,103.1258087,325.8963013
11/6/2020,95.88922882,24.65720749,102.796463,324.3854675
11/9/2020,111.1015015,27.73429298,113.4177933,377.8869019
11/10/2020,116.1664886,28.95521164,116.628891,371.0436401
11/11/2020,117.1345673,30.07702065,120.2105026,380.5530701
11/12/2020,114.4032593,30.15811539,118.3991394,370.1549377
11/13/2020,115.9590683,31.28442955,121.445549,370.510437
11/16/2020,119.952301,32.06834412,125.9740448,390.5956421
11/17/2020,119.6238403,32.07284927,127.908905,388.2849731
11/18/2020,122.3897171,32.13592529,129.926178,394.6838074
11/19/2020,120.0905914,32.12691116,128.773468,389.7957764
11/20/2020,119.0706787,32.2710762,128.1971588,392.7286072
11/23/2020,121.1796341,33.5190239,130.1732025,399.9273071
11/24/2020,129.8229828,35.59144211,136.8012085,417.7018127
11/25/2020,123.9455109,34.35700226,134.5781555,418.5905151
11/26/2020,121.9575577,33.62715149,131.8610687,409.881073
11/27/2020,120.5746231,33.60463333,132.2727051,412.1028748
11/30/2020,116.3047943,32.09537506,127.2914505,401.8825073
12/1/2020,123.8072205,34.48765564,135.6485138,423.8340759
12/2/2020,127.0052643,34.91115189,136.6777496,433.2545471
12/3/2020,128.4054718,35.32112885,140.0123291,430.2329407
12/4/2020,128.4573364,35.16344452,140.5474854,435.3875122
12/7/2020,126.4175034,33.64066696,137.2129059,426.5891418
12/8/2020,126.5039673,33.51451874,137.4187469,421.5233154
12/9/2020,126.1063461,33.5640831,138.1597137,422.5009766
12/10/2020,122.5280151,32.14041519,132.6432953,424.5450439
12/11/2020,117.6013031,30.69874573,123.7921295,422.4120789
12/14/2020,123.0466003,32.19448853,129.9673615,421.8789063
12/15/2020,125.0691299,33.02345276,132.8079071,426.4114075
12/16/2020,124.6369934,32.69005966,133.0549469,418.1462097
12/17/2020,125.7951965,32.6360054,134.0018158,420.1902771
12/18/2020,125.3284607,31.44661713,129.5556641,413.8803406
12/21/2020,122.0958405,30.25723267,126.3445435,410.5031738
12/22/2020,126.175499,31.26189995,130.8318481,411.4808044
12/23/2020,131.2232208,33.45144653,137.4187469,419.4793091
12/24/2020,133.6260529,34.78500748,139.1066437,420.0125732
12/29/2020,129.0278015,33.11806488,134.4958038,416.8131409
12/30/2020,128.6820679,33.1676178,136.307251,419.4793091
12/31/2020,126.7805176,32.8342247,138.0362701,414.0580444
1/4/2021,124.0492401,31.38804245,130.749527,411.8362427
1/5/2021,123.772644,31.7259388,128.4852905,414.2358093
1/6/2021,134.0063477,33.48298264,137.7481384,453.0732117
1/7/2021,134.9398499,33.23970032,137.8715973,455.2061462
1/8/2021,132.1739807,33.18113708,135.9366608,451.8289795
1/11/2021,130.6872864,32.58644485,133.3019714,450.4069519
1/12/2021,133.3148956,33.10904694,134.3723297,454.4951477
1/13/2021,131.6899567,32.65852356,131.8198853,443.4749146
1/14/2021,132.1221161,32.8477478,132.6020813,442.7640076
1/15/2021,128.6129303,32.3792038,130.5437012,435.2098083
1/18/2021,130.7910461,32.59545135,132.355072,436.2762146
1/19/2021,126.9361038,32.43777084,129.5144501,423.5674133
1/20/2021,126.4693527,32.24404526,128.8558197,416.9908447
1/21/2021,125.1555786,31.8205471,129.5144501,419.0349121
1/22/2021,123.6516342,31.32948303,128.0324554,410.5031738
1/25/2021,118.5174866,30.4869976,124.7801361,404.2820435
1/26/2021,120.5227509,31.00510216,126.3445435,408.8145447
1/27/2021,116.097374,29.95988083,121.6513824,398.3276062
1/28/2021,118.0507431,30.15811539,123.3804932,404.0154114
1/29/2021,115.423172,29.73461914,121.5278854,394.5949402
2/1/2021,116.5468063,30.20767403,124.3273087,396.1946106
2/2/2021,121.1623611,30.63116264,127.579628,399.5718689
2/3/2021,122.5625687,30.79785538,127.8266449,396.5501709
2/4/2021,126.0026321,32.53688431,134.907486,401.8825073
2/5/2021,127.2472839,33.3388176,140.2593536,398.4164429
2/8/2021,127.4720154,33.96955872,142.1119232,406.6816711
2/9/2021,127.6621399,33.82988739,143.0176239,405.2596741
2/10/2021,127.6448669,33.78934097,144.2526703,411.7473755
2/11/2021,126.1581879,33.40188599,141.7825623,409.2589722
2/12/2021,126.1063461,33.42892456,141.0827026,411.3918457
2/15/2021,133.0728912,35.22201538,147.9577332,427.5667419
2/16/2021,134.4558105,35.57342529,149.3162537,434.0544434
2/17/2021,133.4186096,35.07333755,146.6815338,442.1418457
2/18/2021,127.4892883,33.7758255,141.0415649,434.6765747
2/19/2021,132.7963104,34.41106796,148.3282166,437.6982117
2/22/2021,133.3321686,34.61830902,150.4278259,444.8969727
2/23/2021,137.5847015,35.33914948,152.9802856,450.9402466
2/24/2021,142.2520905,35.44276428,153.5977478,452.7177124
2/25/2021,141.3476868,35.33013153,152.2391968,424.8117065
2/26/2021,138.7910461,35.14092255,151.6628876,410.6809082
3/1/2021,140.3041534,35.14541626,152.8567047,417.7018127
3/2/2021,141.0694427,35.03279114,152.8567047,428.7220459
3/3/2021,148.130722,36.41590118,157.2205505,441.6975098
3/4/2021,144.9305267,36.35283279,153.5977478,432.0126953
3/5/2021,149.2090759,36.10955048,154.8327942,451.925354
3/8/2021,154.7224426,37.64583206,158.2909393,460.7049561
3/9/2021,152.8614502,37.0646553,155.9443512,451.1107178
3/10/2021,151.3135376,36.74478531,154.6681213,447.1282043
3/11/2021,151.5396576,36.49249268,153.8859711,438.5295715
3/12/2021,157.0530396,37.13223648,156.973526,443.5982666
3/15/2021,156.7747498,37.03312302,155.1621704,445.8610535
3/16/2021,159.157486,37.37100983,152.897934,444.6843567
3/17/2021,157.6791534,37.35749435,154.4622803,453.1020203
3/18/2021,159.8357849,37.48815536,156.8500519,455.4552917
3/19/2021,158.7922516,36.96554184,157.5910339,444.0508118
3/22/2021,157.3660736,36.94301605,160.0199432,440.4303284
3/23/2021,157.4704437,37.24937439,160.6374817,438.2580261
3/24/2021,160.2010345,38.05581284,161.337326,441.6975098
3/25/2021,158.3052521,37.63232422,158.5362549,446.1325378
3/26/2021,159.1053314,38.07383347,160.543045,452.5588989
3/29/2021,156.8616943,37.89812851,158.6616211,454.3691406
3/30/2021,164.4795685,38.83521652,164.9747009,464.8684998
3/31/2021,161.6793976,38.3261261,164.0966797,452.1063843
4/1/2021,160.0097198,38.53787613,164.4729614,443.6887817
4/6/2021,161.3837128,38.5919342,164.2220917,449.0289612
4/7/2021,162.9316254,39.06047821,165.6854401,452.4683533
4/8/2021,163.4707642,39.11904907,165.5181732,456.7224731
4/9/2021,161.4880524,38.97488403,164.4311676,450.2961121
4/12/2021,163.5577545,39.99757004,166.2289429,449.7530212
4/13/2021,162.4620667,39.42090225,165.7272339,444.8654175
4/14/2021,163.1229401,39.49298477,165.0164642,444.9559326
4/15/2021,160.5662689,38.57893372,162.424408,440.4303284
4/16/2021,164.514328,39.16468811,166.8559875,447.1282043
4/19/2021,163.2098999,39.43053436,166.2289429,448.2143555
4/20/2021,158.0965729,37.88954163,161.3791962,429.9309692
4/21/2021,157.1747742,37.50204086,161.2119293,429.4783936
4/22/2021,158.5487671,37.82645798,160.7938995,433.3703613
4/23/2021,158.253067,38.42122269,163.0097046,434.2755432
4/26/2021,161.818512,38.65102386,166.1453247,438.2580261
4/27/2021,162.1837769,39.26832581,168.1520996,442.9646606
4/28/2021,164.3230286,40.64710236,170.1588898,446.9471436
4/29/2021,164.1143188,40.9625206,164.4311676,472.109375
4/30/2021,152.6179657,40.94449615,164.3893585,470.2991943
5/4/2021,148.6177216,40.59303665,161.3791962,457.0844727
5/5/2021,153.7136688,41.66091919,166.6052246,466.1356812
5/6/2021,154.0093384,41.63839722,164.4729614,470.6612549
5/7/2021,157.8704376,41.95380402,167.2323303,467.5838318
5/10/2021,161.2793732,43.12080383,164.7656097,471.9284363
5/11/2021,156.53125,42.06193924,159.7068787,459.7998352
5/12/2021,157.8008881,42.61615753,158.5362549,460.8860168
5/13/2021,154.9659271,42.35932541,158.2853851,459.2567749
5/14/2021,157.1399689,43.48127747,161.4209442,458.8947144
5/17/2021,155.8529358,43.31906891,161.7136536,450.9297485
5/18/2021,156.7573395,43.79668808,166.0198517,457.627594
5/19/2021,154.8615875,43.21993637,165.559967,454.0071106
5/20/2021,155.5572815,43.45424652,169.5735321,456.1793823
5/21/2021,155.6790161,43.6795311,169.3227234,458.8947144
5/24/2021,156.2529907,43.90482712,169.657135,457.9896545
5/25/2021,156.2181854,44.22023392,169.657135,459.7998352
5/26/2021,155.8877258,43.62997055,168.5701294,450.7486877
5/27/2021,159.7488251,44.97270584,172.1656494,458.5326843
5/28/2021,159.2270508,44.95919037,173.0854034,459.6188354
6/1/2021,161.3837128,44.86006165,174.5069122,454.7311707
6/2/2021,162.1315765,45.05831909,175.2594299,457.0844727
6/3/2021,162.0446167,44.65279388,175.6775513,456.5414429
6/4/2021,159.9749451,44.09857941,173.5871735,448.8479614
6/7/2021,162.601181,44.72488785,175.5102692,452.1063843
6/8/2021,161.0184784,44.06703949,174.0888062,455.4552917
6/9/2021,156.9660645,43.46776199,170.6605072,450.1150818
6/10/2021,155.7137909,43.50380707,169.9916382,450.2961121
6/11/2021,156.8790741,43.61194611,171.4131317,446.9471436
6/14/2021,156.0094604,43.11179733,171.4967651,444.6843567
6/15/2021,155.8529358,43.17938614,172.2492676,443.0551758
6/16/2021,154.0267487,42.98113251,171.5803986,439.2536621
6/17/2021,155.5050964,43.21092224,171.8311615,439.3441772
6/18/2021,149.4525604,41.84115601,168.9046173,424.2287292
6/21/2021,150.3917542,42.35031128,169.2391052,426.8535767
6/22/2021,150.0438995,42.14304733,170.4097443,421.8754272
6/23/2021,150.269989,42.35482025,171.5803986,419.2505798
6/24/2021,151.6613617,42.53054428,174.757782,420.9703064
6/25/2021,152.0440063,42.55307388,173.6707611,424.6812439
6/28/2021,149.1568756,41.908741,170.4097443,416.7162476
6/29/2021,150.6178589,42.16557693,170.6605072,416.354187
6/30/2021,148.809021,42.07545471,169.9080048,417.2593079
7/1/2021,152.4440155,42.91353989,173.0018005,423.2330627
7/2/2021,149.8873749,42.19711304,169.2391052,413.1862793
7/5/2021,154.5311127,42.99464417,173.0018005,415.8110962
7/6/2021,149.1568756,41.85016632,168.9046173,408.1176453
7/7/2021,150.0090942,42.16557693,169.3227234,408.5701904
7/8/2021,145.7827606,41.10670853,164.1803284,403.6825562
7/9/2021,150.7569885,42.09348297,169.2391052,411.0140076
7/12/2021,150.2004242,42.50801468,172.9181366,411.647583
7/13/2021,147.8350677,42.12953186,168.4029846,406.1263733
7/14/2021,148.4437714,42.29624557,171.1622772,403.8635864
7/15/2021,147.069809,41.95830536,171.0786438,398.7043762
7/16/2021,143.8522186,41.20132828,167.0650787,393.4546814
7/19/2021,138.5475464,39.20074081,160.6684113,379.3348694
7/20/2021,140.5824432,39.72791672,161.2537537,381.3261414
7/21/2021,145.4001312,41.12923431,166.8559875,388.838623
7/22/2021,143.7652435,40.75975418,162.3825684,388.0240173
7/23/2021,145.3305511,41.35001373,166.4797363,390.7393799
7/26/2021,147.3480988,41.95380402,168.6537476,392.3685608
7/27/2021,147.2959137,41.9222641,168.5701294,391.2824097
7/28/2021,150.235199,42.15655899,168.486496,390.829895
7/29/2021,153.2440948,41.63388443,171.3294983,395.3554382
7/30/2021,151.7483521,41.12472916,169.2391052,391.0108643
8/2/2021,152.9658051,41.66542816,170.9950104,395.2649536
8/3/2021,153.3658295,42.21964264,173.4198914,399.1569519
8/4/2021,155.5224915,42.62967682,175.9284058,402.7774048
8/5/2021,156.2877502,41.37389755,176.430069,408.3891602
8/6/2021,158.8444366,41.98227692,180.3600616,415.630127
8/9/2021,160.3401794,42.03635025,181.4470978,419.9746704
8/10/2021,161.2097931,42.03635025,181.6142426,417.4403381
8/11/2021,162.1837769,41.89664841,184.0391541,422.1469116
8/12/2021,161.9727936,41.95974731,185.9889374,420.4160767
8/13/2021,162.7111969,41.66682434,186.0736847,423.5134277
8/16/2021,160.7948914,41.12604904,184.3782196,415.5879211
8/17/2021,160.1795502,40.54921722,181.8350372,411.8529358
8/18/2021,160.3377686,40.25629807,181.1569061,414.1303101
8/19/2021,157.2611084,39.50371933,179.4615173,405.2938232
8/20/2021,157.6303253,39.64341736,180.3939819,407.8446045
8/23/2021,158.7555237,39.6163826,180.3939819,409.9398804
8/24/2021,159.8279266,39.44062424,180.7330017,408.1179199
8/25/2021,162.7463531,40.12110138,182.937088,420.7804871
8/26/2021,162.2189178,39.85972214,184.3782196,418.2297668
8/27/2021,163.3265381,39.73805237,185.395462,417.0454712
8/31/2021,162.5353699,39.45414352,180.6483154,414.3125
9/1/2021,161.7266388,39.67496109,180.3092194,417.4098511
9/2/2021,163.0452271,39.31895447,181.4112396,418.8674011
9/3/2021,162.3595734,39.12517166,181.4112396,413.0371704
9/6/2021,163.1507111,39.45414352,182.4284821,418.4119568
9/7/2021,162.9573364,38.98096466,181.0721283,418.2297668
9/8/2021,160.3553619,38.2193718,178.2747192,412.2173157
9/9/2021,159.7576141,38.30949783,177.0878906,403.9273987
9/10/2021,158.456604,38.3635788,175.5619812,400.8301086
9/13/2021,161.8673096,39.32165527,178.0203705,409.57547
9/14/2021,159.0543671,39.255867,176.409668,400.1012878
9/15/2021,158.105011,39.7831192,178.2747192,401.6499634
9/16/2021,160.6014709,40.35093307,179.7157745,402.0143433
9/17/2021,160.6190643,40.5987854,180.5635223,402.6520081
9/20/2021,153.7625275,38.88633347,175.9011078,374.4117126
9/21/2021,153.8504181,38.28245926,175.3076324,373.5007629
9/22/2021,159.3004913,39.63890457,181.0721283,391.1737061
9/23/2021,161.7090912,40.61231232,184.2086639,395.3641968
9/24/2021,161.5157013,40.94578552,184.4630127,390.5360107
9/27/2021,165.0670319,41.31531525,187.0909424,396.366272
9/28/2021,163.7836304,41.0088768,187.4299927,395.0909424
9/29/2021,165.0670319,41.8515892,190.3122711,398.2793579
9/30/2021,166.6669006,41.97326279,190.6513062,397.1861572
10/1/2021,165.154953,40.77453995,188.9558868,393.8155212
10/4/2021,164.6275177,40.37796783,189.0406799,390.5360107
10/5/2021,171.0621185,41.92819595,194.805191,402.4697876
10/6/2021,168.6886902,41.5045929,193.3640289,410.3953247
10/7/2021,170.3061523,41.91017151,190.736084,429.9813538
10/8/2021,171.5543823,42.23463821,191.7533417,437.9979553
10/11/2021,173.7695618,43.19902802,195.822403,447.9276123
10/12/2021,173.5761871,43.73529434,194.805191,447.472168
10/13/2021,169.5853271,43.04579926,193.5335846,435.2650146
10/14/2021,170.8863068,43.65867615,194.5508423,442.1884155
10/15/2021,173.8926544,44.26705933,198.2808228,448.6564026
10/18/2021,175.3342896,44.41126251,197.6873627,449.2940674
10/19/2021,175.3870239,44.52392578,198.026474,450.2961426
10/20/2021,174.4376526,44.20846939,197.0940094,445.467926
10/21/2021,173.0839081,43.55052567,193.7031403,441.6418457
10/22/2021,174.8068542,43.91555023,195.2289886,445.3768311
10/25/2021,176.33638,43.96061707,196.6701202,445.559021
10/26/2021,178.2702789,44.16341019,198.6198578,451.3893127
10/27/2021,175.3342896,44.12734985,197.517807,447.9276123
10/28/2021,175.1760559,44.68615341,196.1614532,445.0125122
10/29/2021,177.7868195,45.26298523,187.4299927,450.8427734
11/1/2021,176.5561676,46.06513977,190.3122711,460.7723694
11/2/2021,174.4552307,45.99303436,189.3797607,424.6065674
11/3/2021,175.3870239,45.51534653,190.6513062,420.4160767
11/4/2021,168.3370972,43.48743439,179.970108,407.5713196
11/5/2021,169.1106415,44.25804138,183.7848511,417.683136
11/8/2021,169.1633759,44.30761337,184.2934418,411.6707153
11/9/2021,167.0185242,43.60460281,181.4112396,408.4822693
11/10/2021,169.4446564,44.41577148,182.5132751,411.4885254
11/11/2021,172.8202209,44.95654297,186.921402,417.1365356
11/12/2021,171.6774292,44.37070084,185.395462,420.5071716
11/15/2021,172.2927704,44.73122406,186.1584625,432.2587891
11/16/2021,172.0993958,45.03766251,189.3797607,426.6107178
11/17/2021,172.0290527,45.05117798,190.1427002,425.0620728
11/18/2021,171.7126007,44.9655571,188.9558868,419.9606018
11/19/2021,167.8624115,44.21297455,187.0061646,411.3063049
11/22/2021,171.1851959,44.82135391,189.6340485,414.4947205
11/23/2021,170.3413086,44.91598511,188.5320282,415.1324158
11/24/2021,169.9720764,44.62757111,189.3797607,412.0350952
11/25/2021,171.8532562,44.78079224,190.736084,411.4885254
11/26/2021,159.6872711,41.45952606,176.4944611,374.9583435
11/29/2021,161.1113434,42.18056107,178.3594666,377.3268738
11/30/2021,161.9376373,42.18056107,180.2244263,379.1488037
12/1/2021,166.7372131,42.98270798,182.7675934,391.3559265
12/2/2021,164.5923615,42.29322052,184.2086639,389.9894409
12/3/2021,164.0825043,41.89214706,183.7848511,387.9852905
12/6/2021,164.4341125,41.70737839,183.6153107,396.0018921
12/7/2021,164.1352539,42.79795074,188.2777557,399.8280029
12/8/2021,163.4144287,42.68978882,187.8538818,394.726532
12/9/2021,160.7245331,42.08592224,185.7345734,392.0847168
12/10/2021,160.4256897,41.76145935,183.1066284,386.9831848
12/13/2021,156.5930634,39.97238922,181.7503357,380.6063843
12/14/2021,158.2983856,40.72947693,184.9716797,382.7927246
12/15/2021,155.1338196,39.97689056,184.2934418,377.1446838
12/16/2021,160.1092224,41.82905197,189.5492554,391.8113708
12/17/2021,158.9664459,41.60373306,185.9889374,393.4511414
12/20/2021,156.997406,40.9728241,184.2086639,388.167511
12/21/2021,161.9727936,41.7794838,189.0406799,396.2752075
12/22/2021,163.3616638,42.32476807,190.4818573,394.726532
12/23/2021,164.7329865,42.9331398,192.0076599,401.285553
12/24/2021,164.768158,42.75738525,191.838089,402.0143433
12/29/2021,165.6999512,43.26211166,193.0249023,407.2069092
12/30/2021,165.3131866,43.57305908,191.6686249,407.3890991
12/31/2021,164.3813934,43.08185577,191.3295135,408.4822693
1/4/2022,172.8729553,44.98358536,199.1285248,421.6003418
1/5/2022,173.980545,45.67758179,201.2478027,419.231842
1/6/2022,176.2045135,46.8672905,206.5036316,434.8095093
1/7/2022,180.4239502,47.6243782,208.9619904,443.6459961
1/10/2022,182.7534027,47.59733963,209.3858337,448.6564026
1/11/2022,181.9622803,47.66943741,208.1990967,448.929657
1/12/2022,186.1816864,47.93081665,206.6731873,456.0353088
1/13/2022,190.8406219,48.64283752,210.4031677,465.8738403
1/14/2022,189.4341431,49.54413605,211.505188,476.6234131
1/17/2022,188.8188171,49.68834305,214.8112793,480.085083
1/18/2022,184.4235992,49.00335693,213.0310364,469.5177917
1/19/2022,181.9182892,48.56172562,211.5898743,468.4246521
1/20/2022,180.6876526,47.75055695,206.9274902,466.2382507
1/21/2022,175.1408997,46.64196777,203.4518433,465.6916199
1/24/2022,167.3349457,44.40675735,194.8899384,444.4659119
1/25/2022,172.9081268,45.88488007,201.5868835,466.6026917
1/26/2022,177.7428436,46.89432144,207.0122986,477.3521423
1/27/2022,178.9295654,47.09260559,208.368576,497.5758667
1/28/2022,173.0663452,46.14625168,205.5711517,486.644104
1/31/2022,173.3652191,46.01105881,205.4863739,489.0126343
2/1/2022,176.7759094,47.21879196,208.9619904,496.8471375
2/2/2022,178.4900513,47.64239883,214.0482941,502.8595886
2/3/2022,179.7207031,48.03897095,214.1330872,505.4102478
2/4/2022,176.33638,46.30848694,208.5381317,505.5924988
2/7/2022,180.2041779,47.39905167,209.5554047,517.7996216
2/8/2022,181.2590179,47.31793594,210.8269653,520.5325928
2/9/2022,182.8413086,47.84970093,213.3701324,512.8803101
2/10/2022,183.4126892,48.1291008,214.8960114,515.6132202
2/11/2022,181.1711578,48.63382721,214.472168,508.3254395
2/14/2022,171.9060059,46.60591125,205.6559143,501.2198181
2/15/2022,174.4552307,47.43510437,208.7924347,502.8595886
2/16/2022,172.2927704,46.80419922,206.3340607,499.762207
2/17/2022,169.3391876,46.22737122,203.7062073,508.3254395
2/18/2022,168.0381927,46.16427612,198.7893829,527.6381836
2/21/2022,168.2843475,45.89388657,201.2478027,521.0791016
2/22/2022,167.1591644,46.24539948,202.4346008,529.0956421
2/23/2022,172.2751923,47.04754639,202.6041718,523.8120728
2/24/2022,157.7006226,41.95072937,191.4990845,476.4283142
2/25/2022,166.0515594,44.77628708,199.8066559,517.8890381
2/28/2022,160.7597046,43.65417862,194.7203674,493.0867004
3/1/2022,152.2681427,41.2612381,183.5305176,470.3202515
3/2/2022,155.5557709,41.5271225,186.4975128,486.0531311
3/3/2022,151.9402924,40.6979332,182.089386,460.8805847
3/4/2022,141.0218811,38.78268051,171.6625214,434.2272339
3/7/2022,136.3631134,37.17837524,163.4820557,416.8284912
3/8/2022,136.9387207,37.81829834,167.3815155,429.137146
3/9/2022,145.5187683,40.90071869,177.5117035,456.3457947
3/10/2022,141.9032745,40.18869781,174.1208344,453.1066589
3/11/2022,144.8891907,40.97733307,176.5792389,451.2557373
3/14/2022,152.8936157,43.02327347,184.6325378,454.4948425
3/15/2022,151.2387543,42.71683121,182.5132751,436.3557739
3/16/2022,157.5343933,43.80739594,187.6843262,462.9165649
3/17/2022,154.4405518,43.26211166,186.6314087,463.6569519
3/18/2022,153.4152679,44.28958511,187.9475861,468.6544495
3/21/2022,151.5445557,43.82992935,189.3514404,468.2842407
3/22/2022,155.4658356,45.28100967,195.2302856,480.5003967
3/23/2022,152.8936157,44.62306213,193.2999268,473.8370361
3/24/2022,151.4006653,44.60954666,196.7219696,465.1376648
3/25/2022,150.4653168,43.93807983,193.4754486,466.9886475
3/28/2022,144.3315735,43.96512222,192.8611755,464.5823669
3/29/2022,140.6980896,45.06469727,197.4238739,474.9475708
3/30/2022,136.2012329,43.37026596,192.4225159,471.9861145
3/31/2022,133.3771973,42.41038895,189.4391632,472.1712036
4/1/2022,132.2439728,42.71232224,191.1940918,471.8009949
4/4/2022,131.5784607,42.26167679,188.8249969,463.8420715
4/5/2022,132.2080231,41.73441315,187.4210968,462.3612976
4/6/2022,128.916275,40.72496796,184.8764801,460.510376
4/7/2022,126.4340286,39.97063065,186.3681488,457.5489197
4/8/2022,130.0495148,40.19602203,189.8779297,471.2457886
4/11/2022,130.3553009,40.64229965,192.1592712,476.2431946
4/12/2022,128.8443451,39.77679443,189.5269165,464.0271606
4/13/2022,129.7437134,39.79482651,190.7553406,464.9525757
4/14/2022,131.1827393,40.55213547,192.1592712,470.5053406
4/19/2022,131.0388184,40.90375137,193.3877106,470.5053406
4/20/2022,133.8988342,41.76924515,198.2136536,476.2431946
4/21/2022,134.9600983,42.30567551,198.652298,485.1276855
4/22/2022,131.9382172,41.57090378,195.405777,476.9836121
4/25/2022,129.6717682,40.93079758,191.4573669,460.2327271
4/26/2022,128.5925293,41.36804962,193.2999268,446.4432983
4/27/2022,127.6392059,41.26436996,194.5283661,443.9445801
4/28/2022,131.5784607,41.75121307,195.5812988,506.7835083
4/29/2022,133.2872467,41.36354446,191.2818451,510.6704407
5/3/2022,135.8055115,41.63401413,194.5283661,523.8120117
5/4/2022,135.4097748,41.15618515,193.0366821,526.4032593
5/5/2022,134.7442474,39.69115067,184.4378204,522.8865967
5/6/2022,133.6829681,39.10062408,183.8235626,518.2592773
5/9/2022,131.2906342,38.17653275,179.0853729,506.2282104
5/10/2022,129.1861115,38.39741135,178.6467133,513.0766602
5/11/2022,132.477829,38.87073517,180.313797,528.8096313
5/12/2022,131.2546844,38.73099136,182.2442474,522.8865967
5/13/2022,135.2299194,39.55591965,184.2623291,538.064209
5/16/2022,136.4350586,39.36659241,184.3500824,543.802063
5/17/2022,140.1764832,39.48829651,186.719162,547.6889648
5/18/2022,139.5828857,39.48829651,185.6662445,551.946106
5/19/2022,137.8560638,39.15472412,183.472641,546.5784302
5/20/2022,137.3524475,39.30798721,184.5255585,542.8765259
5/23/2022,141.8672943,40.12390137,190.4044342,557.1286621
5/24/2022,146.4001465,39.67762375,189.9656677,569.7149658
5/25/2022,147.3894653,39.93006897,192.2470245,571.5658569
5/26/2022,150.8070526,40.87219238,196.1077881,577.303833
5/27/2022,153.2353821,40.78203583,199.3542938,580.2653198
5/30/2022,153.9908447,40.69638443,200.845871,579.8950806
5/31/2022,152.0482025,40.47099686,200.23172,582.8565674
6/1/2022,150.9149933,40.68286514,198.9155426,585.6329346
6/6/2022,154.1167755,41.10660553,202.1620483,579.8950806
6/7/2022,151.9942322,41.10208893,200.0562286,576.1932373
6/8/2022,151.598526,41.41313171,201.7234039,567.1236572
6/9/2022,149.2241821,40.38084412,200.3194733,552.3162842
6/10/2022,143.7200165,39.39814758,194.4406128,538.4343262
6/13/2022,140.3743439,38.60928345,192.1592712,536.2133179
6/14/2022,140.9859009,39.10062408,194.2651062,554.9075317
6/15/2022,144.5833893,39.72721481,198.3891296,565.2728271
6/16/2022,138.1798553,38.08186722,188.9127655,548.9846191
6/17/2022,140.230423,38.09989929,190.0534363,539.7299805
6/20/2022,144.0077972,39.43871307,193.6509552,558.9796753
6/21/2022,144.2776337,39.16824722,194.1773682,569.5299683
6/22/2022,145.1050568,39.52436447,200.0562286,547.3188477
6/23/2022,138.575592,38.14497757,192.2470245,533.4368286
6/24/2022,142.9465485,39.12316895,194.3528595,545.4678345
6/27/2022,142.6767273,39.04653549,194.2651062,560.6454468
6/28/2022,143.9178772,39.15922546,196.4586945,574.3422241
6/29/2022,140.9859009,38.77606583,194.0896149,591.0005493
6/30/2022,137.7121735,38.14497757,191.5450897,572.491333
7/1/2022,137.7841187,38.23513412,191.4573669,567.3087769
7/4/2022,139.8706818,38.46503067,194.7916107,577.1187134
7/5/2022,132.6397247,37.28398132,186.8069153,547.8740845
7/6/2022,132.0821075,37.22989273,185.3152313,535.1026611
7/7/2022,135.8235168,38.13145065,191.5450897,552.5014038
7/8/2022,136.6689148,38.04580688,191.9837799,536.2133179
7/11/2022,135.8055115,37.87901688,192.0715332,541.5809326
7/12/2022,136.8307953,38.24414444,192.9489441,536.5834351
7/13/2022,134.2046204,37.78886032,189.4391632,533.9920654
7/14/2022,130.894928,36.98196411,184.8764801,503.4518127
7/15/2022,135.1759491,37.77534103,189.9656677,513.0766602
7/18/2022,138.7014923,38.56871033,193.9141083,523.8120117
7/19/2022,142.298996,39.73171997,200.0562286,540.2852173
7/20/2022,141.777359,39.1727562,197.9503632,541.2108154
7/21/2022,142.9645386,39.06457138,199.2665558,543.4318848
7/22/2022,141.9572144,38.97441101,197.5116272,530.1051636
7/25/2022,144.5474396,39.49731827,201.986557,546.9486084
7/26/2022,141.0938263,39.24487305,201.2846375,536.2133179
7/27/2022,141.7953491,40.85866547,204.8821564,543.2467651
7/28/2022,135.2119141,40.05177307,201.811142,524.5524292
7/29/2022,141.3636169,40.79105759,218.1314697,522.1462402
8/1/2022,143.7200165,40.61975861,220.8515625,525.8480225
8/2/2022,143.9178772,40.93079758,220.4128265,539.5449219
8/3/2022,146.885788,41.31846619,219.5354004,553.0567017
8/4/2022,146.1303253,41.38269806,219.3598938,557.68396
8/5/2022,147.4973755,41.20835876,222.1677551,562.6814575
8/8/2022,149.2961273,41.51115799,222.9573975,561.94104
8/9/2022,149.1701965,41.28635025,223.2206573,566.5684204
8/10/2022,152.6777649,41.7222023,225.677475,558.2393188
8/11/2022,154.0175934,41.84607315,225.151001,558.4255981
8/12/2022,156.4056396,41.89195251,229.6259308,564.7607422
8/15/2022,156.3691559,42.08464432,228.7485504,556.7485962
8/16/2022,155.4030304,41.96076965,229.0117645,561.779541
8/17/2022,153.7441711,42.0112381,230.5911255,552.4630737
8/18/2022,153.5800934,41.94700623,230.9421082,554.6989746
8/19/2022,150.6452484,41.12577057,229.7136841,542.9603271
8/22/2022,148.6400299,40.84590912,227.7833557,550.7861938
8/23/2022,149.1139832,40.71286392,228.1342773,552.0904541
8/24/2022,148.2207489,40.4834671,225.3264923,544.8236694
8/25/2022,149.6243896,40.66698837,224.9706573,551.5314331
8/26/2022,147.7467957,40.07056046,223.1914673,549.2954712
8/30/2022,150.1165771,40.14396667,219.3161163,553.3947754
8/31/2022,149.9342804,40.26325226,217.0700836,557.3075562
9/1/2022,147.1087646,39.18051147,213.9432983,543.5194092
9/2/2022,153.7077179,40.11185455,221.6061707,561.4067993
9/5/2022,151.7572021,39.86869812,220.5492096,558.9846191
9/6/2022,153.0149994,41.50198364,224.6008301,561.4067993
9/7/2022,149.5697327,40.99272156,223.1915741,537.3704834
9/8/2022,151.5384369,41.50198364,224.0723572,552.2767334
9/9/2022,153.8899994,42.19016266,229.7093964,572.2138672
9/12/2022,158.5566559,43.08938599,237.3722534,584.3251953
9/13/2022,156.7155304,42.63518906,237.5484314,570.350647
9/14/2022,154.8561249,42.40120697,237.5484314,570.5369263
9/15/2022,156.9889526,43.69498444,241.5119781,567.5556641
9/16/2022,155.9863586,43.86474228,240.3669281,561.0342407
9/20/2022,155.7858124,44.96124268,237.196106,561.5931396
9/21/2022,152.9420776,44.47034073,232.6160126,557.6802368
9/22/2022,151.5384369,44.00696564,227.2431946,557.1212769
9/23/2022,147.5280609,42.41496658,213.5029144,538.1158447
9/26/2022,143.6425171,41.01474762,205.8400574,536.4994507
9/27/2022,142.0410919,39.72188187,204.5188599,546.87323
9/28/2022,137.7025757,38.40516281,199.5864868,527.4950562
9/29/2022,131.8510284,37.35912323,194.7421417,518.7376709
9/30/2022,131.5229034,37.97848892,198.9699249,528.0540771
10/3/2022,132.2338409,38.33634186,199.9387817,525.8181763
10/4/2022,137.3926697,39.56589127,204.6069641,547.8049316
10/5/2022,134.5489502,39.32273865,201.6122742,542.7739868
10/6/2022,131.9786377,39.02452087,202.2288361,534.3892212
10/7/2022,130.7754974,39.16216278,202.1407623,537.5568237
10/10/2022,130.5567627,38.71255112,200.4672699,530.848999
10/11/2022,127.7494888,38.07483292,195.1825409,510.166626
10/12/2022,123.6661606,35.86806488,187.0792694,501.7818298
10/13/2022,129.9187317,38.32716751,201.4361267,513.7068481
10/14/2022,130.1739502,38.95111465,200.8195801,504.5767212
10/17/2022,132.5254974,39.1529808,205.4877625,517.4334106
10/18/2022,134.4395447,39.09334564,208.4824066,520.2283325
10/19/2022,131.5229034,37.26277924,203.5500183,521.9052734
10/20/2022,132.4708252,38.57950211,206.9850922,520.7872314
10/21/2022,132.1973572,37.97389984,207.0731659,528.2403564
10/24/2022,135.7520447,39.03370285,211.8294067,523.2095337
10/25/2022,136.9187164,39.43284225,215.2644806,516.50177
10/26/2022,136.5541382,39.0428772,215.4406433,490.0431824
10/27/2022,136.9551544,39.25392151,218.1710815,499.1732483
10/28/2022,133.4734192,37.86837387,198.0891266,484.0806274
10/31/2022,134.6765289,38.55656052,206.8089294,484.6396484
11/1/2022,137.0280762,38.72631454,210.0678406,492.0927734
11/2/2022,136.8093567,38.33175659,207.6897125,490.6021118
11/3/2022,136.2807007,38.74925232,204.1665649,496.9372864
11/4/2022,139.9265289,39.22639084,209.6274414,516.6880493
11/7/2022,139.0879822,38.55197525,209.9797516,519.8556519
11/8/2022,140.5280609,39.31814957,211.2128601,523.5822144
11/9/2022,140.7286072,39.05663681,208.7466583,524.8865356
11/10/2022,143.0983887,39.73105621,211.3890381,524.3275146
11/11/2022,144.2103424,39.9283371,219.8445892,526.9360352
11/14/2022,143.6634827,40.01091766,219.5803528,537.7431641
11/15/2022,143.2989044,40.11185455,220.6372986,537.3704834
11/16/2022,140.7286072,39.57507706,217.4664612,534.3892212
11/17/2022,142.7884674,40.75874329,222.8392639,544.8236694
11/18/2022,144.2103424,41.72678757,227.3312836,541.8423462
11/21/2022,143.9551544,41.76349258,225.1293182,540.7244873
11/22/2022,143.9369202,41.8139534,224.2485352,545.5689087
11/23/2022,144.2650299,41.73596191,223.9842987,546.87323
11/24/2022,145.3040771,42.15346146,227.8597717,549.1091919
11/25/2022,144.9759827,42.4929657,225.4816132,549.6682129
11/28/2022,144.1739044,42.03876114,224.2485352,540.1654053
11/29/2022,146.7441864,42.50672913,229.4451752,567.3693237
11/30/2022,146.9629364,43.03892136,230.6782684,575.1951294
12/1/2022,144.2650299,42.32321167,226.7147217,554.1400146
12/2/2022,142.9343262,42.80493927,230.6782684,552.0904541
12/5/2022,142.4421387,42.55260849,228.916687,551.7177734
12/6/2022,144.7025299,42.59848404,229.5332642,551.3450928
12/7/2022,143.4994202,42.42414093,227.5074158,544.2647095
12/8/2022,142.9160767,42.11675644,228.1239777,550.9724731
12/9/2022,145.3587799,42.61224365,232.2637177,558.0529175
12/12/2022,144.1374359,42.00205994,229.2689972,561.779541
12/13/2022,147.4551239,42.54801559,232.0875244,566.4376831
12/14/2022,146.0697174,42.35073471,232.8802338,565.1333618
12/15/2022,141.4577789,41.71760941,227.6835938,563.2700806
12/16/2022,140.7468262,41.45610046,228.1239777,574.6361694
12/19/2022,141.6218262,41.29093552,228.3882141,575.0088501
12/20/2022,141.9499512,41.76807785,230.9425201,578.7353516
12/21/2022,144.0827484,42.43332291,233.5848846,583.020874
12/22/2022,143.2259674,42.3002739,233.0564117,582.2755737
12/23/2022,143.7728577,42.23604202,232.9683228,582.2755737
12/28/2022,144.8119049,42.42873764,235.6107025,586.1885376
12/29/2022,145.2311707,42.41496658,235.9629974,586.7474976
12/30/2022,144.4837952,41.66714478,233.5848846,579.8533936
1/3/2023,149.1139832,43.2453804,238.7815247,596.4365234
1/4/2023,153.1972961,43.53441238,241.8642883,615.2556763
1/5/2023,157.1530151,44.33270264,246.1801147,656.9932251
1/6/2023,156.8613434,44.04825592,246.5324554,650.0991211
1/9/2023,157.3352966,44.27306366,244.6828003,638.5466919
1/10/2023,156.4056396,44.07578278,242.568924,640.7826538
1/11/2023,158.1738281,44.11248779,246.7086029,640.4100342
1/12/2023,161.4003906,44.73184586,253.2264709,651.5897217
1/13/2023,164.7363129,45.52555466,259.8323364,659.6018066
1/16/2023,166.3404846,45.64942169,261.1535339,653.8256226
1/17/2023,164.9186096,45.4200325,263.0912476,653.6392212
1/18/2023,165.9759064,45.38791656,263.1793518,653.6392212
1/19/2023,161.6738434,44.78231812,257.8945923,647.8630981
1/20/2023,162.6217346,45.21357727,260.2727661,652.1486816
1/23/2023,163.9524689,45.70448303,261.4177551,655.6889038
1/24/2023,163.8430786,45.9981041,263.0912476,663.7010498
1/25/2023,165.6295471,46.7505188,265.9978638,654.0119019
1/26/2023,168.6555634,48.17276001,268.552124,670.2225342
1/27/2023,169.3300476,48.25534439,271.7229614,663.8872681
1/30/2023,170.1321259,48.61319351,271.8110657,640.9689941
1/31/2023,169.3847351,48.24617004,271.2825623,632.7705078
2/1/2023,169.9680481,48.61319351,271.6348877,640.4100342
2/2/2023,171.7180481,49.0811615,272.9560852,623.8267212
2/3/2023,171.9367981,48.93434906,269.6971741,629.7893066
2/6/2023,170.0227509,48.47556686,264.4124756,625.5037842
2/7/2023,172.1190796,49.0444603,267.7594604,635.9381104
2/8/2023,172.9211731,49.22797775,268.9044495,641.7142334
2/9/2023,172.8118134,49.52159882,269.8733521,715.1275635
2/10/2023,169.2753448,48.89764786,268.1998291,679.5389404
2/13/2023,169.8222504,48.69578171,267.583252,679.9116211
2/14/2023,170.7337036,49.35643387,268.6402283,672.2720337
2/15/2023,157.3170776,48.06265259,264.940918,679.3526001
2/16/2023,159.1946716,48.57649612,269.1686707,707.3018188
2/17/2023,158.1373901,46.71381378,250.6721649,712.8916626
2/20/2023,160.3066406,47.29188919,249.6152191,716.0592651
2/21/2023,156.2415619,46.76887131,246.2682343,719.0404663
2/22/2023,157.5176086,47.0349617,249.7913666,711.5872803
2/23/2023,162.0041656,47.713974,251.0244598,724.1146851
2/24/2023,160.1081696,47.40199661,247.9417114,731.8967896
2/27/2023,162.0417023,47.5212822,253.7548981,747.4608154
2/28/2023,163.9189148,48.28286743,257.4541931,744.2341919
3/1/2023,163.7124176,47.67726517,258.6873474,749.5487671
3/2/2023,161.2157135,47.10837173,257.6303711,747.6506958
3/3/2023,160.9528961,47.5212822,259.1277161,748.7895508
3/6/2023,161.7601166,47.50292969,256.5734558,750.4978638
3/7/2023,158.5500793,47.1175499,254.0191345,746.8914795
3/8/2023,158.5125275,47.34693909,257.1899719,747.2711182
3/9/2023,153.3877106,47.21848297,258.3349915,735.5030518
3/10/2023,147.7560577,45.67237091,251.9052429,702.0969849
3/13/2023,138.4262695,43.33254242,239.750412,653.696167
3/14/2023,142.7250977,44.25930023,244.5066376,661.2884521
3/15/2023,129.7535095,42.22227859,230.5901947,610.420105
3/16/2023,133.6393585,43.55276489,239.5647125,617.2531128
3/17/2023,130.9924622,42.43790817,236.2679596,601.6889648
3/20/2023,127.9889145,42.30485916,236.0847931,583.6572876
3/21/2023,134.3526917,44.19047928,249.4550018,610.7996826
3/22/2023,133.9021606,43.82803345,246.5245667,618.7716064
3/23/2023,131.1989441,42.98845291,245.5172119,600.1705322
3/24/2023,125.679924,41.94700623,236.7258453,561.6396484
3/27/2023,128.5896301,42.50214005,237.8247681,562.2090454
3/28/2023,128.7585602,42.57554626,239.106842,563.9172974
3/29/2023,133.3014374,43.24078751,241.9457092,572.6484375
3/30/2023,135.9295654,43.83262634,243.044632,583.4674683
3/31/2023,136.8493958,43.7454567,241.3962555,582.8981323
4/3/2023,139.158371,44.25930023,241.9457092,591.2495728
4/4/2023,137.506424,44.14001465,240.8467865,581.9489746
4/5/2023,138.6515198,44.43822479,240.2057343,583.6572876
4/6/2023,142.3121033,44.97959518,244.0519714,586.5043945
4/11/2023,143.1756134,45.35580063,245.7003479,586.8840332
4/12/2023,143.6636963,45.76871109,247.8066406,585.5553589
4/13/2023,143.5510712,45.98200989,249.0886688,587.0737305
4/14/2023,148.1878052,46.38964462,252.5686035,613.0773926
4/17/2023,144.8088226,45.92986679,248.4476471,609.281311
4/18/2023,145.4470673,46.28536224,250.3707733,617.4429321
4/19/2023,145.8600464,46.69299316,250.6454926,618.9614258
4/20/2023,144.9777679,46.45599747,250.462326,611.7487183
4/21/2023,143.8326569,46.31853867,249.5465546,606.0545044
4/24/2023,144.7337036,46.36594009,251.1033783,600.1705322
4/25/2023,142.1619415,45.72130966,245.0593262,588.9718628
4/26/2023,144.4145966,46.07206726,249.4550018,601.6889648
4/27/2023,152.0924225,46.28062057,249.2718353,598.0825806
4/28/2023,150.065033,45.69287491,239.931015,596.3743286
5/2/2023,145.4283142,45.19991684,235.9932404,579.4815063
5/3/2023,143.8514252,43.58834457,233.6122437,580.2407227
5/4/2023,139.1396027,42.99585342,231.1396484,567.9032593
5/5/2023,143.8326569,43.42718887,237.4584503,574.3567505
5/9/2023,144.1517944,43.73054123,239.7478638,573.7872925
5/10/2023,143.8138885,43.76845932,238.6489563,582.5184326
5/11/2023,144.0579224,43.48880386,238.0078888,588.4024048
5/12/2023,144.4521332,43.19019318,239.289978,584.7961426
5/15/2023,145.5033875,43.86325836,242.5867462,587.4533691
5/16/2023,144.9214478,43.32291031,241.7625427,588.2125854
5/17/2023,146.3856812,43.88695908,243.9604034,592.7680054
5/18/2023,148.3567505,44.09077454,245.3340454,609.850647
5/19/2023,149.633255,44.28985214,245.7919312,601.6889648
5/22/2023,150.2527466,44.49840927,248.7223969,619.9105225
5/23/2023,153.4064941,45.11460114,250.9202118,625.6046753
5/24/2023,148.9199371,44.3325119,245.5172119,607.9525146
5/25/2023,147.3430481,43.44614792,245.7003479,610.989563
5/26/2023,147.6621857,43.13805008,244.9677124,616.3040771
5/30/2023,146.2355042,42.86313248,242.9530334,610.420105
5/31/2023,142.0493011,41.87248993,237.7331848,601.3093262
6/1/2023,143.2507172,42.34174728,241.213089,608.9016724
6/2/2023,147.1365662,43.08116913,242.6783142,630.1600342
6/5/2023,146.2167206,42.40336227,236.7258453,625.2250366
6/6/2023,148.4881592,42.82521439,238.7405396,637.3727417
6/7/2023,148.5257111,43.14279175,238.1910706,639.6503906
6/8/2023,147.9250031,42.97215652,239.0152435,633.3867798
6/9/2023,146.7423553,42.91053009,239.0152435,627.1231689
6/12/2023,145.7098846,42.63562012,238.9236603,622.9473877
6/13/2023,147.1365662,42.93897247,242.037262,627.3129272
6/14/2023,147.774826,42.92949295,243.044632,635.854248
6/15/2023,144.3582764,42.61666489,234.6195831,644.3956299
6/16/2023,144.4896698,42.70197678,233.6122437,640.7892456
6/19/2023,144.0391541,42.69723892,231.4143677,652.7471313
6/20/2023,144.8463593,42.48394394,224.6377106,651.6082153
6/21/2023,142.1619415,41.46959686,215.754776,649.710144
6/22/2023,137.9382019,40.67803192,212.0001221,634.1459961
6/23/2023,136.3049927,40.11872101,209.8938446,623.5167847
6/26/2023,136.023407,39.77744675,212.0917053,624.4657593
6/27/2023,137.3374634,40.28935623,211.4506531,636.8032837
6/28/2023,139.2334595,40.4315567,214.2895355,634.5255737
6/29/2023,142.0305328,40.54531479,215.4800415,643.0668945
6/30/2023,143.9640503,41.32266235,220.5167542,648.1917114
7/3/2023,146.0665436,41.92462921,225.0040131,655.5941772
7/4/2023,143.194397,41.59757614,221.5240936,656.5432739
7/5/2023,140.8290863,41.55017853,218.3189087,650.848999
7/6/2023,137.6941528,41.04774475,213.0990295,633.9561768
7/7/2023,139.5901337,40.85340881,213.0074768,639.270752
7/10/2023,139.5901337,40.80600739,213.5569153,634.3357544
7/11/2023,140.660141,41.11410141,215.3884583,630.1600342
7/12/2023,145.2969055,42.20903015,223.0809174,647.8120728
7/13/2023,146.1416321,42.39862442,224.8208466,651.7980347
7/14/2023,145.578476,42.05260849,222.5314484,650.2796021
7/17/2023,146.479538,42.50764084,225.8282166,653.696167
7/18/2023,149.5957336,43.31343079,229.58284,661.6680908
7/19/2023,154.1949158,44.26615143,238.5573578,670.0195313
7/20/2023,154.2700195,43.92487717,235.2605896,679.8895874
7/21/2023,153.2375336,43.46984863,230.2238922,682.3569946
7/24/2023,154.2700195,43.64995956,231.2312317,682.7366333
7/25/2023,153.4815826,43.69736099,230.0407257,681.7876587
7/26/2023,153.9884338,42.97215652,221.4325256,675.1443481
7/27/2023,145.8600464,42.70671844,219.6925659,673.2463379
7/28/2023,146.1791687,42.77781677,224.8208466,700.0090942
7/31/2023,145.4470673,42.59770203,223.7219391,709.3096924
8/1/2023,142.1243744,42.03364944,218.1357574,706.4625854
8/2/2023,137.4688721,41.00982285,213.4653625,696.7824097
8/3/2023,140.0031281,40.70090485,216.8536835,702.6663818
8/4/2023,141.4861298,40.90476608,217.4031372,703.8052368
8/7/2023,141.5612335,40.93320847,219.8757324,708.9300537
8/8/2023,138.050827,40.4733429,217.0368347,703.9949951
8/9/2023,139.759079,40.56341934,218.3189087,714.6242676
8/10/2023,141.4797974,40.77202225,220.756134,724.7648315
8/11/2023,140.1414642,40.72460938,221.2248383,722.2775269
8/14/2023,139.453186,40.62031174,220.3811798,718.8336182
8/15/2023,137.2162781,40.27422333,218.9750977,706.7796631
8/16/2023,138.6119537,39.90917206,212.2258453,697.0217285
8/17/2023,139.013443,40.21733093,213.3507233,700.4657593
8/18/2023,137.885437,40.05613708,212.5070648,690.1338501
8/21/2023,137.3309937,39.90917206,209.8823547,688.220459
8/22/2023,136.4132843,39.56307983,208.0075836,684.0111694
8/23/2023,136.7382965,39.70056915,209.9761047,680.5671997
8/24/2023,138.1722107,39.94710159,211.4759521,682.671814
8/25/2023,137.6368866,39.62945557,211.6634216,680.5671997
8/29/2023,143.3534546,40.68194199,219.2563019,692.4297485
8/30/2023,142.4739685,40.60608673,220.4749146,688.7944946
8/31/2023,140.8679962,40.16043854,215.9754333,680.7585449
9/1/2023,142.4930878,39.9328804,218.6938782,688.4118042
9/4/2023,144.1564331,39.80012894,218.4126434,678.6539307
9/5/2023,143.0475311,39.5962677,215.6004791,673.1052246
9/6/2023,142.6460419,39.34499741,213.6319427,671.9572754
9/7/2023,141.4606628,38.90409088,210.6322784,674.6359253
9/8/2023,141.7092285,39.19803238,210.0698547,675.0186157
9/11/2023,143.2960815,39.42559814,211.8509064,684.0111694
9/12/2023,146.8139648,40.27896118,215.6004791,693.9604492
9/13/2023,150.3127136,40.39274597,216.8190765,691.2817383
9/14/2023,153.0276031,40.99010086,222.1622162,709.6495972
9/15/2023,154.346817,40.96165848,221.7872772,710.9889526
9/18/2023,151.8039856,39.97080231,217.4752502,705.2490234
9/19/2023,152.2054901,40.67720032,217.5690002,710.7976074
9/20/2023,152.5496216,42.25119019,226.2867584,716.9202271
9/21/2023,149.7964935,42.1231842,224.6931763,720.7468872
9/22/2023,148.4773102,42.99077988,223.0996094,717.4942627
9/25/2023,146.8713074,42.43134689,221.1310883,716.5375366
9/26/2023,152.6452026,42.59727859,222.8184052,723.6168823
9/27/2023,151.1539307,42.26067352,222.3496857,717.6856079
9/28/2023,152.0716553,41.96673584,219.7249908,723.9995117
9/29/2023,151.9378204,42.07103729,220.9436035,725.1474609
10/2/2023,148.9552765,41.0280304,213.4444733,721.1295166
10/3/2023,147.4831238,40.59660339,211.0072479,717.3028564
10/4/2023,147.1007538,40.26000214,210.1635895,711.371582
10/5/2023,145.8006592,39.9850235,208.5700226,716.9202271
10/6/2023,147.9419708,40.4164505,209.6948853,725.3388672
10/9/2023,145.3226929,39.92813492,207.5388794,706.2056885
10/10/2023,149.8729706,41.12284851,214.1943817,725.9128418
10/11/2023,150.2553406,41.03277206,214.8505554,725.3388672
10/12/2023,145.571228,41.17025757,215.0380249,723.6168823
10/13/2023,146.3359985,40.99010086,211.7571564,717.8768921
10/16/2023,146.5080414,41.25559235,213.9131622,715.5809326
10/17/2023,147.9802246,41.53057098,217.2877808,712.5195923
10/18/2023,144.9594269,40.62979126,212.975769,711.5629272
10/19/2023,141.2886047,39.71005249,208.4762726,703.7183228
10/20/2023,138.4781342,39.430336,204.8204346,690.8991699
10/23/2023,137.6942444,39.26914597,201.8207855,686.3071899
10/24/2023,128.708374,38.47266769,194.7903442,678.4625854
10/25/2023,127.3509369,39.31180954,193.6654663,683.0545044
10/26/2023,126.4141083,39.03683853,192.9155579,598.1032104
10/27/2023,123.5080338,37.6951561,170.6055908,584.1359863
10/30/2023,124.9037094,37.96064758,166.9966125,593.5112305
10/31/2023,125.8023071,37.87056732,167.0434875,602.6951904
11/1/2023,123.641861,38.06494904,165.1218262,585.0926514
11/2/2023,127.3700485,39.61049271,170.4181213,593.8938599
11/3/2023,130.3334808,40.23629761,175.2456818,592.3632813
11/6/2023,130.2952423,39.94710159,177.9172516,604.6084595
11/7/2023,130.2187653,39.87124252,182.9791718,595.4245605
11/8/2023,130.0275726,39.81435394,183.8228302,592.9371948
11/9/2023,130.945282,40.08932495,188.2285919,600.0165405
11/10/2023,129.6069641,39.58678818,184.7133636,594.8505859
11/13/2023,130.7158661,39.84280014,184.1040497,601.1644897
11/14/2023,132.3600922,40.06562424,188.4160614,600.2078857
11/15/2023,133.7175293,40.86209869,191.8844147,609.9657593
11/16/2023,132.9145203,40.55867767,188.3223267,602.8864746
11/17/2023,136.5088806,41.12759018,194.7903442,631.3949585
11/20/2023,136.2603149,40.8194313,195.0715637,635.7955322
11/21/2023,135.4764709,40.34533691,194.0404205,633.3082275
11/22/2023,133.8131104,40.10829163,191.4157257,628.9076538
11/23/2023,134.0616608,40.15095901,192.3531036,637.3262329
11/24/2023,135.3999786,40.27422333,193.1030273,638.4742432
11/27/2023,134.023407,39.87124252,191.134491,638.4742432
11/28/2023,133.9469452,40.2505188,190.4783325,633.4996338
11/29/2023,134.1190186,41.19870377,193.4779816,612.6444092
11/30/2023,134.826416,41.21767044,194.8840637,624.8897095
12/1/2023,136.0882721,42.18482208,197.9774628,624.3156128
12/4/2023,136.6809387,42.79166031,200.3209534,624.8897095
12/5/2023,133.3160248,42.67787552,201.3520966,617.8103638
12/6/2023,134.0616608,43.43168259,205.664093,634.647583
12/7/2023,133.9660645,43.34634781,204.7266998,621.8283081
12/8/2023,136.9677277,43.93422318,206.6952362,631.3949585
12/11/2023,136.2220917,43.72562408,205.1953888,618.958374
12/12/2023,135.4382172,43.52176285,203.1331329,611.6878052
12/13/2023,134.8646545,43.791996,201.8207855,609.9657593
12/14/2023,143.3916779,45.07678604,208.7575073,626.6116333
12/15/2023,140.1797028,44.57899094,207.3513947,614.7490234
12/18/2023,140.0458679,44.56476974,205.757843,617.8103638
12/19/2023,141.1547699,44.3040123,205.2891388,629.4815674
12/20/2023,144.9594269,45.00567245,204.3517456,633.1169434
12/21/2023,144.749115,44.74491882,203.5081024,626.6116333
12/22/2023,145.0932617,45.5556221,203.1331329,623.7416382
12/27/2023,146.8904266,45.63621521,205.664093,630.4382935
12/28/2023,146.7374878,45.48450851,204.4454956,626.8029785
12/29/2023,147.0051422,45.23797607,205.664093,637.7088013
1/2/2024,148.4390564,45.57932663,206.4140167,630.2469482
1/3/2024,146.3742065,44.99619675,205.1016693,619.1497192
1/4/2024,148.7258606,45.10049438,206.320282,623.1677246
1/5/2024,148.7449799,44.81129456,206.9764404,623.3589478
1/8/2024,147.9993286,45.10049438,208.0075836,621.8283081
1/9/2024,147.4831238,45.13367462,207.0701904,609.3917236
1/10/2024,145.9153748,44.56002426,201.633316,599.2512207
1/11/2024,139.1663971,42.89596176,198.446167,586.8146362
1/12/2024,139.1281586,42.64942932,199.1023407,587.0059204
1/15/2024,138.5928345,41.55427551,198.9148712,578.7786865
1/16/2024,135.1705475,40.88106537,195.6339874,563.6635132
1/17/2024,134.4822693,40.07984543,192.9155579,550.0789185
1/18/2024,134.5205078,40.29792786,194.6965942,551.8009033
1/19/2024,134.826416,40.45437622,194.9778137,551.0355835
1/22/2024,138.5545959,41.17025757,200.2272339,555.4362183
1/23/2024,140.3135376,40.82891083,200.5084229,579.5440063
1/24/2024,140.8488617,39.97080231,203.9767914,582.9880371
1/25/2024,138.9752197,39.37344742,204.2580109,566.9160767
1/26/2024,142.6651611,39.91865158,209.9761047,579.7353516
1/29/2024,141.0400391,40.08932495,208.6637573,576.2913818
1/30/2024,143.640213,40.78624344,212.975769,577.0567017
1/31/2024,141.8812714,40.33111572,211.1009827,572.8473511
2/1/2024,139.6061401,40.13673782,206.6952362,571.3167725
2/2/2024,144.0799561,40.12251282,207.0701904,569.2120972
2/5/2024,139.2619781,39.71953201,203.6018372,568.2554321
2/6/2024,139.8546906,39.71005249,206.2265472,573.8040161
2/7/2024,138.0383759,39.42559814,203.6955872,568.0640869
2/8/2024,136.8530273,39.36396408,202.0082703,554.288269
2/9/2024,136.0117798,39.25492096,197.5087738,548.9309082
2/12/2024,136.5853577,39.25492096,194.6965942,556.3928833
2/13/2024,134.2910767,39.05106354,191.6031952,552.5662231
2/14/2024,135.7632446,39.29285049,195.9152222,551.0355835
2/15/2024,137.1015625,39.42559814,200.8833923,555.6275024
2/16/2024,140.2561798,40.96165848,215.1317749,568.8294067
2/19/2024,142.43573,40.65824127,210.9135132,573.6127319
2/20/2024,154.6718292,41.38834381,214.4756012,574.7607422
2/21/2024,155.5895233,41.04699707,214.6630707,574.9520264
2/22/2024,156.4689941,43.57391357,213.8194275,579.3526611
2/23/2024,156.5263519,43.1377449,217.0065613,607.4784546
2/26/2024,158.5338287,43.53598404,216.7253418,608.8178101
2/27/2024,159.5088959,43.91051865,219.0688324,614.7490234
2/28/2024,161.4590302,44.16178894,221.6935272,621.0630493
2/29/2024,162.307785,44.15704727,224.1307678,638.6655273
3/1/2024,167.3015594,44.91559601,231.3486786,660.8599854
3/4/2024,167.9134369,44.93930054,232.754776,652.8241577
3/5/2024,167.2423553,45.32331848,234.1608582,657.9900513
3/6/2024,168.6832275,45.89222717,236.5980835,648.2321167
3/7/2024,170.7952271,46.08660507,234.7232819,655.9327393
3/8/2024,169.9859619,46.03919601,234.9107819,647.4423218
3/11/2024,171.5255432,46.50854874,234.2545929,651.5888062
3/12/2024,175.256073,46.98264313,238.0979004,661.263916
3/13/2024,174.7428741,46.70293045,236.973053,644.8754883
3/14/2024,172.117691,46.77404404,235.6963501,637.7672119
3/15/2024,174.6047211,47.00160217,235.8927612,645.6652832
3/18/2024,174.2099609,46.83093262,235.7945557,641.9136963
3/19/2024,172.7690582,46.97789764,235.6963501,650.4040527
3/20/2024,173.4401703,47.44725418,241.0977173,649.2193604
3/21/2024,179.4603271,48.82212448,248.8560486,667.3848877
3/22/2024,178.4339447,49.47637558,256.4179993,664.0281982
3/25/2024,179.1050415,49.04969025,255.3377075,666.7925415
3/26/2024,178.4141998,48.93590546,257.6946716,686.1427612
3/27/2024,179.144516,48.99279404,258.0874939,670.5441284
3/28/2024,180.802536,49.07813263,260.7390747,662.8435059
4/2/2024,181.7104797,49.26777267,262.3103943,669.9517212
4/3/2024,186.0726471,49.66601181,267.8099976,684.9580078
4/4/2024,190.6321869,51.16414261,275.4701233,693.0535278
4/5/2024,187.256958,50.55730438,273.4077454,689.302002
4/8/2024,190.6519165,50.93658066,273.3095398,690.0917969
4/9/2024,186.4279327,50.12113953,271.0508118,664.225647
4/10/2024,187.000351,50.36766815,273.4077454,670.7415771
4/11/2024,181.2367706,49.75869751,267.6135559,657.5123291
4/12/2024,180.46698,50.07300186,269.5776978,654.3530884
4/15/2024,180.7433167,50.24980164,271.8364563,656.3276367
4/16/2024,176.1443024,48.81577682,263.9798889,627.1048584
4/17/2024,177.5851898,49.52296448,267.5153503,635.0029297
4/18/2024,181.5723267,50.09264755,270.4615479,653.168396
4/19/2024,183.4079742,50.0140686,271.7382507,658.302124
4/22/2024,186.7042694,50.23015594,274.6844788,662.8435059
4/23/2024,189.7242279,50.4265976,280.6750488,671.9262695
4/24/2024,188.6386261,50.85876846,280.7732849,670.5441284
4/25/2024,201.3303375,50.2890892,284.6033325,674.0982056
4/26/2024,201.6757507,51.36951828,301.8877258,672.7160645
4/29/2024,200.9849091,50.9569931,297.075592,675.0854492
4/30/2024,200.0473328,50.97663879,298.0576782,681.0090332
5/1/2024,200.7875214,51.27130127,299.3343506,686.1427612
5/2/2024,198.3695831,51.13378906,297.7630615,746.3653564
5/3/2024,199.7019348,51.25165558,299.5307922,745.3781128
5/7/2024,207.597229,52.76425552,306.4052429,741.0341187
5/8/2024,208.8802185,52.98033905,311.3155823,741.8239746
5/9/2024,210.4592743,52.98033905,312.1012268,745.180603
5/10/2024,211.150116,53.33393478,313.5743408,765.12323
5/13/2024,211.7422638,53.33393478,314.2618103,766.1104736
5/14/2024,214.3575897,53.56966782,317.7972412,768.4799194
5/15/2024,210.3112488,53.53038025,320.5470276,764.3334351
5/16/2024,212.087677,54.04112625,320.5470276,775.7855835
5/17/2024,213.9134827,54.53223419,315.243866,771.6390991
5/20/2024,213.9134827,55.20013428,311.3155823,774.6008301
5/21/2024,214.7030029,55.18048859,309.4496765,768.8747559
5/22/2024,208.6828308,55.37693405,307.8783569,762.7537842
5/23/2024,212.1863708,54.78760529,301.6913452,765.5181274
5/24/2024,213.3213196,53.82504272,301.9859619,767.8875122
5/28/2024,216.2327271,54.59116745,303.8518677,764.3334351
5/29/2024,211.3474884,53.76610947,304.5393372,760.5818481
5/30/2024,215.6899261,54.55187607,310.5299377,771.4416504
5/31/2024,217.1209412,54.53223419,309.3514709,767.4926758
6/3/2024,216.3314056,54.41436768,313.9671936,766.5053711
6/4/2024,212.1863708,54.65009689,307.8783569,725.8304443
6/5/2024,209.8671265,53.76610947,306.7980652,731.3590698
6/6/2024,213.3213196,54.65009689,313.083313,734.913208
6/7/2024,214.4069366,53.82504272,311.2173767,736.4927979
6/10/2024,211.9396515,53.25536346,305.3249817,743.6010742
6/11/2024,206.3142395,52.43030548,298.3522949,712.0088501
6/12/2024,205.9688263,54.00183868,304.5393372,732.3463135
6/13/2024,202.465271,53.09820938,302.7715759,722.2763062
6/14/2024,199.3565063,53.21607208,301.6913452,714.9706421
6/17/2024,202.2185516,53.56966782,302.4769897,710.8241577
6/18/2024,203.3041534,54.04112625,304.6375427,712.798645
6/19/2024,203.9949951,54.23757172,306.8963013,712.798645
6/20/2024,205.3273315,55.08227158,314.7528381,726.0278931
6/21/2024,202.16922,54.57152176,309.1550293,713.7858887
6/24/2024,204.8338776,54.68938446,310.0389099,722.4737549
6/25/2024,203.4521942,54.55187607,304.4411316,719.1171265
6/26/2024,203.1561279,54.80725098,305.4231873,716.7476807
6/27/2024,207.0050812,55.08227158,307.6819153,712.6011963
6/28/2024,206.1661987,53.76610947,306.2088318,706.8751221
7/1/2024,210.4099274,54.6304512,309.3514709,722.8686523
7/2/2024,207.9919891,53.96255112,311.4138184,703.5184326
7/3/2024,215.2951508,54.88582993,315.7348938,713.3909912
7/4/2024,221.4140167,56.26091766,319.9577942,729.77948
7/5/2024,217.6637421,57.24312592,318.975708,713.7858887
7/8/2024,219.1441193,57.96996307,323.4932251,708.2573242
7/9/2024,213.9134827,56.81095505,316.8151855,700.1618042
7/10/2024,216.6768341,57.06632996,316.9133911,712.2062988
7/11/2024,219.6869202,58.08782578,320.9398499,710.2318115
7/12/2024,219.5388794,58.04853821,317.7972412,714.1808472
7/15/2024,222.7957001,57.75387573,317.0115662,718.1298828
7/16/2024,224.3747711,57.45921326,320.8416748,716.9451294
7/17/2024,227.6809082,57.73423004,322.5111694,727.0151367
7/18/2024,225.6083984,58.14676285,330.2695007,721.0916138
7/19/2024,225.6577454,58.08782578,329.4838562,715.760437
7/22/2024,227.8289642,57.93067551,332.5282593,721.0916138
7/23/2024,227.4835358,58.4610672,333.9031677,715.3654785
7/24/2024,225.4110107,58.59857559,331.447998,712.2062988
7/25/2024,224.9175568,59.56114197,332.0372314,712.6011963
7/26/2024,228.3717499,59.58078384,355.4104614,713.7858887
7/29/2024,229.7040863,60.01295471,364.7400818,717.5374756
7/30/2024,230.9870758,58.63786697,360.1243896,760.1869507
7/31/2024,230.7403564,58.52000046,361.4992676,757.4226074
8/1/2024,219.9829865,56.15999985,332.3318481,712.2062988
8/2/2024,206.3636017,55.34000015,319.7613831,680.2192383
8/5/2024,203.5015411,54.56000137,316.6187439,678.0472412
8/6/2024,205.4753571,55.15999985,317.2080078,678.2446899
8/7/2024,211.9396515,57,328.6000061,697.2000122
8/8/2024,211.1994629,57.08000183,328.3999939,701
8/9/2024,215.3938446,56.95999908,333,715.4000244
8/12/2024,217.219635,56.79999924,334.6000061,722
8/13/2024,216.3807526,56.90000153,337.2000122,731.7999878
8/14/2024,218.7000122,57.31999969,340.2999878,733.5999756
8/15/2024,227.75,58.47999954,345.8999939,760.7999878
8/16/2024,228.3000031,58.90000153,348.7000122,762.4000244
8/19/2024,229,59.22000122,352,762
8/20/2024,226,58.38000107,347.2999878,750
8/21/2024,224.8500061,58.29999924,346.5,744.5999756
8/22/2024,225.3999939,58.29999924,344.8999939,756
8/23/2024,230.4499969,59.40000153,345.7000122,765.5999756
8/27/2024,230.1999969,59.20000076,349.3999939,771.5999756
8/28/2024,223.8999939,58.18000031,338,767.7999878
8/29/2024,226.0500031,58.34000015,343,776.5999756
8/30/2024,228.3999939,58.5,345.2000122,779.4000244
9/2/2024,227.1499939,58.11999893,342.8999939,771.4000244
9/3/2024,223.0500031,57.25999832,333.7000122,754
9/4/2024,223.6999969,57.06000137,335.6000061,750
9/5/2024,228.5500031,57.58000183,339.2000122,763.5999756
9/6/2024,220.8500061,56.41999817,328.3999939,750.2000122
9/9/2024,224,57.25999832,333.7999878,763
9/10/2024,216.6999969,56.47999954,325.7999878,749.7999878
9/11/2024,215.1499939,57.43999863,330.6000061,756
9/12/2024,218.6000061,57.90000153,332.1000061,759
9/13/2024,221.1499939,58.04000092,336,763.4000244
9/16/2024,221,58.15999985,336.6000061,759.4000244
9/17/2024,225,58.58000183,341.2000122,769.5999756
9/18/2024,223.5,57.88000107,335,775.2000122
9/19/2024,227.6499939,58.5,341.3999939,779.5999756
9/20/2024,226.75,58.20000076,337.7000122,759.4000244
9/23/2024,223.1999969,58.09999847,336.1000061,757.4000244
9/24/2024,226.3999939,59.27999878,341.2999878,780.2000122
9/25/2024,223.1999969,58.18000031,338,763.2000122
9/26/2024,227.0500031,58.97999954,346.2999878,803.5999756
9/27/2024,229.25,59.40000153,346.3999939,807.4000244
9/30/2024,224.5500031,58.79999924,343.8999939,793
10/1/2024,219.6999969,58.20000076,340.3999939,779.2000122
10/2/2024,220.1999969,57.65999985,334.1000061,795.4000244
10/3/2024,219.3500061,57.43999863,329.7000122,797.4000244
10/4/2024,226.25,58.79999924,342.5,828
10/7/2024,229.6499939,59.15999985,354.2999878,840.5999756
10/8/2024,228.4499969,58.25999832,348.6000061,821.7999878
10/9/2024,230.6499939,59.24000168,349.7999878,831
10/10/2024,231.1499939,59.43999863,351.8999939,834.4000244
10/11/2024,235.8500061,59.93999863,353,841.5999756
10/14/2024,232.8999939,59.63999939,353,839.4000244
10/15/2024,234.0500031,60.08000183,355,822
10/16/2024,237.0500031,61.20000076,355.1000061,824.2000122
10/17/2024,245.1000061,61.86000061,362.7999878,837
10/18/2024,242.25,62.18000031,360.7000122,838.4000244
10/21/2024,239.75,61.79999924,356.7000122,836.5999756
10/22/2024,242.1999969,62,358.7000122,847.2000122
10/23/2024,238.1499939,61.61999893,356.2999878,842.2000122
10/24/2024,248.0500031,62.20000076,361.7999878,859
10/25/2024,241.3999939,57.65999985,363.8999939,853
10/28/2024,241.8000031,56.11999893,370.2000122,865.7999878
10/29/2024,238.8000031,54.54000092,364.5,876.4000244
10/30/2024,242.1000061,53.65999985,367.7000122,912.5999756
10/31/2024,237.5,53.40000153,367.7000122,900.4000244
11/1/2024,240.6000061,54.41999817,375.2999878,913.7999878
11/4/2024,243.5,54.81999969,385.1000061,919.7999878
11/5/2024,244.8999939,54.86000061,386.7000122,932.2000122
11/6/2024,258.1499939,54.75999832,390.2999878,942.7999878
11/7/2024,253.8500061,54.54000092,382.5,938.4000244
11/8/2024,251.5,53.08000183,380.7999878,924
11/11/2024,260.6499939,54.54000092,395,941
11/12/2024,257.5,53.86000061,387.6000061,923.4000244
11/13/2024,258.8500061,54.59999847,389.2000122,945
11/14/2024,256.6000061,55.04000092,390.7999878,938.5999756
11/15/2024,259.3500061,56.47999954,393.1000061,943.4000244
11/18/2024,260.8500061,56.24000168,395.7000122,947.4000244
11/19/2024,255.8500061,55.31999969,392,947
11/20/2024,258.9500122,55.41999817,397,947
11/21/2024,262.6499939,55.02000046,400.5,959
11/22/2024,257.2000122,54.41999817,390.7000122,945.5999756
11/25/2024,263.6499939,54.65999985,394.6000061,965.7999878
11/26/2024,260.9500122,53.41999817,391.5,959.7999878
11/27/2024,258.9500122,53.18000031,392.5,973.4000244
11/28/2024,265.1000061,53.25999832,398.8999939,979.4000244
11/29/2024,263.7999878,53.06000137,402.7000122,972.4000244
12/2/2024,262.8500061,52.81999969,406.6000061,977.7999878
12/3/2024,264.6000061,52.93999863,407.7000122,965.7999878
12/4/2024,262.1000061,53,406.6000061,967.7999878
12/5/2024,267.5499878,53.65999985,412.5,970.4000244
12/6/2024,264.7999878,53.08000183,413.8999939,973.5999756
12/9/2024,267.5499878,53.24000168,415.2000122,989.2000122
12/10/2024,264.2000122,52.93999863,410,987.7999878
12/11/2024,266.6499939,54.22000122,409.2999878,989
12/12/2024,270.7000122,55,409.2000122,991.5999756
12/13/2024,269.3999939,55.38000107,405.5,996.7999878
12/16/2024,270.2999878,55.38000107,406.2000122,991.4000244
12/17/2024,264.5499878,54.22000122,399.2999878,990
12/18/2024,267.0499878,54.81999969,403.6000061,1000.5
12/19/2024,260.25,54.29999924,400,983.5999756
12/20/2024,260.25,54.20000076,395.5,972
12/23/2024,261.6000061,53.95999908,397,980.7999878
12/24/2024,263.5499878,54.22000122,399.7999878,990.7999878
12/27/2024,264.8999939,54.36000061,400.3999939,982.5999756
12/30/2024,264.75,54.41999817,400,984.7999878
